period_date,country,product,segment,department,account,version,currency,source,amount
2014-01-01,Canada,Amarilla,Enterprise,,COGS,ACTUAL_WITH_EVENTS,USD,controlled_event_benchmark_v1,199080.0
2014-01-01,Canada,Amarilla,Enterprise,,DISCOUNT,ACTUAL_WITH_EVENTS,USD,controlled_event_benchmark_v1,26958.75
2014-01-01,Canada,Amarilla,Enterprise,,GROSS_PROFIT,ACTUAL_WITH_EVENTS,USD,controlled_event_benchmark_v1,-18663.75
2014-01-01,Canada,Amarilla,Enterprise,,GROSS_SALES,ACTUAL_WITH_EVENTS,USD,controlled_event_benchmark_v1,207375.0
2014-01-01,Canada,Amarilla,Enterprise,,REVENUE,ACTUAL_WITH_EVENTS,USD,controlled_event_benchmark_v1,180416.25
2014-01-01,Canada,Carretera,Government,,COGS,ACTUAL_WITH_EVENTS,USD,controlled_event_benchmark_v1,16185.0
2014-01-01,Canada,Carretera,Government,,DISCOUNT,ACTUAL_WITH_EVENTS,USD,controlled_event_benchmark_v1,0.0
2014-01-01,Canada,Carretera,Government,,GROSS_PROFIT,ACTUAL_WITH_EVENTS,USD,controlled_event_benchmark_v1,16185.0
2014-01-01,Canada,Carretera,Government,,GROSS_SALES,ACTUAL_WITH_EVENTS,USD,controlled_event_benchmark_v1,32370.0
2014-01-01,Canada,Carretera,Government,,REVENUE,ACTUAL_WITH_EVENTS,USD,controlled_event_benchmark_v1,32370.0
2014-01-01,Canada,Montana,Government,,COGS,ACTUAL_WITH_EVENTS,USD,controlled_event_benchmark_v1,579150.0
2014-01-01,Canada,Montana,Government,,DISCOUNT,ACTUAL_WITH_EVENTS,USD,controlled_event_benchmark_v1,109147.50000000001
2014-01-01,Canada,Montana,Government,,GROSS_PROFIT,ACTUAL_WITH_EVENTS,USD,controlled_event_benchmark_v1,91327.5
2014-01-01,Canada,Montana,Government,,GROSS_SALES,ACTUAL_WITH_EVENTS,USD,controlled_event_benchmark_v1,779625.0
2014-01-01,Canada,Montana,Government,,REVENUE,ACTUAL_WITH_EVENTS,USD,controlled_event_benchmark_v1,670477.5
2014-01-01,Canada,Paseo,Government,,COGS,ACTUAL_WITH_EVENTS,USD,controlled_event_benchmark_v1,21255.0
2014-01-01,Canada,Paseo,Government,,DISCOUNT,ACTUAL_WITH_EVENTS,USD,controlled_event_benchmark_v1,1190.28
2014-01-01,Canada,Paseo,Government,,GROSS_PROFIT,ACTUAL_WITH_EVENTS,USD,controlled_event_benchmark_v1,7311.720000000001
2014-01-01,Canada,Paseo,Government,,GROSS_SALES,ACTUAL_WITH_EVENTS,USD,controlled_event_benchmark_v1,29757.0
2014-01-01,Canada,Paseo,Government,,REVENUE,ACTUAL_WITH_EVENTS,USD,controlled_event_benchmark_v1,28566.72
2014-01-01,Canada,Paseo,Small Business,,COGS,ACTUAL_WITH_EVENTS,USD,controlled_event_benchmark_v1,218250.0
2014-01-01,Canada,Paseo,Small Business,,DISCOUNT,ACTUAL_WITH_EVENTS,USD,controlled_event_benchmark_v1,28809.0
2014-01-01,Canada,Paseo,Small Business,,GROSS_PROFIT,ACTUAL_WITH_EVENTS,USD,controlled_event_benchmark_v1,14841.0
2014-01-01,Canada,Paseo,Small Business,,GROSS_SALES,ACTUAL_WITH_EVENTS,USD,controlled_event_benchmark_v1,261900.0
2014-01-01,Canada,Paseo,Small Business,,REVENUE,ACTUAL_WITH_EVENTS,USD,controlled_event_benchmark_v1,233091.0
2014-01-01,Canada,VTT,Channel Partners,,COGS,ACTUAL_WITH_EVENTS,USD,controlled_event_benchmark_v1,9733.5
2014-01-01,Canada,VTT,Channel Partners,,DISCOUNT,ACTUAL_WITH_EVENTS,USD,controlled_event_benchmark_v1,2725.38
2014-01-01,Canada,VTT,Channel Partners,,GROSS_PROFIT,ACTUAL_WITH_EVENTS,USD,controlled_event_benchmark_v1,26475.120000000003
2014-01-01,Canada,VTT,Channel Partners,,GROSS_SALES,ACTUAL_WITH_EVENTS,USD,controlled_event_benchmark_v1,38934.0
2014-01-01,Canada,VTT,Channel Partners,,REVENUE,ACTUAL_WITH_EVENTS,USD,controlled_event_benchmark_v1,36208.62
2014-01-01,Canada,Velo,Midmarket,,COGS,ACTUAL_WITH_EVENTS,USD,controlled_event_benchmark_v1,3840.0
2014-01-01,Canada,Velo,Midmarket,,DISCOUNT,ACTUAL_WITH_EVENTS,USD,controlled_event_benchmark_v1,633.5999999999995
2014-01-01,Canada,Velo,Midmarket,,GROSS_PROFIT,ACTUAL_WITH_EVENTS,USD,controlled_event_benchmark_v1,1286.4000000000005
2014-01-01,Canada,Velo,Midmarket,,GROSS_SALES,ACTUAL_WITH_EVENTS,USD,controlled_event_benchmark_v1,5760.0
2014-01-01,Canada,Velo,Midmarket,,REVENUE,ACTUAL_WITH_EVENTS,USD,controlled_event_benchmark_v1,5126.400000000001
2014-01-01,Canada,,,Finance & G&A,OPEX_GNA,ACTUAL_WITH_EVENTS,USD,controlled_event_opex_v1,51135.16670149384
2014-01-01,Canada,,,Marketing,OPEX_MARKETING,ACTUAL_WITH_EVENTS,USD,controlled_event_opex_v1,70828.54638221265
2014-01-01,Canada,,,Operations,OPEX_OPERATIONS,ACTUAL_WITH_EVENTS,USD,controlled_event_opex_v1,47908.77470933772
2014-01-01,Canada,,,R&D,OPEX_RND,ACTUAL_WITH_EVENTS,USD,controlled_event_opex_v1,61786.582765084706
2014-01-01,Canada,,,Sales,OPEX_SALES,ACTUAL_WITH_EVENTS,USD,controlled_event_opex_v1,69517.63408631981
2014-01-01,Canada,,,,EBITDA,ACTUAL_WITH_EVENTS,USD,derived_controlled_event_v1,-162413.71464444872
2014-01-01,Canada,,,,OPEX_TOTAL,ACTUAL_WITH_EVENTS,USD,controlled_event_opex_v1,301176.7046444487
2014-01-01,France,Amarilla,Enterprise,,COGS,ACTUAL_WITH_EVENTS,USD,controlled_event_benchmark_v1,238500.0
2014-01-01,France,Amarilla,Enterprise,,DISCOUNT,ACTUAL_WITH_EVENTS,USD,controlled_event_benchmark_v1,14906.25
2014-01-01,France,Amarilla,Enterprise,,GROSS_PROFIT,ACTUAL_WITH_EVENTS,USD,controlled_event_benchmark_v1,-4968.75
2014-01-01,France,Amarilla,Enterprise,,GROSS_SALES,ACTUAL_WITH_EVENTS,USD,controlled_event_benchmark_v1,248437.5
2014-01-01,France,Amarilla,Enterprise,,REVENUE,ACTUAL_WITH_EVENTS,USD,controlled_event_benchmark_v1,233531.25
2014-01-01,France,Carretera,Government,,COGS,ACTUAL_WITH_EVENTS,USD,controlled_event_benchmark_v1,25215.0
2014-01-01,France,Carretera,Government,,DISCOUNT,ACTUAL_WITH_EVENTS,USD,controlled_event_benchmark_v1,6051.599999999999
2014-01-01,France,Carretera,Government,,GROSS_PROFIT,ACTUAL_WITH_EVENTS,USD,controlled_event_benchmark_v1,19163.4
2014-01-01,France,Carretera,Government,,GROSS_SALES,ACTUAL_WITH_EVENTS,USD,controlled_event_benchmark_v1,50430.0
2014-01-01,France,Carretera,Government,,REVENUE,ACTUAL_WITH_EVENTS,USD,controlled_event_benchmark_v1,44378.4
2014-01-01,France,Montana,Government,,COGS,ACTUAL_WITH_EVENTS,USD,controlled_event_benchmark_v1,359970.0
2014-01-01,France,Montana,Government,,DISCOUNT,ACTUAL_WITH_EVENTS,USD,controlled_event_benchmark_v1,24228.75
2014-01-01,France,Montana,Government,,GROSS_PROFIT,ACTUAL_WITH_EVENTS,USD,controlled_event_benchmark_v1,100376.25
2014-01-01,France,Montana,Government,,GROSS_SALES,ACTUAL_WITH_EVENTS,USD,controlled_event_benchmark_v1,484575.0
2014-01-01,France,Montana,Government,,REVENUE,ACTUAL_WITH_EVENTS,USD,controlled_event_benchmark_v1,460346.25
2014-01-01,France,Paseo,Government,,COGS,ACTUAL_WITH_EVENTS,USD,controlled_event_benchmark_v1,19725.0
2014-01-01,France,Paseo,Government,,DISCOUNT,ACTUAL_WITH_EVENTS,USD,controlled_event_benchmark_v1,276.14999999999725
2014-01-01,France,Paseo,Government,,GROSS_PROFIT,ACTUAL_WITH_EVENTS,USD,controlled_event_benchmark_v1,7613.850000000002
2014-01-01,France,Paseo,Government,,GROSS_SALES,ACTUAL_WITH_EVENTS,USD,controlled_event_benchmark_v1,27615.0
2014-01-01,France,Paseo,Government,,REVENUE,ACTUAL_WITH_EVENTS,USD,controlled_event_benchmark_v1,27338.850000000002
2014-01-01,France,Paseo,Small Business,,COGS,ACTUAL_WITH_EVENTS,USD,controlled_event_benchmark_v1,608625.0
2014-01-01,France,Paseo,Small Business,,DISCOUNT,ACTUAL_WITH_EVENTS,USD,controlled_event_benchmark_v1,21910.5
2014-01-01,France,Paseo,Small Business,,GROSS_PROFIT,ACTUAL_WITH_EVENTS,USD,controlled_event_benchmark_v1,99814.5
2014-01-01,France,Paseo,Small Business,,GROSS_SALES,ACTUAL_WITH_EVENTS,USD,controlled_event_benchmark_v1,730350.0
2014-01-01,France,Paseo,Small Business,,REVENUE,ACTUAL_WITH_EVENTS,USD,controlled_event_benchmark_v1,708439.5
2014-01-01,France,VTT,Channel Partners,,COGS,ACTUAL_WITH_EVENTS,USD,controlled_event_benchmark_v1,5202.0
2014-01-01,France,VTT,Channel Partners,,DISCOUNT,ACTUAL_WITH_EVENTS,USD,controlled_event_benchmark_v1,2288.88
2014-01-01,France,VTT,Channel Partners,,GROSS_PROFIT,ACTUAL_WITH_EVENTS,USD,controlled_event_benchmark_v1,13317.119999999999
2014-01-01,France,VTT,Channel Partners,,GROSS_SALES,ACTUAL_WITH_EVENTS,USD,controlled_event_benchmark_v1,20808.0
2014-01-01,France,VTT,Channel Partners,,REVENUE,ACTUAL_WITH_EVENTS,USD,controlled_event_benchmark_v1,18519.12
2014-01-01,France,Velo,Midmarket,,COGS,ACTUAL_WITH_EVENTS,USD,controlled_event_benchmark_v1,39975.0
2014-01-01,France,Velo,Midmarket,,DISCOUNT,ACTUAL_WITH_EVENTS,USD,controlled_event_benchmark_v1,7795.125
2014-01-01,France,Velo,Midmarket,,GROSS_PROFIT,ACTUAL_WITH_EVENTS,USD,controlled_event_benchmark_v1,12192.375
2014-01-01,France,Velo,Midmarket,,GROSS_SALES,ACTUAL_WITH_EVENTS,USD,controlled_event_benchmark_v1,59962.5
2014-01-01,France,Velo,Midmarket,,REVENUE,ACTUAL_WITH_EVENTS,USD,controlled_event_benchmark_v1,52167.375
2014-01-01,France,,,Finance & G&A,OPEX_GNA,ACTUAL_WITH_EVENTS,USD,controlled_event_opex_v1,67985.95804821231
2014-01-01,France,,,Marketing,OPEX_MARKETING,ACTUAL_WITH_EVENTS,USD,controlled_event_opex_v1,111136.27057933231
2014-01-01,France,,,Operations,OPEX_OPERATIONS,ACTUAL_WITH_EVENTS,USD,controlled_event_opex_v1,65090.70739679332
2014-01-01,France,,,R&D,OPEX_RND,ACTUAL_WITH_EVENTS,USD,controlled_event_opex_v1,84191.68184534564
2014-01-01,France,,,Sales,OPEX_SALES,ACTUAL_WITH_EVENTS,USD,controlled_event_opex_v1,98690.07123422205
2014-01-01,France,,,,EBITDA,ACTUAL_WITH_EVENTS,USD,derived_controlled_event_v1,-179585.94410390564
2014-01-01,France,,,,OPEX_TOTAL,ACTUAL_WITH_EVENTS,USD,controlled_event_opex_v1,427094.68910390564
2014-01-01,Germany,Amarilla,Enterprise,,COGS,ACTUAL_WITH_EVENTS,USD,controlled_event_benchmark_v1,379800.0
2014-01-01,Germany,Amarilla,Enterprise,,DISCOUNT,ACTUAL_WITH_EVENTS,USD,controlled_event_benchmark_v1,43518.75
2014-01-01,Germany,Amarilla,Enterprise,,GROSS_PROFIT,ACTUAL_WITH_EVENTS,USD,controlled_event_benchmark_v1,-27693.75
2014-01-01,Germany,Amarilla,Enterprise,,GROSS_SALES,ACTUAL_WITH_EVENTS,USD,controlled_event_benchmark_v1,395625.0
2014-01-01,Germany,Amarilla,Enterprise,,REVENUE,ACTUAL_WITH_EVENTS,USD,controlled_event_benchmark_v1,352106.25
2014-01-01,Germany,Carretera,Government,,COGS,ACTUAL_WITH_EVENTS,USD,controlled_event_benchmark_v1,13210.0
2014-01-01,Germany,Carretera,Government,,DISCOUNT,ACTUAL_WITH_EVENTS,USD,controlled_event_benchmark_v1,0.0
2014-01-01,Germany,Carretera,Government,,GROSS_PROFIT,ACTUAL_WITH_EVENTS,USD,controlled_event_benchmark_v1,13210.0
2014-01-01,Germany,Carretera,Government,,GROSS_SALES,ACTUAL_WITH_EVENTS,USD,controlled_event_benchmark_v1,26420.0
2014-01-01,Germany,Carretera,Government,,REVENUE,ACTUAL_WITH_EVENTS,USD,controlled_event_benchmark_v1,26420.0
2014-01-01,Germany,Montana,Government,,COGS,ACTUAL_WITH_EVENTS,USD,controlled_event_benchmark_v1,199160.0
2014-01-01,Germany,Montana,Government,,DISCOUNT,ACTUAL_WITH_EVENTS,USD,controlled_event_benchmark_v1,29491.0
2014-01-01,Germany,Montana,Government,,GROSS_PROFIT,ACTUAL_WITH_EVENTS,USD,controlled_event_benchmark_v1,39449.0
2014-01-01,Germany,Montana,Government,,GROSS_SALES,ACTUAL_WITH_EVENTS,USD,controlled_event_benchmark_v1,268100.0
2014-01-01,Germany,Montana,Government,,REVENUE,ACTUAL_WITH_EVENTS,USD,controlled_event_benchmark_v1,238609.0
2014-01-01,Germany,Paseo,Government,,COGS,ACTUAL_WITH_EVENTS,USD,controlled_event_benchmark_v1,6860.0
2014-01-01,Germany,Paseo,Government,,DISCOUNT,ACTUAL_WITH_EVENTS,USD,controlled_event_benchmark_v1,480.199999999999
2014-01-01,Germany,Paseo,Government,,GROSS_PROFIT,ACTUAL_WITH_EVENTS,USD,controlled_event_benchmark_v1,2263.800000000001
2014-01-01,Germany,Paseo,Government,,GROSS_SALES,ACTUAL_WITH_EVENTS,USD,controlled_event_benchmark_v1,9604.0
2014-01-01,Germany,Paseo,Government,,REVENUE,ACTUAL_WITH_EVENTS,USD,controlled_event_benchmark_v1,9123.800000000001
2014-01-01,Germany,Paseo,Small Business,,COGS,ACTUAL_WITH_EVENTS,USD,controlled_event_benchmark_v1,201750.0
2014-01-01,Germany,Paseo,Small Business,,DISCOUNT,ACTUAL_WITH_EVENTS,USD,controlled_event_benchmark_v1,31473.0
2014-01-01,Germany,Paseo,Small Business,,GROSS_PROFIT,ACTUAL_WITH_EVENTS,USD,controlled_event_benchmark_v1,8877.0
2014-01-01,Germany,Paseo,Small Business,,GROSS_SALES,ACTUAL_WITH_EVENTS,USD,controlled_event_benchmark_v1,242100.0
2014-01-01,Germany,Paseo,Small Business,,REVENUE,ACTUAL_WITH_EVENTS,USD,controlled_event_benchmark_v1,210627.0
2014-01-01,Germany,VTT,Channel Partners,,COGS,ACTUAL_WITH_EVENTS,USD,controlled_event_benchmark_v1,7437.0
2014-01-01,Germany,VTT,Channel Partners,,DISCOUNT,ACTUAL_WITH_EVENTS,USD,controlled_event_benchmark_v1,892.4399999999999
2014-01-01,Germany,VTT,Channel Partners,,GROSS_PROFIT,ACTUAL_WITH_EVENTS,USD,controlled_event_benchmark_v1,21418.56
2014-01-01,Germany,VTT,Channel Partners,,GROSS_SALES,ACTUAL_WITH_EVENTS,USD,controlled_event_benchmark_v1,29748.0
2014-01-01,Germany,VTT,Channel Partners,,REVENUE,ACTUAL_WITH_EVENTS,USD,controlled_event_benchmark_v1,28855.56
2014-01-01,Germany,Velo,Midmarket,,COGS,ACTUAL_WITH_EVENTS,USD,controlled_event_benchmark_v1,6810.0
2014-01-01,Germany,Velo,Midmarket,,DISCOUNT,ACTUAL_WITH_EVENTS,USD,controlled_event_benchmark_v1,1021.5
2014-01-01,Germany,Velo,Midmarket,,GROSS_PROFIT,ACTUAL_WITH_EVENTS,USD,controlled_event_benchmark_v1,2383.5
2014-01-01,Germany,Velo,Midmarket,,GROSS_SALES,ACTUAL_WITH_EVENTS,USD,controlled_event_benchmark_v1,10215.0
2014-01-01,Germany,Velo,Midmarket,,REVENUE,ACTUAL_WITH_EVENTS,USD,controlled_event_benchmark_v1,9193.5
2014-01-01,Germany,,,Finance & G&A,OPEX_GNA,ACTUAL_WITH_EVENTS,USD,controlled_event_opex_v1,40457.94564494676
2014-01-01,Germany,,,Marketing,OPEX_MARKETING,ACTUAL_WITH_EVENTS,USD,controlled_event_opex_v1,54730.54469931051
2014-01-01,Germany,,,Operations,OPEX_OPERATIONS,ACTUAL_WITH_EVENTS,USD,controlled_event_opex_v1,36294.12395387216
2014-01-01,Germany,,,R&D,OPEX_RND,ACTUAL_WITH_EVENTS,USD,controlled_event_opex_v1,49041.08085112423
2014-01-01,Germany,,,Sales,OPEX_SALES,ACTUAL_WITH_EVENTS,USD,controlled_event_opex_v1,55302.60818458749
2014-01-01,Germany,,,,EBITDA,ACTUAL_WITH_EVENTS,USD,derived_controlled_event_v1,-175918.19333384116
2014-01-01,Germany,,,,OPEX_TOTAL,ACTUAL_WITH_EVENTS,USD,controlled_event_opex_v1,235826.30333384115
2014-01-01,Mexico,Amarilla,Government,,COGS,ACTUAL_WITH_EVENTS,USD,controlled_event_benchmark_v1,26290.0
2014-01-01,Mexico,Amarilla,Government,,DISCOUNT,ACTUAL_WITH_EVENTS,USD,controlled_event_benchmark_v1,5783.8
2014-01-01,Mexico,Amarilla,Government,,GROSS_PROFIT,ACTUAL_WITH_EVENTS,USD,controlled_event_benchmark_v1,20506.199999999997
2014-01-01,Mexico,Amarilla,Government,,GROSS_SALES,ACTUAL_WITH_EVENTS,USD,controlled_event_benchmark_v1,52580.0
2014-01-01,Mexico,Amarilla,Government,,REVENUE,ACTUAL_WITH_EVENTS,USD,controlled_event_benchmark_v1,46796.2
2014-01-01,Mexico,Montana,Channel Partners,,COGS,ACTUAL_WITH_EVENTS,USD,controlled_event_benchmark_v1,7020.0
2014-01-01,Mexico,Montana,Channel Partners,,DISCOUNT,ACTUAL_WITH_EVENTS,USD,controlled_event_benchmark_v1,1965.5999999999972
2014-01-01,Mexico,Montana,Channel Partners,,GROSS_PROFIT,ACTUAL_WITH_EVENTS,USD,controlled_event_benchmark_v1,19094.4
2014-01-01,Mexico,Montana,Channel Partners,,GROSS_SALES,ACTUAL_WITH_EVENTS,USD,controlled_event_benchmark_v1,28080.0
2014-01-01,Mexico,Montana,Channel Partners,,REVENUE,ACTUAL_WITH_EVENTS,USD,controlled_event_benchmark_v1,26114.4
2014-01-01,Mexico,Paseo,Government,,COGS,ACTUAL_WITH_EVENTS,USD,controlled_event_benchmark_v1,628420.0
2014-01-01,Mexico,Paseo,Government,,DISCOUNT,ACTUAL_WITH_EVENTS,USD,controlled_event_benchmark_v1,76135.5
2014-01-01,Mexico,Paseo,Government,,GROSS_PROFIT,ACTUAL_WITH_EVENTS,USD,controlled_event_benchmark_v1,141394.5
2014-01-01,Mexico,Paseo,Government,,GROSS_SALES,ACTUAL_WITH_EVENTS,USD,controlled_event_benchmark_v1,845950.0
2014-01-01,Mexico,Paseo,Government,,REVENUE,ACTUAL_WITH_EVENTS,USD,controlled_event_benchmark_v1,769814.5
2014-01-01,Mexico,Paseo,Small Business,,COGS,ACTUAL_WITH_EVENTS,USD,controlled_event_benchmark_v1,641250.0
2014-01-01,Mexico,Paseo,Small Business,,DISCOUNT,ACTUAL_WITH_EVENTS,USD,controlled_event_benchmark_v1,69255.0
2014-01-01,Mexico,Paseo,Small Business,,GROSS_PROFIT,ACTUAL_WITH_EVENTS,USD,controlled_event_benchmark_v1,58995.0
2014-01-01,Mexico,Paseo,Small Business,,GROSS_SALES,ACTUAL_WITH_EVENTS,USD,controlled_event_benchmark_v1,769500.0
2014-01-01,Mexico,Paseo,Small Business,,REVENUE,ACTUAL_WITH_EVENTS,USD,controlled_event_benchmark_v1,700245.0
2014-01-01,Mexico,VTT,Enterprise,,COGS,ACTUAL_WITH_EVENTS,USD,controlled_event_benchmark_v1,66480.0
2014-01-01,Mexico,VTT,Enterprise,,DISCOUNT,ACTUAL_WITH_EVENTS,USD,controlled_event_benchmark_v1,7617.5
2014-01-01,Mexico,VTT,Enterprise,,GROSS_PROFIT,ACTUAL_WITH_EVENTS,USD,controlled_event_benchmark_v1,-4847.5
2014-01-01,Mexico,VTT,Enterprise,,GROSS_SALES,ACTUAL_WITH_EVENTS,USD,controlled_event_benchmark_v1,69250.0
2014-01-01,Mexico,VTT,Enterprise,,REVENUE,ACTUAL_WITH_EVENTS,USD,controlled_event_benchmark_v1,61632.5
2014-01-01,Mexico,Velo,Government,,COGS,ACTUAL_WITH_EVENTS,USD,controlled_event_benchmark_v1,7465.0
2014-01-01,Mexico,Velo,Government,,DISCOUNT,ACTUAL_WITH_EVENTS,USD,controlled_event_benchmark_v1,0.0
2014-01-01,Mexico,Velo,Government,,GROSS_PROFIT,ACTUAL_WITH_EVENTS,USD,controlled_event_benchmark_v1,2986.0
2014-01-01,Mexico,Velo,Government,,GROSS_SALES,ACTUAL_WITH_EVENTS,USD,controlled_event_benchmark_v1,10451.0
2014-01-01,Mexico,Velo,Government,,REVENUE,ACTUAL_WITH_EVENTS,USD,controlled_event_benchmark_v1,10451.0
2014-01-01,Mexico,Velo,Midmarket,,COGS,ACTUAL_WITH_EVENTS,USD,controlled_event_benchmark_v1,28610.0
2014-01-01,Mexico,Velo,Midmarket,,DISCOUNT,ACTUAL_WITH_EVENTS,USD,controlled_event_benchmark_v1,2145.75
2014-01-01,Mexico,Velo,Midmarket,,GROSS_PROFIT,ACTUAL_WITH_EVENTS,USD,controlled_event_benchmark_v1,12159.25
2014-01-01,Mexico,Velo,Midmarket,,GROSS_SALES,ACTUAL_WITH_EVENTS,USD,controlled_event_benchmark_v1,42915.0
2014-01-01,Mexico,Velo,Midmarket,,REVENUE,ACTUAL_WITH_EVENTS,USD,controlled_event_benchmark_v1,40769.25
2014-01-01,Mexico,,,Finance & G&A,OPEX_GNA,ACTUAL_WITH_EVENTS,USD,controlled_event_opex_v1,64493.55516529875
2014-01-01,Mexico,,,Marketing,OPEX_MARKETING,ACTUAL_WITH_EVENTS,USD,controlled_event_opex_v1,91100.17468941829
2014-01-01,Mexico,,,Operations,OPEX_OPERATIONS,ACTUAL_WITH_EVENTS,USD,controlled_event_opex_v1,62336.12174074805
2014-01-01,Mexico,,,R&D,OPEX_RND,ACTUAL_WITH_EVENTS,USD,controlled_event_opex_v1,82184.74808733145
2014-01-01,Mexico,,,Sales,OPEX_SALES,ACTUAL_WITH_EVENTS,USD,controlled_event_opex_v1,89403.54385676794
2014-01-01,Mexico,,,,EBITDA,ACTUAL_WITH_EVENTS,USD,derived_controlled_event_v1,-139230.29353956445
2014-01-01,Mexico,,,,OPEX_TOTAL,ACTUAL_WITH_EVENTS,USD,controlled_event_opex_v1,389518.14353956445
2014-01-01,United States of America,Amarilla,Enterprise,,COGS,ACTUAL_WITH_EVENTS,USD,controlled_event_benchmark_v1,69480.0
2014-01-01,United States of America,Amarilla,Enterprise,,DISCOUNT,ACTUAL_WITH_EVENTS,USD,controlled_event_benchmark_v1,7237.5
2014-01-01,United States of America,Amarilla,Enterprise,,GROSS_PROFIT,ACTUAL_WITH_EVENTS,USD,controlled_event_benchmark_v1,-4342.5
2014-01-01,United States of America,Amarilla,Enterprise,,GROSS_SALES,ACTUAL_WITH_EVENTS,USD,controlled_event_benchmark_v1,72375.0
2014-01-01,United States of America,Amarilla,Enterprise,,REVENUE,ACTUAL_WITH_EVENTS,USD,controlled_event_benchmark_v1,65137.5
2014-01-01,United States of America,Carretera,Government,,COGS,ACTUAL_WITH_EVENTS,USD,controlled_event_benchmark_v1,11175.0
2014-01-01,United States of America,Carretera,Government,,DISCOUNT,ACTUAL_WITH_EVENTS,USD,controlled_event_benchmark_v1,1341.0
2014-01-01,United States of America,Carretera,Government,,GROSS_PROFIT,ACTUAL_WITH_EVENTS,USD,controlled_event_benchmark_v1,9834.0
2014-01-01,United States of America,Carretera,Government,,GROSS_SALES,ACTUAL_WITH_EVENTS,USD,controlled_event_benchmark_v1,22350.0
2014-01-01,United States of America,Carretera,Government,,REVENUE,ACTUAL_WITH_EVENTS,USD,controlled_event_benchmark_v1,21009.0
2014-01-01,United States of America,Montana,Government,,COGS,ACTUAL_WITH_EVENTS,USD,controlled_event_benchmark_v1,255450.0
2014-01-01,United States of America,Montana,Government,,DISCOUNT,ACTUAL_WITH_EVENTS,USD,controlled_event_benchmark_v1,44703.75
2014-01-01,United States of America,Montana,Government,,GROSS_PROFIT,ACTUAL_WITH_EVENTS,USD,controlled_event_benchmark_v1,43721.25
2014-01-01,United States of America,Montana,Government,,GROSS_SALES,ACTUAL_WITH_EVENTS,USD,controlled_event_benchmark_v1,343875.0
2014-01-01,United States of America,Montana,Government,,REVENUE,ACTUAL_WITH_EVENTS,USD,controlled_event_benchmark_v1,299171.25
2014-01-01,United States of America,Paseo,Government,,COGS,ACTUAL_WITH_EVENTS,USD,controlled_event_benchmark_v1,7192.5
2014-01-01,United States of America,Paseo,Government,,DISCOUNT,ACTUAL_WITH_EVENTS,USD,controlled_event_benchmark_v1,1309.035
2014-01-01,United States of America,Paseo,Government,,GROSS_PROFIT,ACTUAL_WITH_EVENTS,USD,controlled_event_benchmark_v1,1567.9650000000001
2014-01-01,United States of America,Paseo,Government,,GROSS_SALES,ACTUAL_WITH_EVENTS,USD,controlled_event_benchmark_v1,10069.5
2014-01-01,United States of America,Paseo,Government,,REVENUE,ACTUAL_WITH_EVENTS,USD,controlled_event_benchmark_v1,8760.465
2014-01-01,United States of America,Paseo,Small Business,,COGS,ACTUAL_WITH_EVENTS,USD,controlled_event_benchmark_v1,873750.0
2014-01-01,United States of America,Paseo,Small Business,,DISCOUNT,ACTUAL_WITH_EVENTS,USD,controlled_event_benchmark_v1,125820.0
2014-01-01,United States of America,Paseo,Small Business,,GROSS_PROFIT,ACTUAL_WITH_EVENTS,USD,controlled_event_benchmark_v1,48930.0
2014-01-01,United States of America,Paseo,Small Business,,GROSS_SALES,ACTUAL_WITH_EVENTS,USD,controlled_event_benchmark_v1,1048500.0
2014-01-01,United States of America,Paseo,Small Business,,REVENUE,ACTUAL_WITH_EVENTS,USD,controlled_event_benchmark_v1,922680.0
2014-01-01,United States of America,VTT,Channel Partners,,COGS,ACTUAL_WITH_EVENTS,USD,controlled_event_benchmark_v1,5868.0
2014-01-01,United States of America,VTT,Channel Partners,,DISCOUNT,ACTUAL_WITH_EVENTS,USD,controlled_event_benchmark_v1,2112.48
2014-01-01,United States of America,VTT,Channel Partners,,GROSS_PROFIT,ACTUAL_WITH_EVENTS,USD,controlled_event_benchmark_v1,15491.52
2014-01-01,United States of America,VTT,Channel Partners,,GROSS_SALES,ACTUAL_WITH_EVENTS,USD,controlled_event_benchmark_v1,23472.0
2014-01-01,United States of America,VTT,Channel Partners,,REVENUE,ACTUAL_WITH_EVENTS,USD,controlled_event_benchmark_v1,21359.52
2014-01-01,United States of America,Velo,Midmarket,,COGS,ACTUAL_WITH_EVENTS,USD,controlled_event_benchmark_v1,5550.0
2014-01-01,United States of America,Velo,Midmarket,,DISCOUNT,ACTUAL_WITH_EVENTS,USD,controlled_event_benchmark_v1,416.25
2014-01-01,United States of America,Velo,Midmarket,,GROSS_PROFIT,ACTUAL_WITH_EVENTS,USD,controlled_event_benchmark_v1,2358.75
2014-01-01,United States of America,Velo,Midmarket,,GROSS_SALES,ACTUAL_WITH_EVENTS,USD,controlled_event_benchmark_v1,8325.0
2014-01-01,United States of America,Velo,Midmarket,,REVENUE,ACTUAL_WITH_EVENTS,USD,controlled_event_benchmark_v1,7908.75
2014-01-01,United States of America,,,Finance & G&A,OPEX_GNA,ACTUAL_WITH_EVENTS,USD,controlled_event_opex_v1,63485.79561918418
2014-01-01,United States of America,,,Marketing,OPEX_MARKETING,ACTUAL_WITH_EVENTS,USD,controlled_event_opex_v1,86940.81668099998
2014-01-01,United States of America,,,Operations,OPEX_OPERATIONS,ACTUAL_WITH_EVENTS,USD,controlled_event_opex_v1,58593.665269327365
2014-01-01,United States of America,,,R&D,OPEX_RND,ACTUAL_WITH_EVENTS,USD,controlled_event_opex_v1,80531.18330105553
2014-01-01,United States of America,,,Sales,OPEX_SALES,ACTUAL_WITH_EVENTS,USD,controlled_event_opex_v1,89327.66573204126
2014-01-01,United States of America,,,,EBITDA,ACTUAL_WITH_EVENTS,USD,derived_controlled_event_v1,-261318.14160260832
2014-01-01,United States of America,,,,OPEX_TOTAL,ACTUAL_WITH_EVENTS,USD,controlled_event_opex_v1,378879.1266026083
2014-02-01,Canada,Amarilla,Government,,COGS,ACTUAL_WITH_EVENTS,USD,controlled_event_benchmark_v1,582400.0
2014-02-01,Canada,Amarilla,Government,,DISCOUNT,ACTUAL_WITH_EVENTS,USD,controlled_event_benchmark_v1,78400.0
2014-02-01,Canada,Amarilla,Government,,GROSS_PROFIT,ACTUAL_WITH_EVENTS,USD,controlled_event_benchmark_v1,123200.0
2014-02-01,Canada,Amarilla,Government,,GROSS_SALES,ACTUAL_WITH_EVENTS,USD,controlled_event_benchmark_v1,784000.0
2014-02-01,Canada,Amarilla,Government,,REVENUE,ACTUAL_WITH_EVENTS,USD,controlled_event_benchmark_v1,705600.0
2014-02-01,Canada,Carretera,Channel Partners,,COGS,ACTUAL_WITH_EVENTS,USD,controlled_event_benchmark_v1,5811.0
2014-02-01,Canada,Carretera,Channel Partners,,DISCOUNT,ACTUAL_WITH_EVENTS,USD,controlled_event_benchmark_v1,2556.84
2014-02-01,Canada,Carretera,Channel Partners,,GROSS_PROFIT,ACTUAL_WITH_EVENTS,USD,controlled_event_benchmark_v1,14876.16
2014-02-01,Canada,Carretera,Channel Partners,,GROSS_SALES,ACTUAL_WITH_EVENTS,USD,controlled_event_benchmark_v1,23244.0
2014-02-01,Canada,Carretera,Channel Partners,,REVENUE,ACTUAL_WITH_EVENTS,USD,controlled_event_benchmark_v1,20687.16
2014-02-01,Canada,Montana,Government,,COGS,ACTUAL_WITH_EVENTS,USD,controlled_event_benchmark_v1,2440.0
2014-02-01,Canada,Montana,Government,,DISCOUNT,ACTUAL_WITH_EVENTS,USD,controlled_event_benchmark_v1,273.2799999999997
2014-02-01,Canada,Montana,Government,,GROSS_PROFIT,ACTUAL_WITH_EVENTS,USD,controlled_event_benchmark_v1,702.7200000000003
2014-02-01,Canada,Montana,Government,,GROSS_SALES,ACTUAL_WITH_EVENTS,USD,controlled_event_benchmark_v1,3416.0
2014-02-01,Canada,Montana,Government,,REVENUE,ACTUAL_WITH_EVENTS,USD,controlled_event_benchmark_v1,3142.7200000000003
2014-02-01,Canada,Paseo,Government,,COGS,ACTUAL_WITH_EVENTS,USD,controlled_event_benchmark_v1,2920.0
2014-02-01,Canada,Paseo,Government,,DISCOUNT,ACTUAL_WITH_EVENTS,USD,controlled_event_benchmark_v1,0.0
2014-02-01,Canada,Paseo,Government,,GROSS_PROFIT,ACTUAL_WITH_EVENTS,USD,controlled_event_benchmark_v1,2920.0
2014-02-01,Canada,Paseo,Government,,GROSS_SALES,ACTUAL_WITH_EVENTS,USD,controlled_event_benchmark_v1,5840.0
2014-02-01,Canada,Paseo,Government,,REVENUE,ACTUAL_WITH_EVENTS,USD,controlled_event_benchmark_v1,5840.0
2014-02-01,Canada,Paseo,Midmarket,,COGS,ACTUAL_WITH_EVENTS,USD,controlled_event_benchmark_v1,23630.0
2014-02-01,Canada,Paseo,Midmarket,,DISCOUNT,ACTUAL_WITH_EVENTS,USD,controlled_event_benchmark_v1,708.9
2014-02-01,Canada,Paseo,Midmarket,,GROSS_PROFIT,ACTUAL_WITH_EVENTS,USD,controlled_event_benchmark_v1,11106.099999999999
2014-02-01,Canada,Paseo,Midmarket,,GROSS_SALES,ACTUAL_WITH_EVENTS,USD,controlled_event_benchmark_v1,35445.0
2014-02-01,Canada,Paseo,Midmarket,,REVENUE,ACTUAL_WITH_EVENTS,USD,controlled_event_benchmark_v1,34736.1
2014-02-01,Canada,VTT,Small Business,,COGS,ACTUAL_WITH_EVENTS,USD,controlled_event_benchmark_v1,500250.0
2014-02-01,Canada,VTT,Small Business,,DISCOUNT,ACTUAL_WITH_EVENTS,USD,controlled_event_benchmark_v1,0.0
2014-02-01,Canada,VTT,Small Business,,GROSS_PROFIT,ACTUAL_WITH_EVENTS,USD,controlled_event_benchmark_v1,100050.0
2014-02-01,Canada,VTT,Small Business,,GROSS_SALES,ACTUAL_WITH_EVENTS,USD,controlled_event_benchmark_v1,600300.0
2014-02-01,Canada,VTT,Small Business,,REVENUE,ACTUAL_WITH_EVENTS,USD,controlled_event_benchmark_v1,600300.0
2014-02-01,Canada,Velo,Enterprise,,COGS,ACTUAL_WITH_EVENTS,USD,controlled_event_benchmark_v1,114240.0
2014-02-01,Canada,Velo,Enterprise,,DISCOUNT,ACTUAL_WITH_EVENTS,USD,controlled_event_benchmark_v1,7140.0
2014-02-01,Canada,Velo,Enterprise,,GROSS_PROFIT,ACTUAL_WITH_EVENTS,USD,controlled_event_benchmark_v1,-2380.0
2014-02-01,Canada,Velo,Enterprise,,GROSS_SALES,ACTUAL_WITH_EVENTS,USD,controlled_event_benchmark_v1,119000.0
2014-02-01,Canada,Velo,Enterprise,,REVENUE,ACTUAL_WITH_EVENTS,USD,controlled_event_benchmark_v1,111860.0
2014-02-01,Canada,,,Finance & G&A,OPEX_GNA,ACTUAL_WITH_EVENTS,USD,controlled_event_opex_v1,61397.65775790282
2014-02-01,Canada,,,Marketing,OPEX_MARKETING,ACTUAL_WITH_EVENTS,USD,controlled_event_opex_v1,82646.17696007362
2014-02-01,Canada,,,Operations,OPEX_OPERATIONS,ACTUAL_WITH_EVENTS,USD,controlled_event_opex_v1,58266.49252138513
2014-02-01,Canada,,,R&D,OPEX_RND,ACTUAL_WITH_EVENTS,USD,controlled_event_opex_v1,70908.82898386451
2014-02-01,Canada,,,Sales,OPEX_SALES,ACTUAL_WITH_EVENTS,USD,controlled_event_opex_v1,84387.80091902059
2014-02-01,Canada,,,,EBITDA,ACTUAL_WITH_EVENTS,USD,derived_controlled_event_v1,-107131.97714224667
2014-02-01,Canada,,,,OPEX_TOTAL,ACTUAL_WITH_EVENTS,USD,controlled_event_opex_v1,357606.95714224665
2014-02-01,France,Amarilla,Government,,COGS,ACTUAL_WITH_EVENTS,USD,controlled_event_benchmark_v1,715000.0
2014-02-01,France,Amarilla,Government,,DISCOUNT,ACTUAL_WITH_EVENTS,USD,controlled_event_benchmark_v1,0.0
2014-02-01,France,Amarilla,Government,,GROSS_PROFIT,ACTUAL_WITH_EVENTS,USD,controlled_event_benchmark_v1,247500.0
2014-02-01,France,Amarilla,Government,,GROSS_SALES,ACTUAL_WITH_EVENTS,USD,controlled_event_benchmark_v1,962500.0
2014-02-01,France,Amarilla,Government,,REVENUE,ACTUAL_WITH_EVENTS,USD,controlled_event_benchmark_v1,962500.0
2014-02-01,France,Carretera,Channel Partners,,COGS,ACTUAL_WITH_EVENTS,USD,controlled_event_benchmark_v1,5595.0
2014-02-01,France,Carretera,Channel Partners,,DISCOUNT,ACTUAL_WITH_EVENTS,USD,controlled_event_benchmark_v1,1119.0
2014-02-01,France,Carretera,Channel Partners,,GROSS_PROFIT,ACTUAL_WITH_EVENTS,USD,controlled_event_benchmark_v1,15666.0
2014-02-01,France,Carretera,Channel Partners,,GROSS_SALES,ACTUAL_WITH_EVENTS,USD,controlled_event_benchmark_v1,22380.0
2014-02-01,France,Carretera,Channel Partners,,REVENUE,ACTUAL_WITH_EVENTS,USD,controlled_event_benchmark_v1,21261.0
2014-02-01,France,Montana,Government,,COGS,ACTUAL_WITH_EVENTS,USD,controlled_event_benchmark_v1,1465.0
2014-02-01,France,Montana,Government,,DISCOUNT,ACTUAL_WITH_EVENTS,USD,controlled_event_benchmark_v1,287.1399999999998
2014-02-01,France,Montana,Government,,GROSS_PROFIT,ACTUAL_WITH_EVENTS,USD,controlled_event_benchmark_v1,298.8600000000001
2014-02-01,France,Montana,Government,,GROSS_SALES,ACTUAL_WITH_EVENTS,USD,controlled_event_benchmark_v1,2051.0
2014-02-01,France,Montana,Government,,REVENUE,ACTUAL_WITH_EVENTS,USD,controlled_event_benchmark_v1,1763.8600000000001
2014-02-01,France,Paseo,Government,,COGS,ACTUAL_WITH_EVENTS,USD,controlled_event_benchmark_v1,13030.0
2014-02-01,France,Paseo,Government,,DISCOUNT,ACTUAL_WITH_EVENTS,USD,controlled_event_benchmark_v1,1303.0
2014-02-01,France,Paseo,Government,,GROSS_PROFIT,ACTUAL_WITH_EVENTS,USD,controlled_event_benchmark_v1,11727.0
2014-02-01,France,Paseo,Government,,GROSS_SALES,ACTUAL_WITH_EVENTS,USD,controlled_event_benchmark_v1,26060.0
2014-02-01,France,Paseo,Government,,REVENUE,ACTUAL_WITH_EVENTS,USD,controlled_event_benchmark_v1,24757.0
2014-02-01,France,Paseo,Midmarket,,COGS,ACTUAL_WITH_EVENTS,USD,controlled_event_benchmark_v1,22960.0
2014-02-01,France,Paseo,Midmarket,,DISCOUNT,ACTUAL_WITH_EVENTS,USD,controlled_event_benchmark_v1,344.39999999999657
2014-02-01,France,Paseo,Midmarket,,GROSS_PROFIT,ACTUAL_WITH_EVENTS,USD,controlled_event_benchmark_v1,11135.600000000006
2014-02-01,France,Paseo,Midmarket,,GROSS_SALES,ACTUAL_WITH_EVENTS,USD,controlled_event_benchmark_v1,34440.0
2014-02-01,France,Paseo,Midmarket,,REVENUE,ACTUAL_WITH_EVENTS,USD,controlled_event_benchmark_v1,34095.600000000006
2014-02-01,France,VTT,Small Business,,COGS,ACTUAL_WITH_EVENTS,USD,controlled_event_benchmark_v1,239750.0
2014-02-01,France,VTT,Small Business,,DISCOUNT,ACTUAL_WITH_EVENTS,USD,controlled_event_benchmark_v1,20139.000000000004
2014-02-01,France,VTT,Small Business,,GROSS_PROFIT,ACTUAL_WITH_EVENTS,USD,controlled_event_benchmark_v1,27811.0
2014-02-01,France,VTT,Small Business,,GROSS_SALES,ACTUAL_WITH_EVENTS,USD,controlled_event_benchmark_v1,287700.0
2014-02-01,France,VTT,Small Business,,REVENUE,ACTUAL_WITH_EVENTS,USD,controlled_event_benchmark_v1,267561.0
2014-02-01,France,Velo,Enterprise,,COGS,ACTUAL_WITH_EVENTS,USD,controlled_event_benchmark_v1,216480.0
2014-02-01,France,Velo,Enterprise,,DISCOUNT,ACTUAL_WITH_EVENTS,USD,controlled_event_benchmark_v1,0.0
2014-02-01,France,Velo,Enterprise,,GROSS_PROFIT,ACTUAL_WITH_EVENTS,USD,controlled_event_benchmark_v1,9020.0
2014-02-01,France,Velo,Enterprise,,GROSS_SALES,ACTUAL_WITH_EVENTS,USD,controlled_event_benchmark_v1,225500.0
2014-02-01,France,Velo,Enterprise,,REVENUE,ACTUAL_WITH_EVENTS,USD,controlled_event_benchmark_v1,225500.0
2014-02-01,France,,,Finance & G&A,OPEX_GNA,ACTUAL_WITH_EVENTS,USD,controlled_event_opex_v1,66163.94192328276
2014-02-01,France,,,Marketing,OPEX_MARKETING,ACTUAL_WITH_EVENTS,USD,controlled_event_opex_v1,101144.40093807258
2014-02-01,France,,,Operations,OPEX_OPERATIONS,ACTUAL_WITH_EVENTS,USD,controlled_event_opex_v1,62168.639958050226
2014-02-01,France,,,R&D,OPEX_RND,ACTUAL_WITH_EVENTS,USD,controlled_event_opex_v1,78606.18546840911
2014-02-01,France,,,Sales,OPEX_SALES,ACTUAL_WITH_EVENTS,USD,controlled_event_opex_v1,88575.73067171685
2014-02-01,France,,,,EBITDA,ACTUAL_WITH_EVENTS,USD,derived_controlled_event_v1,-73500.43895953154
2014-02-01,France,,,,OPEX_TOTAL,ACTUAL_WITH_EVENTS,USD,controlled_event_opex_v1,396658.89895953157
2014-02-01,Germany,Amarilla,Government,,COGS,ACTUAL_WITH_EVENTS,USD,controlled_event_benchmark_v1,351000.0
2014-02-01,Germany,Amarilla,Government,,DISCOUNT,ACTUAL_WITH_EVENTS,USD,controlled_event_benchmark_v1,23625.0
2014-02-01,Germany,Amarilla,Government,,GROSS_PROFIT,ACTUAL_WITH_EVENTS,USD,controlled_event_benchmark_v1,97875.0
2014-02-01,Germany,Amarilla,Government,,GROSS_SALES,ACTUAL_WITH_EVENTS,USD,controlled_event_benchmark_v1,472500.0
2014-02-01,Germany,Amarilla,Government,,REVENUE,ACTUAL_WITH_EVENTS,USD,controlled_event_benchmark_v1,448875.0
2014-02-01,Germany,Carretera,Channel Partners,,COGS,ACTUAL_WITH_EVENTS,USD,controlled_event_benchmark_v1,3348.0
2014-02-01,Germany,Carretera,Channel Partners,,DISCOUNT,ACTUAL_WITH_EVENTS,USD,controlled_event_benchmark_v1,669.6
2014-02-01,Germany,Carretera,Channel Partners,,GROSS_PROFIT,ACTUAL_WITH_EVENTS,USD,controlled_event_benchmark_v1,9374.4
2014-02-01,Germany,Carretera,Channel Partners,,GROSS_SALES,ACTUAL_WITH_EVENTS,USD,controlled_event_benchmark_v1,13392.0
2014-02-01,Germany,Carretera,Channel Partners,,REVENUE,ACTUAL_WITH_EVENTS,USD,controlled_event_benchmark_v1,12722.4
2014-02-01,Germany,Montana,Government,,COGS,ACTUAL_WITH_EVENTS,USD,controlled_event_benchmark_v1,9790.0
2014-02-01,Germany,Montana,Government,,DISCOUNT,ACTUAL_WITH_EVENTS,USD,controlled_event_benchmark_v1,411.18
2014-02-01,Germany,Montana,Government,,GROSS_PROFIT,ACTUAL_WITH_EVENTS,USD,controlled_event_benchmark_v1,3504.8199999999997
2014-02-01,Germany,Montana,Government,,GROSS_SALES,ACTUAL_WITH_EVENTS,USD,controlled_event_benchmark_v1,13706.0
2014-02-01,Germany,Montana,Government,,REVENUE,ACTUAL_WITH_EVENTS,USD,controlled_event_benchmark_v1,13294.82
2014-02-01,Germany,Paseo,Government,,COGS,ACTUAL_WITH_EVENTS,USD,controlled_event_benchmark_v1,27080.0
2014-02-01,Germany,Paseo,Government,,DISCOUNT,ACTUAL_WITH_EVENTS,USD,controlled_event_benchmark_v1,7040.8
2014-02-01,Germany,Paseo,Government,,GROSS_PROFIT,ACTUAL_WITH_EVENTS,USD,controlled_event_benchmark_v1,20039.199999999997
2014-02-01,Germany,Paseo,Government,,GROSS_SALES,ACTUAL_WITH_EVENTS,USD,controlled_event_benchmark_v1,54160.0
2014-02-01,Germany,Paseo,Government,,REVENUE,ACTUAL_WITH_EVENTS,USD,controlled_event_benchmark_v1,47119.2
2014-02-01,Germany,Paseo,Midmarket,,COGS,ACTUAL_WITH_EVENTS,USD,controlled_event_benchmark_v1,2780.0
2014-02-01,Germany,Paseo,Midmarket,,DISCOUNT,ACTUAL_WITH_EVENTS,USD,controlled_event_benchmark_v1,583.7999999999996
2014-02-01,Germany,Paseo,Midmarket,,GROSS_PROFIT,ACTUAL_WITH_EVENTS,USD,controlled_event_benchmark_v1,806.2000000000003
2014-02-01,Germany,Paseo,Midmarket,,GROSS_SALES,ACTUAL_WITH_EVENTS,USD,controlled_event_benchmark_v1,4170.0
2014-02-01,Germany,Paseo,Midmarket,,REVENUE,ACTUAL_WITH_EVENTS,USD,controlled_event_benchmark_v1,3586.2000000000003
2014-02-01,Germany,VTT,Small Business,,COGS,ACTUAL_WITH_EVENTS,USD,controlled_event_benchmark_v1,664750.0
2014-02-01,Germany,VTT,Small Business,,DISCOUNT,ACTUAL_WITH_EVENTS,USD,controlled_event_benchmark_v1,71793.0
2014-02-01,Germany,VTT,Small Business,,GROSS_PROFIT,ACTUAL_WITH_EVENTS,USD,controlled_event_benchmark_v1,61157.0
2014-02-01,Germany,VTT,Small Business,,GROSS_SALES,ACTUAL_WITH_EVENTS,USD,controlled_event_benchmark_v1,797700.0
2014-02-01,Germany,VTT,Small Business,,REVENUE,ACTUAL_WITH_EVENTS,USD,controlled_event_benchmark_v1,725907.0
2014-02-01,Germany,Velo,Enterprise,,COGS,ACTUAL_WITH_EVENTS,USD,controlled_event_benchmark_v1,96840.0
2014-02-01,Germany,Velo,Enterprise,,DISCOUNT,ACTUAL_WITH_EVENTS,USD,controlled_event_benchmark_v1,5043.75
2014-02-01,Germany,Velo,Enterprise,,GROSS_PROFIT,ACTUAL_WITH_EVENTS,USD,controlled_event_benchmark_v1,-1008.75
2014-02-01,Germany,Velo,Enterprise,,GROSS_SALES,ACTUAL_WITH_EVENTS,USD,controlled_event_benchmark_v1,100875.0
2014-02-01,Germany,Velo,Enterprise,,REVENUE,ACTUAL_WITH_EVENTS,USD,controlled_event_benchmark_v1,95831.25
2014-02-01,Germany,,,Finance & G&A,OPEX_GNA,ACTUAL_WITH_EVENTS,USD,controlled_event_opex_v1,58873.926296401616
2014-02-01,Germany,,,Marketing,OPEX_MARKETING,ACTUAL_WITH_EVENTS,USD,controlled_event_opex_v1,80372.83766403633
2014-02-01,Germany,,,Operations,OPEX_OPERATIONS,ACTUAL_WITH_EVENTS,USD,controlled_event_opex_v1,55112.77876883567
2014-02-01,Germany,,,R&D,OPEX_RND,ACTUAL_WITH_EVENTS,USD,controlled_event_opex_v1,69074.2957721963
2014-02-01,Germany,,,Sales,OPEX_SALES,ACTUAL_WITH_EVENTS,USD,controlled_event_opex_v1,81528.77705316167
2014-02-01,Germany,,,,EBITDA,ACTUAL_WITH_EVENTS,USD,derived_controlled_event_v1,-153214.74555463158
2014-02-01,Germany,,,,OPEX_TOTAL,ACTUAL_WITH_EVENTS,USD,controlled_event_opex_v1,344962.6155546316
2014-02-01,Mexico,Amarilla,Government,,COGS,ACTUAL_WITH_EVENTS,USD,controlled_event_benchmark_v1,484900.0
2014-02-01,Mexico,Amarilla,Government,,DISCOUNT,ACTUAL_WITH_EVENTS,USD,controlled_event_benchmark_v1,26110.0
2014-02-01,Mexico,Amarilla,Government,,GROSS_PROFIT,ACTUAL_WITH_EVENTS,USD,controlled_event_benchmark_v1,141740.0
2014-02-01,Mexico,Amarilla,Government,,GROSS_SALES,ACTUAL_WITH_EVENTS,USD,controlled_event_benchmark_v1,652750.0
2014-02-01,Mexico,Amarilla,Government,,REVENUE,ACTUAL_WITH_EVENTS,USD,controlled_event_benchmark_v1,626640.0
2014-02-01,Mexico,Carretera,Channel Partners,,COGS,ACTUAL_WITH_EVENTS,USD,controlled_event_benchmark_v1,2181.0
2014-02-01,Mexico,Carretera,Channel Partners,,DISCOUNT,ACTUAL_WITH_EVENTS,USD,controlled_event_benchmark_v1,610.679999999999
2014-02-01,Mexico,Carretera,Channel Partners,,GROSS_PROFIT,ACTUAL_WITH_EVENTS,USD,controlled_event_benchmark_v1,5932.320000000001
2014-02-01,Mexico,Carretera,Channel Partners,,GROSS_SALES,ACTUAL_WITH_EVENTS,USD,controlled_event_benchmark_v1,8724.0
2014-02-01,Mexico,Carretera,Channel Partners,,REVENUE,ACTUAL_WITH_EVENTS,USD,controlled_event_benchmark_v1,8113.320000000001
2014-02-01,Mexico,Montana,Government,,COGS,ACTUAL_WITH_EVENTS,USD,controlled_event_benchmark_v1,6840.0
2014-02-01,Mexico,Montana,Government,,DISCOUNT,ACTUAL_WITH_EVENTS,USD,controlled_event_benchmark_v1,1436.3999999999999
2014-02-01,Mexico,Montana,Government,,GROSS_PROFIT,ACTUAL_WITH_EVENTS,USD,controlled_event_benchmark_v1,1299.6000000000004
2014-02-01,Mexico,Montana,Government,,GROSS_SALES,ACTUAL_WITH_EVENTS,USD,controlled_event_benchmark_v1,9576.0
2014-02-01,Mexico,Montana,Government,,REVENUE,ACTUAL_WITH_EVENTS,USD,controlled_event_benchmark_v1,8139.6
2014-02-01,Mexico,Paseo,Government,,COGS,ACTUAL_WITH_EVENTS,USD,controlled_event_benchmark_v1,2600.0
2014-02-01,Mexico,Paseo,Government,,DISCOUNT,ACTUAL_WITH_EVENTS,USD,controlled_event_benchmark_v1,728.0000000000001
2014-02-01,Mexico,Paseo,Government,,GROSS_PROFIT,ACTUAL_WITH_EVENTS,USD,controlled_event_benchmark_v1,1872.0
2014-02-01,Mexico,Paseo,Government,,GROSS_SALES,ACTUAL_WITH_EVENTS,USD,controlled_event_benchmark_v1,5200.0
2014-02-01,Mexico,Paseo,Government,,REVENUE,ACTUAL_WITH_EVENTS,USD,controlled_event_benchmark_v1,4472.0
2014-02-01,Mexico,Paseo,Midmarket,,COGS,ACTUAL_WITH_EVENTS,USD,controlled_event_benchmark_v1,9740.0
2014-02-01,Mexico,Paseo,Midmarket,,DISCOUNT,ACTUAL_WITH_EVENTS,USD,controlled_event_benchmark_v1,0.0
2014-02-01,Mexico,Paseo,Midmarket,,GROSS_PROFIT,ACTUAL_WITH_EVENTS,USD,controlled_event_benchmark_v1,4870.0
2014-02-01,Mexico,Paseo,Midmarket,,GROSS_SALES,ACTUAL_WITH_EVENTS,USD,controlled_event_benchmark_v1,14610.0
2014-02-01,Mexico,Paseo,Midmarket,,REVENUE,ACTUAL_WITH_EVENTS,USD,controlled_event_benchmark_v1,14610.0
2014-02-01,Mexico,VTT,Small Business,,COGS,ACTUAL_WITH_EVENTS,USD,controlled_event_benchmark_v1,686750.0
2014-02-01,Mexico,VTT,Small Business,,DISCOUNT,ACTUAL_WITH_EVENTS,USD,controlled_event_benchmark_v1,57687.00000000001
2014-02-01,Mexico,VTT,Small Business,,GROSS_PROFIT,ACTUAL_WITH_EVENTS,USD,controlled_event_benchmark_v1,79663.0
2014-02-01,Mexico,VTT,Small Business,,GROSS_SALES,ACTUAL_WITH_EVENTS,USD,controlled_event_benchmark_v1,824100.0
2014-02-01,Mexico,VTT,Small Business,,REVENUE,ACTUAL_WITH_EVENTS,USD,controlled_event_benchmark_v1,766413.0
2014-02-01,Mexico,Velo,Enterprise,,COGS,ACTUAL_WITH_EVENTS,USD,controlled_event_benchmark_v1,189000.0
2014-02-01,Mexico,Velo,Enterprise,,DISCOUNT,ACTUAL_WITH_EVENTS,USD,controlled_event_benchmark_v1,27562.500000000004
2014-02-01,Mexico,Velo,Enterprise,,GROSS_PROFIT,ACTUAL_WITH_EVENTS,USD,controlled_event_benchmark_v1,-19687.5
2014-02-01,Mexico,Velo,Enterprise,,GROSS_SALES,ACTUAL_WITH_EVENTS,USD,controlled_event_benchmark_v1,196875.0
2014-02-01,Mexico,Velo,Enterprise,,REVENUE,ACTUAL_WITH_EVENTS,USD,controlled_event_benchmark_v1,169312.5
2014-02-01,Mexico,,,Finance & G&A,OPEX_GNA,ACTUAL_WITH_EVENTS,USD,controlled_event_opex_v1,59007.258907398245
2014-02-01,Mexico,,,Marketing,OPEX_MARKETING,ACTUAL_WITH_EVENTS,USD,controlled_event_opex_v1,83848.31687844548
2014-02-01,Mexico,,,Operations,OPEX_OPERATIONS,ACTUAL_WITH_EVENTS,USD,controlled_event_opex_v1,56595.61540430348
2014-02-01,Mexico,,,R&D,OPEX_RND,ACTUAL_WITH_EVENTS,USD,controlled_event_opex_v1,72054.23602042906
2014-02-01,Mexico,,,Sales,OPEX_SALES,ACTUAL_WITH_EVENTS,USD,controlled_event_opex_v1,82497.04605701
2014-02-01,Mexico,,,,EBITDA,ACTUAL_WITH_EVENTS,USD,derived_controlled_event_v1,-138313.05326758628
2014-02-01,Mexico,,,,OPEX_TOTAL,ACTUAL_WITH_EVENTS,USD,controlled_event_opex_v1,354002.47326758626
2014-02-01,United States of America,Amarilla,Government,,COGS,ACTUAL_WITH_EVENTS,USD,controlled_event_benchmark_v1,70200.0
2014-02-01,United States of America,Amarilla,Government,,DISCOUNT,ACTUAL_WITH_EVENTS,USD,controlled_event_benchmark_v1,11340.0
2014-02-01,United States of America,Amarilla,Government,,GROSS_PROFIT,ACTUAL_WITH_EVENTS,USD,controlled_event_benchmark_v1,12960.0
2014-02-01,United States of America,Amarilla,Government,,GROSS_SALES,ACTUAL_WITH_EVENTS,USD,controlled_event_benchmark_v1,94500.0
2014-02-01,United States of America,Amarilla,Government,,REVENUE,ACTUAL_WITH_EVENTS,USD,controlled_event_benchmark_v1,83160.0
2014-02-01,United States of America,Carretera,Channel Partners,,COGS,ACTUAL_WITH_EVENTS,USD,controlled_event_benchmark_v1,5574.0
2014-02-01,United States of America,Carretera,Channel Partners,,DISCOUNT,ACTUAL_WITH_EVENTS,USD,controlled_event_benchmark_v1,222.96
2014-02-01,United States of America,Carretera,Channel Partners,,GROSS_PROFIT,ACTUAL_WITH_EVENTS,USD,controlled_event_benchmark_v1,16499.04
2014-02-01,United States of America,Carretera,Channel Partners,,GROSS_SALES,ACTUAL_WITH_EVENTS,USD,controlled_event_benchmark_v1,22296.0
2014-02-01,United States of America,Carretera,Channel Partners,,REVENUE,ACTUAL_WITH_EVENTS,USD,controlled_event_benchmark_v1,22073.04
2014-02-01,United States of America,Montana,Government,,COGS,ACTUAL_WITH_EVENTS,USD,controlled_event_benchmark_v1,6490.0
2014-02-01,United States of America,Montana,Government,,DISCOUNT,ACTUAL_WITH_EVENTS,USD,controlled_event_benchmark_v1,1181.18
2014-02-01,United States of America,Montana,Government,,GROSS_PROFIT,ACTUAL_WITH_EVENTS,USD,controlled_event_benchmark_v1,1414.8199999999997
2014-02-01,United States of America,Montana,Government,,GROSS_SALES,ACTUAL_WITH_EVENTS,USD,controlled_event_benchmark_v1,9086.0
2014-02-01,United States of America,Montana,Government,,REVENUE,ACTUAL_WITH_EVENTS,USD,controlled_event_benchmark_v1,7904.82
2014-02-01,United States of America,Paseo,Government,,COGS,ACTUAL_WITH_EVENTS,USD,controlled_event_benchmark_v1,26410.0
2014-02-01,United States of America,Paseo,Government,,DISCOUNT,ACTUAL_WITH_EVENTS,USD,controlled_event_benchmark_v1,6866.6
2014-02-01,United States of America,Paseo,Government,,GROSS_PROFIT,ACTUAL_WITH_EVENTS,USD,controlled_event_benchmark_v1,19543.4
2014-02-01,United States of America,Paseo,Government,,GROSS_SALES,ACTUAL_WITH_EVENTS,USD,controlled_event_benchmark_v1,52820.0
2014-02-01,United States of America,Paseo,Government,,REVENUE,ACTUAL_WITH_EVENTS,USD,controlled_event_benchmark_v1,45953.4
2014-02-01,United States of America,Paseo,Midmarket,,COGS,ACTUAL_WITH_EVENTS,USD,controlled_event_benchmark_v1,15140.0
2014-02-01,United States of America,Paseo,Midmarket,,DISCOUNT,ACTUAL_WITH_EVENTS,USD,controlled_event_benchmark_v1,227.1
2014-02-01,United States of America,Paseo,Midmarket,,GROSS_PROFIT,ACTUAL_WITH_EVENTS,USD,controlled_event_benchmark_v1,7342.9000000000015
2014-02-01,United States of America,Paseo,Midmarket,,GROSS_SALES,ACTUAL_WITH_EVENTS,USD,controlled_event_benchmark_v1,22710.0
2014-02-01,United States of America,Paseo,Midmarket,,REVENUE,ACTUAL_WITH_EVENTS,USD,controlled_event_benchmark_v1,22482.9
2014-02-01,United States of America,VTT,Small Business,,COGS,ACTUAL_WITH_EVENTS,USD,controlled_event_benchmark_v1,711000.0
2014-02-01,United States of America,VTT,Small Business,,DISCOUNT,ACTUAL_WITH_EVENTS,USD,controlled_event_benchmark_v1,25596.0
2014-02-01,United States of America,VTT,Small Business,,GROSS_PROFIT,ACTUAL_WITH_EVENTS,USD,controlled_event_benchmark_v1,116604.0
2014-02-01,United States of America,VTT,Small Business,,GROSS_SALES,ACTUAL_WITH_EVENTS,USD,controlled_event_benchmark_v1,853200.0
2014-02-01,United States of America,VTT,Small Business,,REVENUE,ACTUAL_WITH_EVENTS,USD,controlled_event_benchmark_v1,827604.0
2014-02-01,United States of America,Velo,Enterprise,,COGS,ACTUAL_WITH_EVENTS,USD,controlled_event_benchmark_v1,330600.0
2014-02-01,United States of America,Velo,Enterprise,,DISCOUNT,ACTUAL_WITH_EVENTS,USD,controlled_event_benchmark_v1,20662.5
2014-02-01,United States of America,Velo,Enterprise,,GROSS_PROFIT,ACTUAL_WITH_EVENTS,USD,controlled_event_benchmark_v1,-6887.5
2014-02-01,United States of America,Velo,Enterprise,,GROSS_SALES,ACTUAL_WITH_EVENTS,USD,controlled_event_benchmark_v1,344375.0
2014-02-01,United States of America,Velo,Enterprise,,REVENUE,ACTUAL_WITH_EVENTS,USD,controlled_event_benchmark_v1,323712.5
2014-02-01,United States of America,,,Finance & G&A,OPEX_GNA,ACTUAL_WITH_EVENTS,USD,controlled_event_opex_v1,58981.53112366949
2014-02-01,United States of America,,,Marketing,OPEX_MARKETING,ACTUAL_WITH_EVENTS,USD,controlled_event_opex_v1,82967.53050216506
2014-02-01,United States of America,,,Operations,OPEX_OPERATIONS,ACTUAL_WITH_EVENTS,USD,controlled_event_opex_v1,57012.9367651897
2014-02-01,United States of America,,,R&D,OPEX_RND,ACTUAL_WITH_EVENTS,USD,controlled_event_opex_v1,74036.90762558024
2014-02-01,United States of America,,,Sales,OPEX_SALES,ACTUAL_WITH_EVENTS,USD,controlled_event_opex_v1,83777.9022157529
2014-02-01,United States of America,,,,EBITDA,ACTUAL_WITH_EVENTS,USD,derived_controlled_event_v1,-189300.14823235737
2014-02-01,United States of America,,,,OPEX_TOTAL,ACTUAL_WITH_EVENTS,USD,controlled_event_opex_v1,356776.8082323574
2014-03-01,Canada,Amarilla,Small Business,,COGS,ACTUAL_WITH_EVENTS,USD,controlled_event_benchmark_v1,222000.0
2014-03-01,Canada,Amarilla,Small Business,,DISCOUNT,ACTUAL_WITH_EVENTS,USD,controlled_event_benchmark_v1,37296.0
2014-03-01,Canada,Amarilla,Small Business,,GROSS_PROFIT,ACTUAL_WITH_EVENTS,USD,controlled_event_benchmark_v1,7104.0
2014-03-01,Canada,Amarilla,Small Business,,GROSS_SALES,ACTUAL_WITH_EVENTS,USD,controlled_event_benchmark_v1,266400.0
2014-03-01,Canada,Amarilla,Small Business,,REVENUE,ACTUAL_WITH_EVENTS,USD,controlled_event_benchmark_v1,229104.0
2014-03-01,Canada,Carretera,Government,,COGS,ACTUAL_WITH_EVENTS,USD,controlled_event_benchmark_v1,239980.0
2014-03-01,Canada,Carretera,Government,,DISCOUNT,ACTUAL_WITH_EVENTS,USD,controlled_event_benchmark_v1,41996.5
2014-03-01,Canada,Carretera,Government,,GROSS_PROFIT,ACTUAL_WITH_EVENTS,USD,controlled_event_benchmark_v1,41073.5
2014-03-01,Canada,Carretera,Government,,GROSS_SALES,ACTUAL_WITH_EVENTS,USD,controlled_event_benchmark_v1,323050.0
2014-03-01,Canada,Carretera,Government,,REVENUE,ACTUAL_WITH_EVENTS,USD,controlled_event_benchmark_v1,281053.5
2014-03-01,Canada,Montana,Midmarket,,COGS,ACTUAL_WITH_EVENTS,USD,controlled_event_benchmark_v1,19670.0
2014-03-01,Canada,Montana,Midmarket,,DISCOUNT,ACTUAL_WITH_EVENTS,USD,controlled_event_benchmark_v1,1180.2
2014-03-01,Canada,Montana,Midmarket,,GROSS_PROFIT,ACTUAL_WITH_EVENTS,USD,controlled_event_benchmark_v1,8654.8
2014-03-01,Canada,Montana,Midmarket,,GROSS_SALES,ACTUAL_WITH_EVENTS,USD,controlled_event_benchmark_v1,29505.0
2014-03-01,Canada,Montana,Midmarket,,REVENUE,ACTUAL_WITH_EVENTS,USD,controlled_event_benchmark_v1,28324.8
2014-03-01,Canada,Paseo,Enterprise,,COGS,ACTUAL_WITH_EVENTS,USD,controlled_event_benchmark_v1,212880.0
2014-03-01,Canada,Paseo,Enterprise,,DISCOUNT,ACTUAL_WITH_EVENTS,USD,controlled_event_benchmark_v1,6652.5
2014-03-01,Canada,Paseo,Enterprise,,GROSS_PROFIT,ACTUAL_WITH_EVENTS,USD,controlled_event_benchmark_v1,2217.5
2014-03-01,Canada,Paseo,Enterprise,,GROSS_SALES,ACTUAL_WITH_EVENTS,USD,controlled_event_benchmark_v1,221750.0
2014-03-01,Canada,Paseo,Enterprise,,REVENUE,ACTUAL_WITH_EVENTS,USD,controlled_event_benchmark_v1,215097.5
2014-03-01,Canada,Paseo,Government,,COGS,ACTUAL_WITH_EVENTS,USD,controlled_event_benchmark_v1,24280.0
2014-03-01,Canada,Paseo,Government,,DISCOUNT,ACTUAL_WITH_EVENTS,USD,controlled_event_benchmark_v1,6798.399999999995
2014-03-01,Canada,Paseo,Government,,GROSS_PROFIT,ACTUAL_WITH_EVENTS,USD,controlled_event_benchmark_v1,17481.600000000006
2014-03-01,Canada,Paseo,Government,,GROSS_SALES,ACTUAL_WITH_EVENTS,USD,controlled_event_benchmark_v1,48560.0
2014-03-01,Canada,Paseo,Government,,REVENUE,ACTUAL_WITH_EVENTS,USD,controlled_event_benchmark_v1,41761.600000000006
2014-03-01,Canada,VTT,Government,,COGS,ACTUAL_WITH_EVENTS,USD,controlled_event_benchmark_v1,6630.0
2014-03-01,Canada,VTT,Government,,DISCOUNT,ACTUAL_WITH_EVENTS,USD,controlled_event_benchmark_v1,92.81999999999907
2014-03-01,Canada,VTT,Government,,GROSS_PROFIT,ACTUAL_WITH_EVENTS,USD,controlled_event_benchmark_v1,2559.1800000000003
2014-03-01,Canada,VTT,Government,,GROSS_SALES,ACTUAL_WITH_EVENTS,USD,controlled_event_benchmark_v1,9282.0
2014-03-01,Canada,VTT,Government,,REVENUE,ACTUAL_WITH_EVENTS,USD,controlled_event_benchmark_v1,9189.18
2014-03-01,Canada,Velo,Channel Partners,,COGS,ACTUAL_WITH_EVENTS,USD,controlled_event_benchmark_v1,1794.0
2014-03-01,Canada,Velo,Channel Partners,,DISCOUNT,ACTUAL_WITH_EVENTS,USD,controlled_event_benchmark_v1,574.08
2014-03-01,Canada,Velo,Channel Partners,,GROSS_PROFIT,ACTUAL_WITH_EVENTS,USD,controlled_event_benchmark_v1,4807.92
2014-03-01,Canada,Velo,Channel Partners,,GROSS_SALES,ACTUAL_WITH_EVENTS,USD,controlled_event_benchmark_v1,7176.0
2014-03-01,Canada,Velo,Channel Partners,,REVENUE,ACTUAL_WITH_EVENTS,USD,controlled_event_benchmark_v1,6601.92
2014-03-01,Canada,,,Finance & G&A,OPEX_GNA,ACTUAL_WITH_EVENTS,USD,controlled_event_opex_v1,41149.57374684494
2014-03-01,Canada,,,Marketing,OPEX_MARKETING,ACTUAL_WITH_EVENTS,USD,controlled_event_opex_v1,53720.55472675942
2014-03-01,Canada,,,Operations,OPEX_OPERATIONS,ACTUAL_WITH_EVENTS,USD,controlled_event_opex_v1,38460.08061207449
2014-03-01,Canada,,,R&D,OPEX_RND,ACTUAL_WITH_EVENTS,USD,controlled_event_opex_v1,51389.71458139179
2014-03-01,Canada,,,Sales,OPEX_SALES,ACTUAL_WITH_EVENTS,USD,controlled_event_opex_v1,56570.77366862088
2014-03-01,Canada,,,,EBITDA,ACTUAL_WITH_EVENTS,USD,derived_controlled_event_v1,-157392.1973356915
2014-03-01,Canada,,,,OPEX_TOTAL,ACTUAL_WITH_EVENTS,USD,controlled_event_opex_v1,241290.6973356915
2014-03-01,France,Amarilla,Small Business,,COGS,ACTUAL_WITH_EVENTS,USD,controlled_event_benchmark_v1,618750.0
2014-03-01,France,Amarilla,Small Business,,DISCOUNT,ACTUAL_WITH_EVENTS,USD,controlled_event_benchmark_v1,111375.0
2014-03-01,France,Amarilla,Small Business,,GROSS_PROFIT,ACTUAL_WITH_EVENTS,USD,controlled_event_benchmark_v1,12375.0
2014-03-01,France,Amarilla,Small Business,,GROSS_SALES,ACTUAL_WITH_EVENTS,USD,controlled_event_benchmark_v1,742500.0
2014-03-01,France,Amarilla,Small Business,,REVENUE,ACTUAL_WITH_EVENTS,USD,controlled_event_benchmark_v1,631125.0
2014-03-01,France,Carretera,Government,,COGS,ACTUAL_WITH_EVENTS,USD,controlled_event_benchmark_v1,465400.0
2014-03-01,France,Carretera,Government,,DISCOUNT,ACTUAL_WITH_EVENTS,USD,controlled_event_benchmark_v1,81445.0
2014-03-01,France,Carretera,Government,,GROSS_PROFIT,ACTUAL_WITH_EVENTS,USD,controlled_event_benchmark_v1,79655.0
2014-03-01,France,Carretera,Government,,GROSS_SALES,ACTUAL_WITH_EVENTS,USD,controlled_event_benchmark_v1,626500.0
2014-03-01,France,Carretera,Government,,REVENUE,ACTUAL_WITH_EVENTS,USD,controlled_event_benchmark_v1,545055.0
2014-03-01,France,Montana,Midmarket,,COGS,ACTUAL_WITH_EVENTS,USD,controlled_event_benchmark_v1,25010.0
2014-03-01,France,Montana,Midmarket,,DISCOUNT,ACTUAL_WITH_EVENTS,USD,controlled_event_benchmark_v1,3001.2000000000003
2014-03-01,France,Montana,Midmarket,,GROSS_PROFIT,ACTUAL_WITH_EVENTS,USD,controlled_event_benchmark_v1,9503.800000000003
2014-03-01,France,Montana,Midmarket,,GROSS_SALES,ACTUAL_WITH_EVENTS,USD,controlled_event_benchmark_v1,37515.0
2014-03-01,France,Montana,Midmarket,,REVENUE,ACTUAL_WITH_EVENTS,USD,controlled_event_benchmark_v1,34513.8
2014-03-01,France,Paseo,Enterprise,,COGS,ACTUAL_WITH_EVENTS,USD,controlled_event_benchmark_v1,286200.0
2014-03-01,France,Paseo,Enterprise,,DISCOUNT,ACTUAL_WITH_EVENTS,USD,controlled_event_benchmark_v1,14906.25
2014-03-01,France,Paseo,Enterprise,,GROSS_PROFIT,ACTUAL_WITH_EVENTS,USD,controlled_event_benchmark_v1,-2981.25
2014-03-01,France,Paseo,Enterprise,,GROSS_SALES,ACTUAL_WITH_EVENTS,USD,controlled_event_benchmark_v1,298125.0
2014-03-01,France,Paseo,Enterprise,,REVENUE,ACTUAL_WITH_EVENTS,USD,controlled_event_benchmark_v1,283218.75
2014-03-01,France,Paseo,Government,,COGS,ACTUAL_WITH_EVENTS,USD,controlled_event_benchmark_v1,19540.0
2014-03-01,France,Paseo,Government,,DISCOUNT,ACTUAL_WITH_EVENTS,USD,controlled_event_benchmark_v1,3908.0
2014-03-01,France,Paseo,Government,,GROSS_PROFIT,ACTUAL_WITH_EVENTS,USD,controlled_event_benchmark_v1,15632.0
2014-03-01,France,Paseo,Government,,GROSS_SALES,ACTUAL_WITH_EVENTS,USD,controlled_event_benchmark_v1,39080.0
2014-03-01,France,Paseo,Government,,REVENUE,ACTUAL_WITH_EVENTS,USD,controlled_event_benchmark_v1,35172.0
2014-03-01,France,VTT,Government,,COGS,ACTUAL_WITH_EVENTS,USD,controlled_event_benchmark_v1,7455.0
2014-03-01,France,VTT,Government,,DISCOUNT,ACTUAL_WITH_EVENTS,USD,controlled_event_benchmark_v1,1252.44
2014-03-01,France,VTT,Government,,GROSS_PROFIT,ACTUAL_WITH_EVENTS,USD,controlled_event_benchmark_v1,1729.5599999999995
2014-03-01,France,VTT,Government,,GROSS_SALES,ACTUAL_WITH_EVENTS,USD,controlled_event_benchmark_v1,10437.0
2014-03-01,France,VTT,Government,,REVENUE,ACTUAL_WITH_EVENTS,USD,controlled_event_benchmark_v1,9184.56
2014-03-01,France,Velo,Channel Partners,,COGS,ACTUAL_WITH_EVENTS,USD,controlled_event_benchmark_v1,5901.0
2014-03-01,France,Velo,Channel Partners,,DISCOUNT,ACTUAL_WITH_EVENTS,USD,controlled_event_benchmark_v1,2124.36
2014-03-01,France,Velo,Channel Partners,,GROSS_PROFIT,ACTUAL_WITH_EVENTS,USD,controlled_event_benchmark_v1,15578.64
2014-03-01,France,Velo,Channel Partners,,GROSS_SALES,ACTUAL_WITH_EVENTS,USD,controlled_event_benchmark_v1,23604.0
2014-03-01,France,Velo,Channel Partners,,REVENUE,ACTUAL_WITH_EVENTS,USD,controlled_event_benchmark_v1,21479.64
2014-03-01,France,,,Finance & G&A,OPEX_GNA,ACTUAL_WITH_EVENTS,USD,controlled_event_opex_v1,82718.64446955798
2014-03-01,France,,,Marketing,OPEX_MARKETING,ACTUAL_WITH_EVENTS,USD,controlled_event_opex_v1,125794.64803921108
2014-03-01,France,,,Operations,OPEX_OPERATIONS,ACTUAL_WITH_EVENTS,USD,controlled_event_opex_v1,76669.35852440128
2014-03-01,France,,,R&D,OPEX_RND,ACTUAL_WITH_EVENTS,USD,controlled_event_opex_v1,103144.42778312789
2014-03-01,France,,,Sales,OPEX_SALES,ACTUAL_WITH_EVENTS,USD,controlled_event_opex_v1,112891.53044595492
2014-03-01,France,,,,EBITDA,ACTUAL_WITH_EVENTS,USD,derived_controlled_event_v1,-369725.85926225316
2014-03-01,France,,,,OPEX_TOTAL,ACTUAL_WITH_EVENTS,USD,controlled_event_opex_v1,501218.60926225316
2014-03-01,Germany,Amarilla,Small Business,,COGS,ACTUAL_WITH_EVENTS,USD,controlled_event_benchmark_v1,64750.0
2014-03-01,Germany,Amarilla,Small Business,,DISCOUNT,ACTUAL_WITH_EVENTS,USD,controlled_event_benchmark_v1,1554.0
2014-03-01,Germany,Amarilla,Small Business,,GROSS_PROFIT,ACTUAL_WITH_EVENTS,USD,controlled_event_benchmark_v1,11396.0
2014-03-01,Germany,Amarilla,Small Business,,GROSS_SALES,ACTUAL_WITH_EVENTS,USD,controlled_event_benchmark_v1,77700.0
2014-03-01,Germany,Amarilla,Small Business,,REVENUE,ACTUAL_WITH_EVENTS,USD,controlled_event_benchmark_v1,76146.0
2014-03-01,Germany,Carretera,Government,,COGS,ACTUAL_WITH_EVENTS,USD,controlled_event_benchmark_v1,205920.0
2014-03-01,Germany,Carretera,Government,,DISCOUNT,ACTUAL_WITH_EVENTS,USD,controlled_event_benchmark_v1,30492.0
2014-03-01,Germany,Carretera,Government,,GROSS_PROFIT,ACTUAL_WITH_EVENTS,USD,controlled_event_benchmark_v1,40788.0
2014-03-01,Germany,Carretera,Government,,GROSS_SALES,ACTUAL_WITH_EVENTS,USD,controlled_event_benchmark_v1,277200.0
2014-03-01,Germany,Carretera,Government,,REVENUE,ACTUAL_WITH_EVENTS,USD,controlled_event_benchmark_v1,246708.0
2014-03-01,Germany,Montana,Midmarket,,COGS,ACTUAL_WITH_EVENTS,USD,controlled_event_benchmark_v1,9210.0
2014-03-01,Germany,Montana,Midmarket,,DISCOUNT,ACTUAL_WITH_EVENTS,USD,controlled_event_benchmark_v1,0.0
2014-03-01,Germany,Montana,Midmarket,,GROSS_PROFIT,ACTUAL_WITH_EVENTS,USD,controlled_event_benchmark_v1,4605.0
2014-03-01,Germany,Montana,Midmarket,,GROSS_SALES,ACTUAL_WITH_EVENTS,USD,controlled_event_benchmark_v1,13815.0
2014-03-01,Germany,Montana,Midmarket,,REVENUE,ACTUAL_WITH_EVENTS,USD,controlled_event_benchmark_v1,13815.0
2014-03-01,Germany,Paseo,Enterprise,,COGS,ACTUAL_WITH_EVENTS,USD,controlled_event_benchmark_v1,95400.0
2014-03-01,Germany,Paseo,Enterprise,,DISCOUNT,ACTUAL_WITH_EVENTS,USD,controlled_event_benchmark_v1,3975.0
2014-03-01,Germany,Paseo,Enterprise,,GROSS_PROFIT,ACTUAL_WITH_EVENTS,USD,controlled_event_benchmark_v1,0.0
2014-03-01,Germany,Paseo,Enterprise,,GROSS_SALES,ACTUAL_WITH_EVENTS,USD,controlled_event_benchmark_v1,99375.0
2014-03-01,Germany,Paseo,Enterprise,,REVENUE,ACTUAL_WITH_EVENTS,USD,controlled_event_benchmark_v1,95400.0
2014-03-01,Germany,Paseo,Government,,COGS,ACTUAL_WITH_EVENTS,USD,controlled_event_benchmark_v1,11580.0
2014-03-01,Germany,Paseo,Government,,DISCOUNT,ACTUAL_WITH_EVENTS,USD,controlled_event_benchmark_v1,3474.0
2014-03-01,Germany,Paseo,Government,,GROSS_PROFIT,ACTUAL_WITH_EVENTS,USD,controlled_event_benchmark_v1,8106.0
2014-03-01,Germany,Paseo,Government,,GROSS_SALES,ACTUAL_WITH_EVENTS,USD,controlled_event_benchmark_v1,23160.0
2014-03-01,Germany,Paseo,Government,,REVENUE,ACTUAL_WITH_EVENTS,USD,controlled_event_benchmark_v1,19686.0
2014-03-01,Germany,VTT,Government,,COGS,ACTUAL_WITH_EVENTS,USD,controlled_event_benchmark_v1,1315.0
2014-03-01,Germany,VTT,Government,,DISCOUNT,ACTUAL_WITH_EVENTS,USD,controlled_event_benchmark_v1,18.41
2014-03-01,Germany,VTT,Government,,GROSS_PROFIT,ACTUAL_WITH_EVENTS,USD,controlled_event_benchmark_v1,507.5899999999999
2014-03-01,Germany,VTT,Government,,GROSS_SALES,ACTUAL_WITH_EVENTS,USD,controlled_event_benchmark_v1,1841.0
2014-03-01,Germany,VTT,Government,,REVENUE,ACTUAL_WITH_EVENTS,USD,controlled_event_benchmark_v1,1822.59
2014-03-01,Germany,Velo,Channel Partners,,COGS,ACTUAL_WITH_EVENTS,USD,controlled_event_benchmark_v1,6483.0
2014-03-01,Germany,Velo,Channel Partners,,DISCOUNT,ACTUAL_WITH_EVENTS,USD,controlled_event_benchmark_v1,0.0
2014-03-01,Germany,Velo,Channel Partners,,GROSS_PROFIT,ACTUAL_WITH_EVENTS,USD,controlled_event_benchmark_v1,19449.0
2014-03-01,Germany,Velo,Channel Partners,,GROSS_SALES,ACTUAL_WITH_EVENTS,USD,controlled_event_benchmark_v1,25932.0
2014-03-01,Germany,Velo,Channel Partners,,REVENUE,ACTUAL_WITH_EVENTS,USD,controlled_event_benchmark_v1,25932.0
2014-03-01,Germany,,,Finance & G&A,OPEX_GNA,ACTUAL_WITH_EVENTS,USD,controlled_event_opex_v1,26104.90661938373
2014-03-01,Germany,,,Marketing,OPEX_MARKETING,ACTUAL_WITH_EVENTS,USD,controlled_event_opex_v1,34086.08489815394
2014-03-01,Germany,,,Operations,OPEX_OPERATIONS,ACTUAL_WITH_EVENTS,USD,controlled_event_opex_v1,23852.916654685927
2014-03-01,Germany,,,R&D,OPEX_RND,ACTUAL_WITH_EVENTS,USD,controlled_event_opex_v1,32708.403807018058
2014-03-01,Germany,,,Sales,OPEX_SALES,ACTUAL_WITH_EVENTS,USD,controlled_event_opex_v1,35868.4930161135
2014-03-01,Germany,,,,EBITDA,ACTUAL_WITH_EVENTS,USD,derived_controlled_event_v1,-67769.21499535514
2014-03-01,Germany,,,,OPEX_TOTAL,ACTUAL_WITH_EVENTS,USD,controlled_event_opex_v1,152620.80499535514
2014-03-01,Mexico,Amarilla,Small Business,,COGS,ACTUAL_WITH_EVENTS,USD,controlled_event_benchmark_v1,275250.0
2014-03-01,Mexico,Amarilla,Small Business,,DISCOUNT,ACTUAL_WITH_EVENTS,USD,controlled_event_benchmark_v1,6606.0
2014-03-01,Mexico,Amarilla,Small Business,,GROSS_PROFIT,ACTUAL_WITH_EVENTS,USD,controlled_event_benchmark_v1,48444.0
2014-03-01,Mexico,Amarilla,Small Business,,GROSS_SALES,ACTUAL_WITH_EVENTS,USD,controlled_event_benchmark_v1,330300.0
2014-03-01,Mexico,Amarilla,Small Business,,REVENUE,ACTUAL_WITH_EVENTS,USD,controlled_event_benchmark_v1,323694.0
2014-03-01,Mexico,Carretera,Government,,COGS,ACTUAL_WITH_EVENTS,USD,controlled_event_benchmark_v1,314600.0
2014-03-01,Mexico,Carretera,Government,,DISCOUNT,ACTUAL_WITH_EVENTS,USD,controlled_event_benchmark_v1,4235.0
2014-03-01,Mexico,Carretera,Government,,GROSS_PROFIT,ACTUAL_WITH_EVENTS,USD,controlled_event_benchmark_v1,104665.0
2014-03-01,Mexico,Carretera,Government,,GROSS_SALES,ACTUAL_WITH_EVENTS,USD,controlled_event_benchmark_v1,423500.0
2014-03-01,Mexico,Carretera,Government,,REVENUE,ACTUAL_WITH_EVENTS,USD,controlled_event_benchmark_v1,419265.0
2014-03-01,Mexico,Montana,Midmarket,,COGS,ACTUAL_WITH_EVENTS,USD,controlled_event_benchmark_v1,22140.0
2014-03-01,Mexico,Montana,Midmarket,,DISCOUNT,ACTUAL_WITH_EVENTS,USD,controlled_event_benchmark_v1,332.1
2014-03-01,Mexico,Montana,Midmarket,,GROSS_PROFIT,ACTUAL_WITH_EVENTS,USD,controlled_event_benchmark_v1,10737.900000000001
2014-03-01,Mexico,Montana,Midmarket,,GROSS_SALES,ACTUAL_WITH_EVENTS,USD,controlled_event_benchmark_v1,33210.0
2014-03-01,Mexico,Montana,Midmarket,,REVENUE,ACTUAL_WITH_EVENTS,USD,controlled_event_benchmark_v1,32877.9
2014-03-01,Mexico,Paseo,Enterprise,,COGS,ACTUAL_WITH_EVENTS,USD,controlled_event_benchmark_v1,133680.0
2014-03-01,Mexico,Paseo,Enterprise,,DISCOUNT,ACTUAL_WITH_EVENTS,USD,controlled_event_benchmark_v1,11140.0
2014-03-01,Mexico,Paseo,Enterprise,,GROSS_PROFIT,ACTUAL_WITH_EVENTS,USD,controlled_event_benchmark_v1,-5570.0
2014-03-01,Mexico,Paseo,Enterprise,,GROSS_SALES,ACTUAL_WITH_EVENTS,USD,controlled_event_benchmark_v1,139250.0
2014-03-01,Mexico,Paseo,Enterprise,,REVENUE,ACTUAL_WITH_EVENTS,USD,controlled_event_benchmark_v1,128110.0
2014-03-01,Mexico,Paseo,Government,,COGS,ACTUAL_WITH_EVENTS,USD,controlled_event_benchmark_v1,11220.0
2014-03-01,Mexico,Paseo,Government,,DISCOUNT,ACTUAL_WITH_EVENTS,USD,controlled_event_benchmark_v1,2468.4
2014-03-01,Mexico,Paseo,Government,,GROSS_PROFIT,ACTUAL_WITH_EVENTS,USD,controlled_event_benchmark_v1,8751.599999999999
2014-03-01,Mexico,Paseo,Government,,GROSS_SALES,ACTUAL_WITH_EVENTS,USD,controlled_event_benchmark_v1,22440.0
2014-03-01,Mexico,Paseo,Government,,REVENUE,ACTUAL_WITH_EVENTS,USD,controlled_event_benchmark_v1,19971.6
2014-03-01,Mexico,VTT,Government,,COGS,ACTUAL_WITH_EVENTS,USD,controlled_event_benchmark_v1,14515.0
2014-03-01,Mexico,VTT,Government,,DISCOUNT,ACTUAL_WITH_EVENTS,USD,controlled_event_benchmark_v1,2844.94
2014-03-01,Mexico,VTT,Government,,GROSS_PROFIT,ACTUAL_WITH_EVENTS,USD,controlled_event_benchmark_v1,2961.0600000000013
2014-03-01,Mexico,VTT,Government,,GROSS_SALES,ACTUAL_WITH_EVENTS,USD,controlled_event_benchmark_v1,20321.0
2014-03-01,Mexico,VTT,Government,,REVENUE,ACTUAL_WITH_EVENTS,USD,controlled_event_benchmark_v1,17476.06
2014-03-01,Mexico,Velo,Channel Partners,,COGS,ACTUAL_WITH_EVENTS,USD,controlled_event_benchmark_v1,1500.0
2014-03-01,Mexico,Velo,Channel Partners,,DISCOUNT,ACTUAL_WITH_EVENTS,USD,controlled_event_benchmark_v1,900.0
2014-03-01,Mexico,Velo,Channel Partners,,GROSS_PROFIT,ACTUAL_WITH_EVENTS,USD,controlled_event_benchmark_v1,3600.0
2014-03-01,Mexico,Velo,Channel Partners,,GROSS_SALES,ACTUAL_WITH_EVENTS,USD,controlled_event_benchmark_v1,6000.0
2014-03-01,Mexico,Velo,Channel Partners,,REVENUE,ACTUAL_WITH_EVENTS,USD,controlled_event_benchmark_v1,5100.0
2014-03-01,Mexico,,,Finance & G&A,OPEX_GNA,ACTUAL_WITH_EVENTS,USD,controlled_event_opex_v1,44899.176359597914
2014-03-01,Mexico,,,Marketing,OPEX_MARKETING,ACTUAL_WITH_EVENTS,USD,controlled_event_opex_v1,59697.556954614076
2014-03-01,Mexico,,,Operations,OPEX_OPERATIONS,ACTUAL_WITH_EVENTS,USD,controlled_event_opex_v1,40696.29144283616
2014-03-01,Mexico,,,R&D,OPEX_RND,ACTUAL_WITH_EVENTS,USD,controlled_event_opex_v1,57150.81991179765
2014-03-01,Mexico,,,Sales,OPEX_SALES,ACTUAL_WITH_EVENTS,USD,controlled_event_opex_v1,61874.065063523354
2014-03-01,Mexico,,,,EBITDA,ACTUAL_WITH_EVENTS,USD,derived_controlled_event_v1,-90728.34973236913
2014-03-01,Mexico,,,,OPEX_TOTAL,ACTUAL_WITH_EVENTS,USD,controlled_event_opex_v1,264317.9097323691
2014-03-01,United States of America,Amarilla,Small Business,,COGS,ACTUAL_WITH_EVENTS,USD,controlled_event_benchmark_v1,748250.0
2014-03-01,United States of America,Amarilla,Small Business,,DISCOUNT,ACTUAL_WITH_EVENTS,USD,controlled_event_benchmark_v1,89790.0
2014-03-01,United States of America,Amarilla,Small Business,,GROSS_PROFIT,ACTUAL_WITH_EVENTS,USD,controlled_event_benchmark_v1,59860.0
2014-03-01,United States of America,Amarilla,Small Business,,GROSS_SALES,ACTUAL_WITH_EVENTS,USD,controlled_event_benchmark_v1,897900.0
2014-03-01,United States of America,Amarilla,Small Business,,REVENUE,ACTUAL_WITH_EVENTS,USD,controlled_event_benchmark_v1,808110.0
2014-03-01,United States of America,Carretera,Government,,COGS,ACTUAL_WITH_EVENTS,USD,controlled_event_benchmark_v1,457860.0
2014-03-01,United States of America,Carretera,Government,,DISCOUNT,ACTUAL_WITH_EVENTS,USD,controlled_event_benchmark_v1,43144.50000000001
2014-03-01,United States of America,Carretera,Government,,GROSS_PROFIT,ACTUAL_WITH_EVENTS,USD,controlled_event_benchmark_v1,115345.5
2014-03-01,United States of America,Carretera,Government,,GROSS_SALES,ACTUAL_WITH_EVENTS,USD,controlled_event_benchmark_v1,616350.0
2014-03-01,United States of America,Carretera,Government,,REVENUE,ACTUAL_WITH_EVENTS,USD,controlled_event_benchmark_v1,573205.5
2014-03-01,United States of America,Montana,Midmarket,,COGS,ACTUAL_WITH_EVENTS,USD,controlled_event_benchmark_v1,6770.0
2014-03-01,United States of America,Montana,Midmarket,,DISCOUNT,ACTUAL_WITH_EVENTS,USD,controlled_event_benchmark_v1,1218.6
2014-03-01,United States of America,Montana,Midmarket,,GROSS_PROFIT,ACTUAL_WITH_EVENTS,USD,controlled_event_benchmark_v1,2166.3999999999996
2014-03-01,United States of America,Montana,Midmarket,,GROSS_SALES,ACTUAL_WITH_EVENTS,USD,controlled_event_benchmark_v1,10155.0
2014-03-01,United States of America,Montana,Midmarket,,REVENUE,ACTUAL_WITH_EVENTS,USD,controlled_event_benchmark_v1,8936.4
2014-03-01,United States of America,Paseo,Enterprise,,COGS,ACTUAL_WITH_EVENTS,USD,controlled_event_benchmark_v1,359040.0
2014-03-01,United States of America,Paseo,Enterprise,,DISCOUNT,ACTUAL_WITH_EVENTS,USD,controlled_event_benchmark_v1,18700.0
2014-03-01,United States of America,Paseo,Enterprise,,GROSS_PROFIT,ACTUAL_WITH_EVENTS,USD,controlled_event_benchmark_v1,-3740.0
2014-03-01,United States of America,Paseo,Enterprise,,GROSS_SALES,ACTUAL_WITH_EVENTS,USD,controlled_event_benchmark_v1,374000.0
2014-03-01,United States of America,Paseo,Enterprise,,REVENUE,ACTUAL_WITH_EVENTS,USD,controlled_event_benchmark_v1,355300.0
2014-03-01,United States of America,Paseo,Government,,COGS,ACTUAL_WITH_EVENTS,USD,controlled_event_benchmark_v1,9730.0
2014-03-01,United States of America,Paseo,Government,,DISCOUNT,ACTUAL_WITH_EVENTS,USD,controlled_event_benchmark_v1,1751.3999999999999
2014-03-01,United States of America,Paseo,Government,,GROSS_PROFIT,ACTUAL_WITH_EVENTS,USD,controlled_event_benchmark_v1,7978.5999999999985
2014-03-01,United States of America,Paseo,Government,,GROSS_SALES,ACTUAL_WITH_EVENTS,USD,controlled_event_benchmark_v1,19460.0
2014-03-01,United States of America,Paseo,Government,,REVENUE,ACTUAL_WITH_EVENTS,USD,controlled_event_benchmark_v1,17708.6
2014-03-01,United States of America,VTT,Government,,COGS,ACTUAL_WITH_EVENTS,USD,controlled_event_benchmark_v1,7895.0
2014-03-01,United States of America,VTT,Government,,DISCOUNT,ACTUAL_WITH_EVENTS,USD,controlled_event_benchmark_v1,1215.829999999999
2014-03-01,United States of America,VTT,Government,,GROSS_PROFIT,ACTUAL_WITH_EVENTS,USD,controlled_event_benchmark_v1,1942.170000000002
2014-03-01,United States of America,VTT,Government,,GROSS_SALES,ACTUAL_WITH_EVENTS,USD,controlled_event_benchmark_v1,11053.0
2014-03-01,United States of America,VTT,Government,,REVENUE,ACTUAL_WITH_EVENTS,USD,controlled_event_benchmark_v1,9837.170000000002
2014-03-01,United States of America,Velo,Channel Partners,,COGS,ACTUAL_WITH_EVENTS,USD,controlled_event_benchmark_v1,4395.0
2014-03-01,United States of America,Velo,Channel Partners,,DISCOUNT,ACTUAL_WITH_EVENTS,USD,controlled_event_benchmark_v1,703.2
2014-03-01,United States of America,Velo,Channel Partners,,GROSS_PROFIT,ACTUAL_WITH_EVENTS,USD,controlled_event_benchmark_v1,12481.8
2014-03-01,United States of America,Velo,Channel Partners,,GROSS_SALES,ACTUAL_WITH_EVENTS,USD,controlled_event_benchmark_v1,17580.0
2014-03-01,United States of America,Velo,Channel Partners,,REVENUE,ACTUAL_WITH_EVENTS,USD,controlled_event_benchmark_v1,16876.8
2014-03-01,United States of America,,,Finance & G&A,OPEX_GNA,ACTUAL_WITH_EVENTS,USD,controlled_event_opex_v1,99715.95194200202
2014-03-01,United States of America,,,Marketing,OPEX_MARKETING,ACTUAL_WITH_EVENTS,USD,controlled_event_opex_v1,131779.4771013768
2014-03-01,United States of America,,,Operations,OPEX_OPERATIONS,ACTUAL_WITH_EVENTS,USD,controlled_event_opex_v1,92367.65373920964
2014-03-01,United States of America,,,R&D,OPEX_RND,ACTUAL_WITH_EVENTS,USD,controlled_event_opex_v1,123580.12018021844
2014-03-01,United States of America,,,Sales,OPEX_SALES,ACTUAL_WITH_EVENTS,USD,controlled_event_opex_v1,138070.63296851053
2014-03-01,United States of America,,,,EBITDA,ACTUAL_WITH_EVENTS,USD,derived_controlled_event_v1,-389479.36593131744
2014-03-01,United States of America,,,,OPEX_TOTAL,ACTUAL_WITH_EVENTS,USD,controlled_event_opex_v1,585513.8359313174
2014-04-01,Canada,Amarilla,Channel Partners,,COGS,ACTUAL_WITH_EVENTS,USD,controlled_event_benchmark_v1,10561.5
2014-04-01,Canada,Amarilla,Channel Partners,,DISCOUNT,ACTUAL_WITH_EVENTS,USD,controlled_event_benchmark_v1,4224.6
2014-04-01,Canada,Amarilla,Channel Partners,,GROSS_PROFIT,ACTUAL_WITH_EVENTS,USD,controlled_event_benchmark_v1,27459.9
2014-04-01,Canada,Amarilla,Channel Partners,,GROSS_SALES,ACTUAL_WITH_EVENTS,USD,controlled_event_benchmark_v1,42246.0
2014-04-01,Canada,Amarilla,Channel Partners,,REVENUE,ACTUAL_WITH_EVENTS,USD,controlled_event_benchmark_v1,38021.4
2014-04-01,Canada,Carretera,Enterprise,,COGS,ACTUAL_WITH_EVENTS,USD,controlled_event_benchmark_v1,89100.0
2014-04-01,Canada,Carretera,Enterprise,,DISCOUNT,ACTUAL_WITH_EVENTS,USD,controlled_event_benchmark_v1,1856.25
2014-04-01,Canada,Carretera,Enterprise,,GROSS_PROFIT,ACTUAL_WITH_EVENTS,USD,controlled_event_benchmark_v1,1856.25
2014-04-01,Canada,Carretera,Enterprise,,GROSS_SALES,ACTUAL_WITH_EVENTS,USD,controlled_event_benchmark_v1,92812.5
2014-04-01,Canada,Carretera,Enterprise,,REVENUE,ACTUAL_WITH_EVENTS,USD,controlled_event_benchmark_v1,90956.25
2014-04-01,Canada,Montana,Small Business,,COGS,ACTUAL_WITH_EVENTS,USD,controlled_event_benchmark_v1,950625.0
2014-04-01,Canada,Montana,Small Business,,DISCOUNT,ACTUAL_WITH_EVENTS,USD,controlled_event_benchmark_v1,102667.5
2014-04-01,Canada,Montana,Small Business,,GROSS_PROFIT,ACTUAL_WITH_EVENTS,USD,controlled_event_benchmark_v1,87457.5
2014-04-01,Canada,Montana,Small Business,,GROSS_SALES,ACTUAL_WITH_EVENTS,USD,controlled_event_benchmark_v1,1140750.0
2014-04-01,Canada,Montana,Small Business,,REVENUE,ACTUAL_WITH_EVENTS,USD,controlled_event_benchmark_v1,1038082.5
2014-04-01,Canada,Paseo,Government,,COGS,ACTUAL_WITH_EVENTS,USD,controlled_event_benchmark_v1,3615.0
2014-04-01,Canada,Paseo,Government,,DISCOUNT,ACTUAL_WITH_EVENTS,USD,controlled_event_benchmark_v1,759.15
2014-04-01,Canada,Paseo,Government,,GROSS_PROFIT,ACTUAL_WITH_EVENTS,USD,controlled_event_benchmark_v1,686.8500000000004
2014-04-01,Canada,Paseo,Government,,GROSS_SALES,ACTUAL_WITH_EVENTS,USD,controlled_event_benchmark_v1,5061.0
2014-04-01,Canada,Paseo,Government,,REVENUE,ACTUAL_WITH_EVENTS,USD,controlled_event_benchmark_v1,4301.85
2014-04-01,Canada,Paseo,Midmarket,,COGS,ACTUAL_WITH_EVENTS,USD,controlled_event_benchmark_v1,16140.0
2014-04-01,Canada,Paseo,Midmarket,,DISCOUNT,ACTUAL_WITH_EVENTS,USD,controlled_event_benchmark_v1,3631.5
2014-04-01,Canada,Paseo,Midmarket,,GROSS_PROFIT,ACTUAL_WITH_EVENTS,USD,controlled_event_benchmark_v1,4438.5
2014-04-01,Canada,Paseo,Midmarket,,GROSS_SALES,ACTUAL_WITH_EVENTS,USD,controlled_event_benchmark_v1,24210.0
2014-04-01,Canada,Paseo,Midmarket,,REVENUE,ACTUAL_WITH_EVENTS,USD,controlled_event_benchmark_v1,20578.5
2014-04-01,Canada,VTT,Government,,COGS,ACTUAL_WITH_EVENTS,USD,controlled_event_benchmark_v1,245310.0
2014-04-01,Canada,VTT,Government,,DISCOUNT,ACTUAL_WITH_EVENTS,USD,controlled_event_benchmark_v1,3302.25
2014-04-01,Canada,VTT,Government,,GROSS_PROFIT,ACTUAL_WITH_EVENTS,USD,controlled_event_benchmark_v1,81612.75
2014-04-01,Canada,VTT,Government,,GROSS_SALES,ACTUAL_WITH_EVENTS,USD,controlled_event_benchmark_v1,330225.0
2014-04-01,Canada,VTT,Government,,REVENUE,ACTUAL_WITH_EVENTS,USD,controlled_event_benchmark_v1,326922.75
2014-04-01,Canada,Velo,Government,,COGS,ACTUAL_WITH_EVENTS,USD,controlled_event_benchmark_v1,38505.0
2014-04-01,Canada,Velo,Government,,DISCOUNT,ACTUAL_WITH_EVENTS,USD,controlled_event_benchmark_v1,2310.2999999999997
2014-04-01,Canada,Velo,Government,,GROSS_PROFIT,ACTUAL_WITH_EVENTS,USD,controlled_event_benchmark_v1,36194.7
2014-04-01,Canada,Velo,Government,,GROSS_SALES,ACTUAL_WITH_EVENTS,USD,controlled_event_benchmark_v1,77010.0
2014-04-01,Canada,Velo,Government,,REVENUE,ACTUAL_WITH_EVENTS,USD,controlled_event_benchmark_v1,74699.7
2014-04-01,Canada,,,Finance & G&A,OPEX_GNA,ACTUAL_WITH_EVENTS,USD,controlled_event_opex_v1,67807.74571444838
2014-04-01,Canada,,,Marketing,OPEX_MARKETING,ACTUAL_WITH_EVENTS,USD,controlled_event_opex_v1,97317.93397677323
2014-04-01,Canada,,,Operations,OPEX_OPERATIONS,ACTUAL_WITH_EVENTS,USD,controlled_event_opex_v1,65790.57110207649
2014-04-01,Canada,,,R&D,OPEX_RND,ACTUAL_WITH_EVENTS,USD,controlled_event_opex_v1,83925.40483323764
2014-04-01,Canada,,,Sales,OPEX_SALES,ACTUAL_WITH_EVENTS,USD,controlled_event_opex_v1,97916.12512187762
2014-04-01,Canada,,,,EBITDA,ACTUAL_WITH_EVENTS,USD,derived_controlled_event_v1,-173051.33074841334
2014-04-01,Canada,,,,OPEX_TOTAL,ACTUAL_WITH_EVENTS,USD,controlled_event_opex_v1,412757.78074841335
2014-04-01,France,Carretera,Enterprise,,COGS,ACTUAL_WITH_EVENTS,USD,controlled_event_benchmark_v1,509220.0
2014-04-01,France,Carretera,Enterprise,,DISCOUNT,ACTUAL_WITH_EVENTS,USD,controlled_event_benchmark_v1,15913.125
2014-04-01,France,Carretera,Enterprise,,GROSS_PROFIT,ACTUAL_WITH_EVENTS,USD,controlled_event_benchmark_v1,5304.375
2014-04-01,France,Carretera,Enterprise,,GROSS_SALES,ACTUAL_WITH_EVENTS,USD,controlled_event_benchmark_v1,530437.5
2014-04-01,France,Carretera,Enterprise,,REVENUE,ACTUAL_WITH_EVENTS,USD,controlled_event_benchmark_v1,514524.375
2014-04-01,France,Montana,Small Business,,COGS,ACTUAL_WITH_EVENTS,USD,controlled_event_benchmark_v1,443250.0
2014-04-01,France,Montana,Small Business,,DISCOUNT,ACTUAL_WITH_EVENTS,USD,controlled_event_benchmark_v1,63828.0
2014-04-01,France,Montana,Small Business,,GROSS_PROFIT,ACTUAL_WITH_EVENTS,USD,controlled_event_benchmark_v1,24822.0
2014-04-01,France,Montana,Small Business,,GROSS_SALES,ACTUAL_WITH_EVENTS,USD,controlled_event_benchmark_v1,531900.0
2014-04-01,France,Montana,Small Business,,REVENUE,ACTUAL_WITH_EVENTS,USD,controlled_event_benchmark_v1,468072.0
2014-04-01,France,Paseo,Government,,COGS,ACTUAL_WITH_EVENTS,USD,controlled_event_benchmark_v1,12660.0
2014-04-01,France,Paseo,Government,,DISCOUNT,ACTUAL_WITH_EVENTS,USD,controlled_event_benchmark_v1,1949.6399999999983
2014-04-01,France,Paseo,Government,,GROSS_PROFIT,ACTUAL_WITH_EVENTS,USD,controlled_event_benchmark_v1,3114.3600000000024
2014-04-01,France,Paseo,Government,,GROSS_SALES,ACTUAL_WITH_EVENTS,USD,controlled_event_benchmark_v1,17724.0
2014-04-01,France,Paseo,Government,,REVENUE,ACTUAL_WITH_EVENTS,USD,controlled_event_benchmark_v1,15774.360000000002
2014-04-01,France,Paseo,Midmarket,,COGS,ACTUAL_WITH_EVENTS,USD,controlled_event_benchmark_v1,38010.0
2014-04-01,France,Paseo,Midmarket,,DISCOUNT,ACTUAL_WITH_EVENTS,USD,controlled_event_benchmark_v1,3420.899999999994
2014-04-01,France,Paseo,Midmarket,,GROSS_PROFIT,ACTUAL_WITH_EVENTS,USD,controlled_event_benchmark_v1,15584.100000000006
2014-04-01,France,Paseo,Midmarket,,GROSS_SALES,ACTUAL_WITH_EVENTS,USD,controlled_event_benchmark_v1,57015.0
2014-04-01,France,Paseo,Midmarket,,REVENUE,ACTUAL_WITH_EVENTS,USD,controlled_event_benchmark_v1,53594.100000000006
2014-04-01,France,VTT,Channel Partners,,COGS,ACTUAL_WITH_EVENTS,USD,controlled_event_benchmark_v1,5215.5
2014-04-01,France,VTT,Channel Partners,,DISCOUNT,ACTUAL_WITH_EVENTS,USD,controlled_event_benchmark_v1,1460.3399999999979
2014-04-01,France,VTT,Channel Partners,,GROSS_PROFIT,ACTUAL_WITH_EVENTS,USD,controlled_event_benchmark_v1,14186.160000000003
2014-04-01,France,VTT,Channel Partners,,GROSS_SALES,ACTUAL_WITH_EVENTS,USD,controlled_event_benchmark_v1,20862.0
2014-04-01,France,VTT,Channel Partners,,REVENUE,ACTUAL_WITH_EVENTS,USD,controlled_event_benchmark_v1,19401.660000000003
2014-04-01,France,VTT,Government,,COGS,ACTUAL_WITH_EVENTS,USD,controlled_event_benchmark_v1,149370.0
2014-04-01,France,VTT,Government,,DISCOUNT,ACTUAL_WITH_EVENTS,USD,controlled_event_benchmark_v1,16086.0
2014-04-01,France,VTT,Government,,GROSS_PROFIT,ACTUAL_WITH_EVENTS,USD,controlled_event_benchmark_v1,35619.0
2014-04-01,France,VTT,Government,,GROSS_SALES,ACTUAL_WITH_EVENTS,USD,controlled_event_benchmark_v1,201075.0
2014-04-01,France,VTT,Government,,REVENUE,ACTUAL_WITH_EVENTS,USD,controlled_event_benchmark_v1,184989.0
2014-04-01,France,Velo,Government,,COGS,ACTUAL_WITH_EVENTS,USD,controlled_event_benchmark_v1,38640.0
2014-04-01,France,Velo,Government,,DISCOUNT,ACTUAL_WITH_EVENTS,USD,controlled_event_benchmark_v1,772.8000000000001
2014-04-01,France,Velo,Government,,GROSS_PROFIT,ACTUAL_WITH_EVENTS,USD,controlled_event_benchmark_v1,37867.2
2014-04-01,France,Velo,Government,,GROSS_SALES,ACTUAL_WITH_EVENTS,USD,controlled_event_benchmark_v1,77280.0
2014-04-01,France,Velo,Government,,REVENUE,ACTUAL_WITH_EVENTS,USD,controlled_event_benchmark_v1,76507.2
2014-04-01,France,,,Finance & G&A,OPEX_GNA,ACTUAL_WITH_EVENTS,USD,controlled_event_opex_v1,60741.5133402494
2014-04-01,France,,,Marketing,OPEX_MARKETING,ACTUAL_WITH_EVENTS,USD,controlled_event_opex_v1,98346.88307838842
2014-04-01,France,,,Operations,OPEX_OPERATIONS,ACTUAL_WITH_EVENTS,USD,controlled_event_opex_v1,59799.56444642064
2014-04-01,France,,,R&D,OPEX_RND,ACTUAL_WITH_EVENTS,USD,controlled_event_opex_v1,73704.6269706782
2014-04-01,France,,,Sales,OPEX_SALES,ACTUAL_WITH_EVENTS,USD,controlled_event_opex_v1,84572.98491606218
2014-04-01,France,,,,EBITDA,ACTUAL_WITH_EVENTS,USD,derived_controlled_event_v1,-240668.37775179883
2014-04-01,France,,,,OPEX_TOTAL,ACTUAL_WITH_EVENTS,USD,controlled_event_opex_v1,377165.57275179884
2014-04-01,Germany,Amarilla,Enterprise,,COGS,ACTUAL_WITH_EVENTS,USD,controlled_event_benchmark_v1,506340.0
2014-04-01,Germany,Amarilla,Enterprise,,DISCOUNT,ACTUAL_WITH_EVENTS,USD,controlled_event_benchmark_v1,0.0
2014-04-01,Germany,Amarilla,Enterprise,,GROSS_PROFIT,ACTUAL_WITH_EVENTS,USD,controlled_event_benchmark_v1,21097.5
2014-04-01,Germany,Amarilla,Enterprise,,GROSS_SALES,ACTUAL_WITH_EVENTS,USD,controlled_event_benchmark_v1,527437.5
2014-04-01,Germany,Amarilla,Enterprise,,REVENUE,ACTUAL_WITH_EVENTS,USD,controlled_event_benchmark_v1,527437.5
2014-04-01,Germany,Carretera,Government,,COGS,ACTUAL_WITH_EVENTS,USD,controlled_event_benchmark_v1,25800.0
2014-04-01,Germany,Carretera,Government,,DISCOUNT,ACTUAL_WITH_EVENTS,USD,controlled_event_benchmark_v1,1548.0
2014-04-01,Germany,Carretera,Government,,GROSS_PROFIT,ACTUAL_WITH_EVENTS,USD,controlled_event_benchmark_v1,24252.0
2014-04-01,Germany,Carretera,Government,,GROSS_SALES,ACTUAL_WITH_EVENTS,USD,controlled_event_benchmark_v1,51600.0
2014-04-01,Germany,Carretera,Government,,REVENUE,ACTUAL_WITH_EVENTS,USD,controlled_event_benchmark_v1,50052.0
2014-04-01,Germany,Montana,Government,,COGS,ACTUAL_WITH_EVENTS,USD,controlled_event_benchmark_v1,311740.0
2014-04-01,Germany,Montana,Government,,DISCOUNT,ACTUAL_WITH_EVENTS,USD,controlled_event_benchmark_v1,58751.00000000001
2014-04-01,Germany,Montana,Government,,GROSS_PROFIT,ACTUAL_WITH_EVENTS,USD,controlled_event_benchmark_v1,49159.0
2014-04-01,Germany,Montana,Government,,GROSS_SALES,ACTUAL_WITH_EVENTS,USD,controlled_event_benchmark_v1,419650.0
2014-04-01,Germany,Montana,Government,,REVENUE,ACTUAL_WITH_EVENTS,USD,controlled_event_benchmark_v1,360899.0
2014-04-01,Germany,Paseo,Government,,COGS,ACTUAL_WITH_EVENTS,USD,controlled_event_benchmark_v1,6295.0
2014-04-01,Germany,Paseo,Government,,DISCOUNT,ACTUAL_WITH_EVENTS,USD,controlled_event_benchmark_v1,705.04
2014-04-01,Germany,Paseo,Government,,GROSS_PROFIT,ACTUAL_WITH_EVENTS,USD,controlled_event_benchmark_v1,1812.96
2014-04-01,Germany,Paseo,Government,,GROSS_SALES,ACTUAL_WITH_EVENTS,USD,controlled_event_benchmark_v1,8813.0
2014-04-01,Germany,Paseo,Government,,REVENUE,ACTUAL_WITH_EVENTS,USD,controlled_event_benchmark_v1,8107.96
2014-04-01,Germany,Paseo,Small Business,,COGS,ACTUAL_WITH_EVENTS,USD,controlled_event_benchmark_v1,353625.0
2014-04-01,Germany,Paseo,Small Business,,DISCOUNT,ACTUAL_WITH_EVENTS,USD,controlled_event_benchmark_v1,16974.0
2014-04-01,Germany,Paseo,Small Business,,GROSS_PROFIT,ACTUAL_WITH_EVENTS,USD,controlled_event_benchmark_v1,53751.0
2014-04-01,Germany,Paseo,Small Business,,GROSS_SALES,ACTUAL_WITH_EVENTS,USD,controlled_event_benchmark_v1,424350.0
2014-04-01,Germany,Paseo,Small Business,,REVENUE,ACTUAL_WITH_EVENTS,USD,controlled_event_benchmark_v1,407376.0
2014-04-01,Germany,VTT,Channel Partners,,COGS,ACTUAL_WITH_EVENTS,USD,controlled_event_benchmark_v1,8514.0
2014-04-01,Germany,VTT,Channel Partners,,DISCOUNT,ACTUAL_WITH_EVENTS,USD,controlled_event_benchmark_v1,0.0
2014-04-01,Germany,VTT,Channel Partners,,GROSS_PROFIT,ACTUAL_WITH_EVENTS,USD,controlled_event_benchmark_v1,25542.0
2014-04-01,Germany,VTT,Channel Partners,,GROSS_SALES,ACTUAL_WITH_EVENTS,USD,controlled_event_benchmark_v1,34056.0
2014-04-01,Germany,VTT,Channel Partners,,REVENUE,ACTUAL_WITH_EVENTS,USD,controlled_event_benchmark_v1,34056.0
2014-04-01,Germany,Velo,Midmarket,,COGS,ACTUAL_WITH_EVENTS,USD,controlled_event_benchmark_v1,5100.0
2014-04-01,Germany,Velo,Midmarket,,DISCOUNT,ACTUAL_WITH_EVENTS,USD,controlled_event_benchmark_v1,765.0
2014-04-01,Germany,Velo,Midmarket,,GROSS_PROFIT,ACTUAL_WITH_EVENTS,USD,controlled_event_benchmark_v1,1785.0
2014-04-01,Germany,Velo,Midmarket,,GROSS_SALES,ACTUAL_WITH_EVENTS,USD,controlled_event_benchmark_v1,7650.0
2014-04-01,Germany,Velo,Midmarket,,REVENUE,ACTUAL_WITH_EVENTS,USD,controlled_event_benchmark_v1,6885.0
2014-04-01,Germany,,,Finance & G&A,OPEX_GNA,ACTUAL_WITH_EVENTS,USD,controlled_event_opex_v1,65990.5507273996
2014-04-01,Germany,,,Marketing,OPEX_MARKETING,ACTUAL_WITH_EVENTS,USD,controlled_event_opex_v1,89839.38843072671
2014-04-01,Germany,,,Operations,OPEX_OPERATIONS,ACTUAL_WITH_EVENTS,USD,controlled_event_opex_v1,61352.06779891881
2014-04-01,Germany,,,R&D,OPEX_RND,ACTUAL_WITH_EVENTS,USD,controlled_event_opex_v1,80133.28616453585
2014-04-01,Germany,,,Sales,OPEX_SALES,ACTUAL_WITH_EVENTS,USD,controlled_event_opex_v1,90847.27953178913
2014-04-01,Germany,,,,EBITDA,ACTUAL_WITH_EVENTS,USD,derived_controlled_event_v1,-210763.1126533701
2014-04-01,Germany,,,,OPEX_TOTAL,ACTUAL_WITH_EVENTS,USD,controlled_event_opex_v1,388162.5726533701
2014-04-01,Mexico,Amarilla,Enterprise,,COGS,ACTUAL_WITH_EVENTS,USD,controlled_event_benchmark_v1,128880.0
2014-04-01,Mexico,Amarilla,Enterprise,,DISCOUNT,ACTUAL_WITH_EVENTS,USD,controlled_event_benchmark_v1,5370.0
2014-04-01,Mexico,Amarilla,Enterprise,,GROSS_PROFIT,ACTUAL_WITH_EVENTS,USD,controlled_event_benchmark_v1,0.0
2014-04-01,Mexico,Amarilla,Enterprise,,GROSS_SALES,ACTUAL_WITH_EVENTS,USD,controlled_event_benchmark_v1,134250.0
2014-04-01,Mexico,Amarilla,Enterprise,,REVENUE,ACTUAL_WITH_EVENTS,USD,controlled_event_benchmark_v1,128880.0
2014-04-01,Mexico,Carretera,Government,,COGS,ACTUAL_WITH_EVENTS,USD,controlled_event_benchmark_v1,25790.0
2014-04-01,Mexico,Carretera,Government,,DISCOUNT,ACTUAL_WITH_EVENTS,USD,controlled_event_benchmark_v1,7221.199999999995
2014-04-01,Mexico,Carretera,Government,,GROSS_PROFIT,ACTUAL_WITH_EVENTS,USD,controlled_event_benchmark_v1,18568.800000000003
2014-04-01,Mexico,Carretera,Government,,GROSS_SALES,ACTUAL_WITH_EVENTS,USD,controlled_event_benchmark_v1,51580.0
2014-04-01,Mexico,Carretera,Government,,REVENUE,ACTUAL_WITH_EVENTS,USD,controlled_event_benchmark_v1,44358.8
2014-04-01,Mexico,Montana,Government,,COGS,ACTUAL_WITH_EVENTS,USD,controlled_event_benchmark_v1,254800.0
2014-04-01,Mexico,Montana,Government,,DISCOUNT,ACTUAL_WITH_EVENTS,USD,controlled_event_benchmark_v1,20580.0
2014-04-01,Mexico,Montana,Government,,GROSS_PROFIT,ACTUAL_WITH_EVENTS,USD,controlled_event_benchmark_v1,67620.0
2014-04-01,Mexico,Montana,Government,,GROSS_SALES,ACTUAL_WITH_EVENTS,USD,controlled_event_benchmark_v1,343000.0
2014-04-01,Mexico,Montana,Government,,REVENUE,ACTUAL_WITH_EVENTS,USD,controlled_event_benchmark_v1,322420.0
2014-04-01,Mexico,Paseo,Government,,COGS,ACTUAL_WITH_EVENTS,USD,controlled_event_benchmark_v1,12675.0
2014-04-01,Mexico,Paseo,Government,,DISCOUNT,ACTUAL_WITH_EVENTS,USD,controlled_event_benchmark_v1,2661.75
2014-04-01,Mexico,Paseo,Government,,GROSS_PROFIT,ACTUAL_WITH_EVENTS,USD,controlled_event_benchmark_v1,2408.25
2014-04-01,Mexico,Paseo,Government,,GROSS_SALES,ACTUAL_WITH_EVENTS,USD,controlled_event_benchmark_v1,17745.0
2014-04-01,Mexico,Paseo,Government,,REVENUE,ACTUAL_WITH_EVENTS,USD,controlled_event_benchmark_v1,15083.25
2014-04-01,Mexico,Paseo,Small Business,,COGS,ACTUAL_WITH_EVENTS,USD,controlled_event_benchmark_v1,401750.0
2014-04-01,Mexico,Paseo,Small Business,,DISCOUNT,ACTUAL_WITH_EVENTS,USD,controlled_event_benchmark_v1,24105.0
2014-04-01,Mexico,Paseo,Small Business,,GROSS_PROFIT,ACTUAL_WITH_EVENTS,USD,controlled_event_benchmark_v1,56245.0
2014-04-01,Mexico,Paseo,Small Business,,GROSS_SALES,ACTUAL_WITH_EVENTS,USD,controlled_event_benchmark_v1,482100.0
2014-04-01,Mexico,Paseo,Small Business,,REVENUE,ACTUAL_WITH_EVENTS,USD,controlled_event_benchmark_v1,457995.0
2014-04-01,Mexico,VTT,Channel Partners,,COGS,ACTUAL_WITH_EVENTS,USD,controlled_event_benchmark_v1,5748.0
2014-04-01,Mexico,VTT,Channel Partners,,DISCOUNT,ACTUAL_WITH_EVENTS,USD,controlled_event_benchmark_v1,689.76
2014-04-01,Mexico,VTT,Channel Partners,,GROSS_PROFIT,ACTUAL_WITH_EVENTS,USD,controlled_event_benchmark_v1,16554.24
2014-04-01,Mexico,VTT,Channel Partners,,GROSS_SALES,ACTUAL_WITH_EVENTS,USD,controlled_event_benchmark_v1,22992.0
2014-04-01,Mexico,VTT,Channel Partners,,REVENUE,ACTUAL_WITH_EVENTS,USD,controlled_event_benchmark_v1,22302.24
2014-04-01,Mexico,Velo,Midmarket,,COGS,ACTUAL_WITH_EVENTS,USD,controlled_event_benchmark_v1,26280.0
2014-04-01,Mexico,Velo,Midmarket,,DISCOUNT,ACTUAL_WITH_EVENTS,USD,controlled_event_benchmark_v1,3547.7999999999997
2014-04-01,Mexico,Velo,Midmarket,,GROSS_PROFIT,ACTUAL_WITH_EVENTS,USD,controlled_event_benchmark_v1,9592.199999999997
2014-04-01,Mexico,Velo,Midmarket,,GROSS_SALES,ACTUAL_WITH_EVENTS,USD,controlled_event_benchmark_v1,39420.0
2014-04-01,Mexico,Velo,Midmarket,,REVENUE,ACTUAL_WITH_EVENTS,USD,controlled_event_benchmark_v1,35872.2
2014-04-01,Mexico,,,Finance & G&A,OPEX_GNA,ACTUAL_WITH_EVENTS,USD,controlled_event_opex_v1,42777.922738415204
2014-04-01,Mexico,,,Marketing,OPEX_MARKETING,ACTUAL_WITH_EVENTS,USD,controlled_event_opex_v1,57403.58228294161
2014-04-01,Mexico,,,Operations,OPEX_OPERATIONS,ACTUAL_WITH_EVENTS,USD,controlled_event_opex_v1,39122.93650045397
2014-04-01,Mexico,,,R&D,OPEX_RND,ACTUAL_WITH_EVENTS,USD,controlled_event_opex_v1,50830.716131405024
2014-04-01,Mexico,,,Sales,OPEX_SALES,ACTUAL_WITH_EVENTS,USD,controlled_event_opex_v1,56894.33921063885
2014-04-01,Mexico,,,,EBITDA,ACTUAL_WITH_EVENTS,USD,derived_controlled_event_v1,-76041.00686385465
2014-04-01,Mexico,,,,OPEX_TOTAL,ACTUAL_WITH_EVENTS,USD,controlled_event_opex_v1,247029.49686385464
2014-04-01,United States of America,Amarilla,Channel Partners,,COGS,ACTUAL_WITH_EVENTS,USD,controlled_event_benchmark_v1,5859.0
2014-04-01,United States of America,Amarilla,Channel Partners,,DISCOUNT,ACTUAL_WITH_EVENTS,USD,controlled_event_benchmark_v1,1171.8
2014-04-01,United States of America,Amarilla,Channel Partners,,GROSS_PROFIT,ACTUAL_WITH_EVENTS,USD,controlled_event_benchmark_v1,16405.2
2014-04-01,United States of America,Amarilla,Channel Partners,,GROSS_SALES,ACTUAL_WITH_EVENTS,USD,controlled_event_benchmark_v1,23436.0
2014-04-01,United States of America,Amarilla,Channel Partners,,REVENUE,ACTUAL_WITH_EVENTS,USD,controlled_event_benchmark_v1,22264.2
2014-04-01,United States of America,Carretera,Enterprise,,COGS,ACTUAL_WITH_EVENTS,USD,controlled_event_benchmark_v1,413460.0
2014-04-01,United States of America,Carretera,Enterprise,,DISCOUNT,ACTUAL_WITH_EVENTS,USD,controlled_event_benchmark_v1,43068.75
2014-04-01,United States of America,Carretera,Enterprise,,GROSS_PROFIT,ACTUAL_WITH_EVENTS,USD,controlled_event_benchmark_v1,-25841.25
2014-04-01,United States of America,Carretera,Enterprise,,GROSS_SALES,ACTUAL_WITH_EVENTS,USD,controlled_event_benchmark_v1,430687.5
2014-04-01,United States of America,Carretera,Enterprise,,REVENUE,ACTUAL_WITH_EVENTS,USD,controlled_event_benchmark_v1,387618.75
2014-04-01,United States of America,Montana,Small Business,,COGS,ACTUAL_WITH_EVENTS,USD,controlled_event_benchmark_v1,575250.0
2014-04-01,United States of America,Montana,Small Business,,DISCOUNT,ACTUAL_WITH_EVENTS,USD,controlled_event_benchmark_v1,6903.0
2014-04-01,United States of America,Montana,Small Business,,GROSS_PROFIT,ACTUAL_WITH_EVENTS,USD,controlled_event_benchmark_v1,108147.0
2014-04-01,United States of America,Montana,Small Business,,GROSS_SALES,ACTUAL_WITH_EVENTS,USD,controlled_event_benchmark_v1,690300.0
2014-04-01,United States of America,Montana,Small Business,,REVENUE,ACTUAL_WITH_EVENTS,USD,controlled_event_benchmark_v1,683397.0
2014-04-01,United States of America,Paseo,Government,,COGS,ACTUAL_WITH_EVENTS,USD,controlled_event_benchmark_v1,22462.5
2014-04-01,United States of America,Paseo,Government,,DISCOUNT,ACTUAL_WITH_EVENTS,USD,controlled_event_benchmark_v1,314.475
2014-04-01,United States of America,Paseo,Government,,GROSS_PROFIT,ACTUAL_WITH_EVENTS,USD,controlled_event_benchmark_v1,8670.525000000001
2014-04-01,United States of America,Paseo,Government,,GROSS_SALES,ACTUAL_WITH_EVENTS,USD,controlled_event_benchmark_v1,31447.5
2014-04-01,United States of America,Paseo,Government,,REVENUE,ACTUAL_WITH_EVENTS,USD,controlled_event_benchmark_v1,31133.025
2014-04-01,United States of America,Paseo,Midmarket,,COGS,ACTUAL_WITH_EVENTS,USD,controlled_event_benchmark_v1,36750.0
2014-04-01,United States of America,Paseo,Midmarket,,DISCOUNT,ACTUAL_WITH_EVENTS,USD,controlled_event_benchmark_v1,4961.25
2014-04-01,United States of America,Paseo,Midmarket,,GROSS_PROFIT,ACTUAL_WITH_EVENTS,USD,controlled_event_benchmark_v1,13413.75
2014-04-01,United States of America,Paseo,Midmarket,,GROSS_SALES,ACTUAL_WITH_EVENTS,USD,controlled_event_benchmark_v1,55125.0
2014-04-01,United States of America,Paseo,Midmarket,,REVENUE,ACTUAL_WITH_EVENTS,USD,controlled_event_benchmark_v1,50163.75
2014-04-01,United States of America,VTT,Government,,COGS,ACTUAL_WITH_EVENTS,USD,controlled_event_benchmark_v1,351390.0
2014-04-01,United States of America,VTT,Government,,DISCOUNT,ACTUAL_WITH_EVENTS,USD,controlled_event_benchmark_v1,42572.25
2014-04-01,United States of America,VTT,Government,,GROSS_PROFIT,ACTUAL_WITH_EVENTS,USD,controlled_event_benchmark_v1,79062.75
2014-04-01,United States of America,VTT,Government,,GROSS_SALES,ACTUAL_WITH_EVENTS,USD,controlled_event_benchmark_v1,473025.0
2014-04-01,United States of America,VTT,Government,,REVENUE,ACTUAL_WITH_EVENTS,USD,controlled_event_benchmark_v1,430452.75
2014-04-01,United States of America,Velo,Government,,COGS,ACTUAL_WITH_EVENTS,USD,controlled_event_benchmark_v1,6060.0
2014-04-01,United States of America,Velo,Government,,DISCOUNT,ACTUAL_WITH_EVENTS,USD,controlled_event_benchmark_v1,1696.8000000000002
2014-04-01,United States of America,Velo,Government,,GROSS_PROFIT,ACTUAL_WITH_EVENTS,USD,controlled_event_benchmark_v1,4363.200000000001
2014-04-01,United States of America,Velo,Government,,GROSS_SALES,ACTUAL_WITH_EVENTS,USD,controlled_event_benchmark_v1,12120.0
2014-04-01,United States of America,Velo,Government,,REVENUE,ACTUAL_WITH_EVENTS,USD,controlled_event_benchmark_v1,10423.2
2014-04-01,United States of America,,,Finance & G&A,OPEX_GNA,ACTUAL_WITH_EVENTS,USD,controlled_event_opex_v1,77675.06496204474
2014-04-01,United States of America,,,Marketing,OPEX_MARKETING,ACTUAL_WITH_EVENTS,USD,controlled_event_opex_v1,108142.85369148095
2014-04-01,United States of America,,,Operations,OPEX_OPERATIONS,ACTUAL_WITH_EVENTS,USD,controlled_event_opex_v1,73377.58213102659
2014-04-01,United States of America,,,R&D,OPEX_RND,ACTUAL_WITH_EVENTS,USD,controlled_event_opex_v1,92038.19039972787
2014-04-01,United States of America,,,Sales,OPEX_SALES,ACTUAL_WITH_EVENTS,USD,controlled_event_opex_v1,106851.2194194861
2014-04-01,United States of America,,,,EBITDA,ACTUAL_WITH_EVENTS,USD,derived_controlled_event_v1,-253863.7356037662
2014-04-01,United States of America,,,,OPEX_TOTAL,ACTUAL_WITH_EVENTS,USD,controlled_event_opex_v1,458084.9106037662
2014-05-01,Canada,Amarilla,Enterprise,,COGS,ACTUAL_WITH_EVENTS,USD,controlled_event_benchmark_v1,197400.0
2014-05-01,Canada,Amarilla,Enterprise,,DISCOUNT,ACTUAL_WITH_EVENTS,USD,controlled_event_benchmark_v1,14393.750000000002
2014-05-01,Canada,Amarilla,Enterprise,,GROSS_PROFIT,ACTUAL_WITH_EVENTS,USD,controlled_event_benchmark_v1,-6168.75
2014-05-01,Canada,Amarilla,Enterprise,,GROSS_SALES,ACTUAL_WITH_EVENTS,USD,controlled_event_benchmark_v1,205625.0
2014-05-01,Canada,Amarilla,Enterprise,,REVENUE,ACTUAL_WITH_EVENTS,USD,controlled_event_benchmark_v1,191231.25
2014-05-01,Canada,Carretera,Government,,COGS,ACTUAL_WITH_EVENTS,USD,controlled_event_benchmark_v1,8310.0
2014-05-01,Canada,Carretera,Government,,DISCOUNT,ACTUAL_WITH_EVENTS,USD,controlled_event_benchmark_v1,498.59999999999997
2014-05-01,Canada,Carretera,Government,,GROSS_PROFIT,ACTUAL_WITH_EVENTS,USD,controlled_event_benchmark_v1,7811.4
2014-05-01,Canada,Carretera,Government,,GROSS_SALES,ACTUAL_WITH_EVENTS,USD,controlled_event_benchmark_v1,16620.0
2014-05-01,Canada,Carretera,Government,,REVENUE,ACTUAL_WITH_EVENTS,USD,controlled_event_benchmark_v1,16121.4
2014-05-01,Canada,Montana,Government,,COGS,ACTUAL_WITH_EVENTS,USD,controlled_event_benchmark_v1,52000.0
2014-05-01,Canada,Montana,Government,,DISCOUNT,ACTUAL_WITH_EVENTS,USD,controlled_event_benchmark_v1,9800.000000000002
2014-05-01,Canada,Montana,Government,,GROSS_PROFIT,ACTUAL_WITH_EVENTS,USD,controlled_event_benchmark_v1,8200.0
2014-05-01,Canada,Montana,Government,,GROSS_SALES,ACTUAL_WITH_EVENTS,USD,controlled_event_benchmark_v1,70000.0
2014-05-01,Canada,Montana,Government,,REVENUE,ACTUAL_WITH_EVENTS,USD,controlled_event_benchmark_v1,60200.0
2014-05-01,Canada,Paseo,Government,,COGS,ACTUAL_WITH_EVENTS,USD,controlled_event_benchmark_v1,1285.0
2014-05-01,Canada,Paseo,Government,,DISCOUNT,ACTUAL_WITH_EVENTS,USD,controlled_event_benchmark_v1,143.91999999999982
2014-05-01,Canada,Paseo,Government,,GROSS_PROFIT,ACTUAL_WITH_EVENTS,USD,controlled_event_benchmark_v1,370.08000000000015
2014-05-01,Canada,Paseo,Government,,GROSS_SALES,ACTUAL_WITH_EVENTS,USD,controlled_event_benchmark_v1,1799.0
2014-05-01,Canada,Paseo,Government,,REVENUE,ACTUAL_WITH_EVENTS,USD,controlled_event_benchmark_v1,1655.0800000000002
2014-05-01,Canada,Paseo,Small Business,,COGS,ACTUAL_WITH_EVENTS,USD,controlled_event_benchmark_v1,425500.0
2014-05-01,Canada,Paseo,Small Business,,DISCOUNT,ACTUAL_WITH_EVENTS,USD,controlled_event_benchmark_v1,35742.0
2014-05-01,Canada,Paseo,Small Business,,GROSS_PROFIT,ACTUAL_WITH_EVENTS,USD,controlled_event_benchmark_v1,49358.0
2014-05-01,Canada,Paseo,Small Business,,GROSS_SALES,ACTUAL_WITH_EVENTS,USD,controlled_event_benchmark_v1,510600.0
2014-05-01,Canada,Paseo,Small Business,,REVENUE,ACTUAL_WITH_EVENTS,USD,controlled_event_benchmark_v1,474858.0
2014-05-01,Canada,VTT,Channel Partners,,COGS,ACTUAL_WITH_EVENTS,USD,controlled_event_benchmark_v1,6327.0
2014-05-01,Canada,VTT,Channel Partners,,DISCOUNT,ACTUAL_WITH_EVENTS,USD,controlled_event_benchmark_v1,3036.96
2014-05-01,Canada,VTT,Channel Partners,,GROSS_PROFIT,ACTUAL_WITH_EVENTS,USD,controlled_event_benchmark_v1,15944.04
2014-05-01,Canada,VTT,Channel Partners,,GROSS_SALES,ACTUAL_WITH_EVENTS,USD,controlled_event_benchmark_v1,25308.0
2014-05-01,Canada,VTT,Channel Partners,,REVENUE,ACTUAL_WITH_EVENTS,USD,controlled_event_benchmark_v1,22271.04
2014-05-01,Canada,Velo,Midmarket,,COGS,ACTUAL_WITH_EVENTS,USD,controlled_event_benchmark_v1,12620.0
2014-05-01,Canada,Velo,Midmarket,,DISCOUNT,ACTUAL_WITH_EVENTS,USD,controlled_event_benchmark_v1,1325.099999999998
2014-05-01,Canada,Velo,Midmarket,,GROSS_PROFIT,ACTUAL_WITH_EVENTS,USD,controlled_event_benchmark_v1,4984.9000000000015
2014-05-01,Canada,Velo,Midmarket,,GROSS_SALES,ACTUAL_WITH_EVENTS,USD,controlled_event_benchmark_v1,18930.0
2014-05-01,Canada,Velo,Midmarket,,REVENUE,ACTUAL_WITH_EVENTS,USD,controlled_event_benchmark_v1,17604.9
2014-05-01,Canada,,,Finance & G&A,OPEX_GNA,ACTUAL_WITH_EVENTS,USD,controlled_event_opex_v1,37310.07162337732
2014-05-01,Canada,,,Marketing,OPEX_MARKETING,ACTUAL_WITH_EVENTS,USD,controlled_event_opex_v1,50058.39389860396
2014-05-01,Canada,,,Operations,OPEX_OPERATIONS,ACTUAL_WITH_EVENTS,USD,controlled_event_opex_v1,34237.13104303229
2014-05-01,Canada,,,R&D,OPEX_RND,ACTUAL_WITH_EVENTS,USD,controlled_event_opex_v1,46692.25437642726
2014-05-01,Canada,,,Sales,OPEX_SALES,ACTUAL_WITH_EVENTS,USD,controlled_event_opex_v1,51515.45937000911
2014-05-01,Canada,,,,EBITDA,ACTUAL_WITH_EVENTS,USD,derived_controlled_event_v1,-139313.64031144994
2014-05-01,Canada,,,,OPEX_TOTAL,ACTUAL_WITH_EVENTS,USD,controlled_event_opex_v1,219813.31031144995
2014-05-01,France,Amarilla,Enterprise,,COGS,ACTUAL_WITH_EVENTS,USD,controlled_event_benchmark_v1,171960.0
2014-05-01,France,Amarilla,Enterprise,,DISCOUNT,ACTUAL_WITH_EVENTS,USD,controlled_event_benchmark_v1,19703.75
2014-05-01,France,Amarilla,Enterprise,,GROSS_PROFIT,ACTUAL_WITH_EVENTS,USD,controlled_event_benchmark_v1,-12538.75
2014-05-01,France,Amarilla,Enterprise,,GROSS_SALES,ACTUAL_WITH_EVENTS,USD,controlled_event_benchmark_v1,179125.0
2014-05-01,France,Amarilla,Enterprise,,REVENUE,ACTUAL_WITH_EVENTS,USD,controlled_event_benchmark_v1,159421.25
2014-05-01,France,Carretera,Government,,COGS,ACTUAL_WITH_EVENTS,USD,controlled_event_benchmark_v1,15630.0
2014-05-01,France,Carretera,Government,,DISCOUNT,ACTUAL_WITH_EVENTS,USD,controlled_event_benchmark_v1,1563.0
2014-05-01,France,Carretera,Government,,GROSS_PROFIT,ACTUAL_WITH_EVENTS,USD,controlled_event_benchmark_v1,14067.0
2014-05-01,France,Carretera,Government,,GROSS_SALES,ACTUAL_WITH_EVENTS,USD,controlled_event_benchmark_v1,31260.0
2014-05-01,France,Carretera,Government,,REVENUE,ACTUAL_WITH_EVENTS,USD,controlled_event_benchmark_v1,29697.0
2014-05-01,France,Montana,Government,,COGS,ACTUAL_WITH_EVENTS,USD,controlled_event_benchmark_v1,433160.0
2014-05-01,France,Montana,Government,,DISCOUNT,ACTUAL_WITH_EVENTS,USD,controlled_event_benchmark_v1,52479.0
2014-05-01,France,Montana,Government,,GROSS_PROFIT,ACTUAL_WITH_EVENTS,USD,controlled_event_benchmark_v1,97461.0
2014-05-01,France,Montana,Government,,GROSS_SALES,ACTUAL_WITH_EVENTS,USD,controlled_event_benchmark_v1,583100.0
2014-05-01,France,Montana,Government,,REVENUE,ACTUAL_WITH_EVENTS,USD,controlled_event_benchmark_v1,530621.0
2014-05-01,France,Paseo,Government,,COGS,ACTUAL_WITH_EVENTS,USD,controlled_event_benchmark_v1,5150.0
2014-05-01,France,Paseo,Government,,DISCOUNT,ACTUAL_WITH_EVENTS,USD,controlled_event_benchmark_v1,72.09999999999927
2014-05-01,France,Paseo,Government,,GROSS_PROFIT,ACTUAL_WITH_EVENTS,USD,controlled_event_benchmark_v1,1987.9000000000005
2014-05-01,France,Paseo,Government,,GROSS_SALES,ACTUAL_WITH_EVENTS,USD,controlled_event_benchmark_v1,7210.0
2014-05-01,France,Paseo,Government,,REVENUE,ACTUAL_WITH_EVENTS,USD,controlled_event_benchmark_v1,7137.900000000001
2014-05-01,France,Paseo,Small Business,,COGS,ACTUAL_WITH_EVENTS,USD,controlled_event_benchmark_v1,229500.0
2014-05-01,France,Paseo,Small Business,,DISCOUNT,ACTUAL_WITH_EVENTS,USD,controlled_event_benchmark_v1,5508.0
2014-05-01,France,Paseo,Small Business,,GROSS_PROFIT,ACTUAL_WITH_EVENTS,USD,controlled_event_benchmark_v1,40392.0
2014-05-01,France,Paseo,Small Business,,GROSS_SALES,ACTUAL_WITH_EVENTS,USD,controlled_event_benchmark_v1,275400.0
2014-05-01,France,Paseo,Small Business,,REVENUE,ACTUAL_WITH_EVENTS,USD,controlled_event_benchmark_v1,269892.0
2014-05-01,France,VTT,Channel Partners,,COGS,ACTUAL_WITH_EVENTS,USD,controlled_event_benchmark_v1,2598.0
2014-05-01,France,VTT,Channel Partners,,DISCOUNT,ACTUAL_WITH_EVENTS,USD,controlled_event_benchmark_v1,415.68
2014-05-01,France,VTT,Channel Partners,,GROSS_PROFIT,ACTUAL_WITH_EVENTS,USD,controlled_event_benchmark_v1,7378.32
2014-05-01,France,VTT,Channel Partners,,GROSS_SALES,ACTUAL_WITH_EVENTS,USD,controlled_event_benchmark_v1,10392.0
2014-05-01,France,VTT,Channel Partners,,REVENUE,ACTUAL_WITH_EVENTS,USD,controlled_event_benchmark_v1,9976.32
2014-05-01,France,Velo,Midmarket,,COGS,ACTUAL_WITH_EVENTS,USD,controlled_event_benchmark_v1,28260.0
2014-05-01,France,Velo,Midmarket,,DISCOUNT,ACTUAL_WITH_EVENTS,USD,controlled_event_benchmark_v1,6358.5
2014-05-01,France,Velo,Midmarket,,GROSS_PROFIT,ACTUAL_WITH_EVENTS,USD,controlled_event_benchmark_v1,7771.5
2014-05-01,France,Velo,Midmarket,,GROSS_SALES,ACTUAL_WITH_EVENTS,USD,controlled_event_benchmark_v1,42390.0
2014-05-01,France,Velo,Midmarket,,REVENUE,ACTUAL_WITH_EVENTS,USD,controlled_event_benchmark_v1,36031.5
2014-05-01,France,,,Finance & G&A,OPEX_GNA,ACTUAL_WITH_EVENTS,USD,controlled_event_opex_v1,50722.23463611394
2014-05-01,France,,,Marketing,OPEX_MARKETING,ACTUAL_WITH_EVENTS,USD,controlled_event_opex_v1,80582.84236487589
2014-05-01,France,,,Operations,OPEX_OPERATIONS,ACTUAL_WITH_EVENTS,USD,controlled_event_opex_v1,47572.03724629808
2014-05-01,France,,,R&D,OPEX_RND,ACTUAL_WITH_EVENTS,USD,controlled_event_opex_v1,64829.873915602184
2014-05-01,France,,,Sales,OPEX_SALES,ACTUAL_WITH_EVENTS,USD,controlled_event_opex_v1,71258.3383213221
2014-05-01,France,,,,EBITDA,ACTUAL_WITH_EVENTS,USD,derived_controlled_event_v1,-158446.35648421219
2014-05-01,France,,,,OPEX_TOTAL,ACTUAL_WITH_EVENTS,USD,controlled_event_opex_v1,314965.3264842122
2014-05-01,Germany,Amarilla,Enterprise,,COGS,ACTUAL_WITH_EVENTS,USD,controlled_event_benchmark_v1,273120.0
2014-05-01,Germany,Amarilla,Enterprise,,DISCOUNT,ACTUAL_WITH_EVENTS,USD,controlled_event_benchmark_v1,5690.0
2014-05-01,Germany,Amarilla,Enterprise,,GROSS_PROFIT,ACTUAL_WITH_EVENTS,USD,controlled_event_benchmark_v1,5690.0
2014-05-01,Germany,Amarilla,Enterprise,,GROSS_SALES,ACTUAL_WITH_EVENTS,USD,controlled_event_benchmark_v1,284500.0
2014-05-01,Germany,Amarilla,Enterprise,,REVENUE,ACTUAL_WITH_EVENTS,USD,controlled_event_benchmark_v1,278810.0
2014-05-01,Germany,Carretera,Government,,COGS,ACTUAL_WITH_EVENTS,USD,controlled_event_benchmark_v1,6630.0
2014-05-01,Germany,Carretera,Government,,DISCOUNT,ACTUAL_WITH_EVENTS,USD,controlled_event_benchmark_v1,1193.3999999999999
2014-05-01,Germany,Carretera,Government,,GROSS_PROFIT,ACTUAL_WITH_EVENTS,USD,controlled_event_benchmark_v1,5436.6
2014-05-01,Germany,Carretera,Government,,GROSS_SALES,ACTUAL_WITH_EVENTS,USD,controlled_event_benchmark_v1,13260.0
2014-05-01,Germany,Carretera,Government,,REVENUE,ACTUAL_WITH_EVENTS,USD,controlled_event_benchmark_v1,12066.6
2014-05-01,Germany,Montana,Government,,COGS,ACTUAL_WITH_EVENTS,USD,controlled_event_benchmark_v1,379600.0
2014-05-01,Germany,Montana,Government,,DISCOUNT,ACTUAL_WITH_EVENTS,USD,controlled_event_benchmark_v1,30660.0
2014-05-01,Germany,Montana,Government,,GROSS_PROFIT,ACTUAL_WITH_EVENTS,USD,controlled_event_benchmark_v1,100740.0
2014-05-01,Germany,Montana,Government,,GROSS_SALES,ACTUAL_WITH_EVENTS,USD,controlled_event_benchmark_v1,511000.0
2014-05-01,Germany,Montana,Government,,REVENUE,ACTUAL_WITH_EVENTS,USD,controlled_event_benchmark_v1,480340.0
2014-05-01,Germany,Paseo,Government,,COGS,ACTUAL_WITH_EVENTS,USD,controlled_event_benchmark_v1,5475.0
2014-05-01,Germany,Paseo,Government,,DISCOUNT,ACTUAL_WITH_EVENTS,USD,controlled_event_benchmark_v1,613.2
2014-05-01,Germany,Paseo,Government,,GROSS_PROFIT,ACTUAL_WITH_EVENTS,USD,controlled_event_benchmark_v1,1576.8000000000002
2014-05-01,Germany,Paseo,Government,,GROSS_SALES,ACTUAL_WITH_EVENTS,USD,controlled_event_benchmark_v1,7665.0
2014-05-01,Germany,Paseo,Government,,REVENUE,ACTUAL_WITH_EVENTS,USD,controlled_event_benchmark_v1,7051.8
2014-05-01,Germany,Paseo,Small Business,,COGS,ACTUAL_WITH_EVENTS,USD,controlled_event_benchmark_v1,432000.0
2014-05-01,Germany,Paseo,Small Business,,DISCOUNT,ACTUAL_WITH_EVENTS,USD,controlled_event_benchmark_v1,10368.0
2014-05-01,Germany,Paseo,Small Business,,GROSS_PROFIT,ACTUAL_WITH_EVENTS,USD,controlled_event_benchmark_v1,76032.0
2014-05-01,Germany,Paseo,Small Business,,GROSS_SALES,ACTUAL_WITH_EVENTS,USD,controlled_event_benchmark_v1,518400.0
2014-05-01,Germany,Paseo,Small Business,,REVENUE,ACTUAL_WITH_EVENTS,USD,controlled_event_benchmark_v1,508032.0
2014-05-01,Germany,VTT,Channel Partners,,COGS,ACTUAL_WITH_EVENTS,USD,controlled_event_benchmark_v1,2640.0
2014-05-01,Germany,VTT,Channel Partners,,DISCOUNT,ACTUAL_WITH_EVENTS,USD,controlled_event_benchmark_v1,950.4
2014-05-01,Germany,VTT,Channel Partners,,GROSS_PROFIT,ACTUAL_WITH_EVENTS,USD,controlled_event_benchmark_v1,6969.6
2014-05-01,Germany,VTT,Channel Partners,,GROSS_SALES,ACTUAL_WITH_EVENTS,USD,controlled_event_benchmark_v1,10560.0
2014-05-01,Germany,VTT,Channel Partners,,REVENUE,ACTUAL_WITH_EVENTS,USD,controlled_event_benchmark_v1,9609.6
2014-05-01,Germany,Velo,Midmarket,,COGS,ACTUAL_WITH_EVENTS,USD,controlled_event_benchmark_v1,15300.0
2014-05-01,Germany,Velo,Midmarket,,DISCOUNT,ACTUAL_WITH_EVENTS,USD,controlled_event_benchmark_v1,1377.0
2014-05-01,Germany,Velo,Midmarket,,GROSS_PROFIT,ACTUAL_WITH_EVENTS,USD,controlled_event_benchmark_v1,6273.0
2014-05-01,Germany,Velo,Midmarket,,GROSS_SALES,ACTUAL_WITH_EVENTS,USD,controlled_event_benchmark_v1,22950.0
2014-05-01,Germany,Velo,Midmarket,,REVENUE,ACTUAL_WITH_EVENTS,USD,controlled_event_benchmark_v1,21573.0
2014-05-01,Germany,,,Finance & G&A,OPEX_GNA,ACTUAL_WITH_EVENTS,USD,controlled_event_opex_v1,67114.61385560562
2014-05-01,Germany,,,Marketing,OPEX_MARKETING,ACTUAL_WITH_EVENTS,USD,controlled_event_opex_v1,90285.5553664524
2014-05-01,Germany,,,Operations,OPEX_OPERATIONS,ACTUAL_WITH_EVENTS,USD,controlled_event_opex_v1,61556.67526695503
2014-05-01,Germany,,,R&D,OPEX_RND,ACTUAL_WITH_EVENTS,USD,controlled_event_opex_v1,81160.69916211361
2014-05-01,Germany,,,Sales,OPEX_SALES,ACTUAL_WITH_EVENTS,USD,controlled_event_opex_v1,94290.99783048884
2014-05-01,Germany,,,,EBITDA,ACTUAL_WITH_EVENTS,USD,derived_controlled_event_v1,-191690.5414816155
2014-05-01,Germany,,,,OPEX_TOTAL,ACTUAL_WITH_EVENTS,USD,controlled_event_opex_v1,394408.5414816155
2014-05-01,Mexico,Amarilla,Government,,COGS,ACTUAL_WITH_EVENTS,USD,controlled_event_benchmark_v1,20390.0
2014-05-01,Mexico,Amarilla,Government,,DISCOUNT,ACTUAL_WITH_EVENTS,USD,controlled_event_benchmark_v1,4078.0
2014-05-01,Mexico,Amarilla,Government,,GROSS_PROFIT,ACTUAL_WITH_EVENTS,USD,controlled_event_benchmark_v1,16312.0
2014-05-01,Mexico,Amarilla,Government,,GROSS_SALES,ACTUAL_WITH_EVENTS,USD,controlled_event_benchmark_v1,40780.0
2014-05-01,Mexico,Amarilla,Government,,REVENUE,ACTUAL_WITH_EVENTS,USD,controlled_event_benchmark_v1,36702.0
2014-05-01,Mexico,Montana,Channel Partners,,COGS,ACTUAL_WITH_EVENTS,USD,controlled_event_benchmark_v1,7983.0
2014-05-01,Mexico,Montana,Channel Partners,,DISCOUNT,ACTUAL_WITH_EVENTS,USD,controlled_event_benchmark_v1,3831.8399999999997
2014-05-01,Mexico,Montana,Channel Partners,,GROSS_PROFIT,ACTUAL_WITH_EVENTS,USD,controlled_event_benchmark_v1,20117.16
2014-05-01,Mexico,Montana,Channel Partners,,GROSS_SALES,ACTUAL_WITH_EVENTS,USD,controlled_event_benchmark_v1,31932.0
2014-05-01,Mexico,Montana,Channel Partners,,REVENUE,ACTUAL_WITH_EVENTS,USD,controlled_event_benchmark_v1,28100.16
2014-05-01,Mexico,Paseo,Government,,COGS,ACTUAL_WITH_EVENTS,USD,controlled_event_benchmark_v1,741260.0
2014-05-01,Mexico,Paseo,Government,,DISCOUNT,ACTUAL_WITH_EVENTS,USD,controlled_event_benchmark_v1,149677.5
2014-05-01,Mexico,Paseo,Government,,GROSS_PROFIT,ACTUAL_WITH_EVENTS,USD,controlled_event_benchmark_v1,106912.5
2014-05-01,Mexico,Paseo,Government,,GROSS_SALES,ACTUAL_WITH_EVENTS,USD,controlled_event_benchmark_v1,997850.0
2014-05-01,Mexico,Paseo,Government,,REVENUE,ACTUAL_WITH_EVENTS,USD,controlled_event_benchmark_v1,848172.5
2014-05-01,Mexico,Paseo,Small Business,,COGS,ACTUAL_WITH_EVENTS,USD,controlled_event_benchmark_v1,147750.0
2014-05-01,Mexico,Paseo,Small Business,,DISCOUNT,ACTUAL_WITH_EVENTS,USD,controlled_event_benchmark_v1,17730.0
2014-05-01,Mexico,Paseo,Small Business,,GROSS_PROFIT,ACTUAL_WITH_EVENTS,USD,controlled_event_benchmark_v1,11820.0
2014-05-01,Mexico,Paseo,Small Business,,GROSS_SALES,ACTUAL_WITH_EVENTS,USD,controlled_event_benchmark_v1,177300.0
2014-05-01,Mexico,Paseo,Small Business,,REVENUE,ACTUAL_WITH_EVENTS,USD,controlled_event_benchmark_v1,159570.0
2014-05-01,Mexico,VTT,Enterprise,,COGS,ACTUAL_WITH_EVENTS,USD,controlled_event_benchmark_v1,40920.0
2014-05-01,Mexico,VTT,Enterprise,,DISCOUNT,ACTUAL_WITH_EVENTS,USD,controlled_event_benchmark_v1,4262.5
2014-05-01,Mexico,VTT,Enterprise,,GROSS_PROFIT,ACTUAL_WITH_EVENTS,USD,controlled_event_benchmark_v1,-2557.5
2014-05-01,Mexico,VTT,Enterprise,,GROSS_SALES,ACTUAL_WITH_EVENTS,USD,controlled_event_benchmark_v1,42625.0
2014-05-01,Mexico,VTT,Enterprise,,REVENUE,ACTUAL_WITH_EVENTS,USD,controlled_event_benchmark_v1,38362.5
2014-05-01,Mexico,Velo,Government,,COGS,ACTUAL_WITH_EVENTS,USD,controlled_event_benchmark_v1,1810.0
2014-05-01,Mexico,Velo,Government,,DISCOUNT,ACTUAL_WITH_EVENTS,USD,controlled_event_benchmark_v1,25.34
2014-05-01,Mexico,Velo,Government,,GROSS_PROFIT,ACTUAL_WITH_EVENTS,USD,controlled_event_benchmark_v1,698.6599999999999
2014-05-01,Mexico,Velo,Government,,GROSS_SALES,ACTUAL_WITH_EVENTS,USD,controlled_event_benchmark_v1,2534.0
2014-05-01,Mexico,Velo,Government,,REVENUE,ACTUAL_WITH_EVENTS,USD,controlled_event_benchmark_v1,2508.66
2014-05-01,Mexico,Velo,Midmarket,,COGS,ACTUAL_WITH_EVENTS,USD,controlled_event_benchmark_v1,2450.0
2014-05-01,Mexico,Velo,Midmarket,,DISCOUNT,ACTUAL_WITH_EVENTS,USD,controlled_event_benchmark_v1,330.75
2014-05-01,Mexico,Velo,Midmarket,,GROSS_PROFIT,ACTUAL_WITH_EVENTS,USD,controlled_event_benchmark_v1,894.25
2014-05-01,Mexico,Velo,Midmarket,,GROSS_SALES,ACTUAL_WITH_EVENTS,USD,controlled_event_benchmark_v1,3675.0
2014-05-01,Mexico,Velo,Midmarket,,REVENUE,ACTUAL_WITH_EVENTS,USD,controlled_event_benchmark_v1,3344.25
2014-05-01,Mexico,,,Finance & G&A,OPEX_GNA,ACTUAL_WITH_EVENTS,USD,controlled_event_opex_v1,47937.246374773815
2014-05-01,Mexico,,,Marketing,OPEX_MARKETING,ACTUAL_WITH_EVENTS,USD,controlled_event_opex_v1,65682.27019971066
2014-05-01,Mexico,,,Operations,OPEX_OPERATIONS,ACTUAL_WITH_EVENTS,USD,controlled_event_opex_v1,45728.17568521739
2014-05-01,Mexico,,,R&D,OPEX_RND,ACTUAL_WITH_EVENTS,USD,controlled_event_opex_v1,59531.71502987704
2014-05-01,Mexico,,,Sales,OPEX_SALES,ACTUAL_WITH_EVENTS,USD,controlled_event_opex_v1,66445.52640857485
2014-05-01,Mexico,,,,EBITDA,ACTUAL_WITH_EVENTS,USD,derived_controlled_event_v1,-131127.86369815376
2014-05-01,Mexico,,,,OPEX_TOTAL,ACTUAL_WITH_EVENTS,USD,controlled_event_opex_v1,285324.93369815376
2014-05-01,United States of America,Amarilla,Enterprise,,COGS,ACTUAL_WITH_EVENTS,USD,controlled_event_benchmark_v1,341280.0
2014-05-01,United States of America,Amarilla,Enterprise,,DISCOUNT,ACTUAL_WITH_EVENTS,USD,controlled_event_benchmark_v1,67545.0
2014-05-01,United States of America,Amarilla,Enterprise,,GROSS_PROFIT,ACTUAL_WITH_EVENTS,USD,controlled_event_benchmark_v1,-53325.0
2014-05-01,United States of America,Amarilla,Enterprise,,GROSS_SALES,ACTUAL_WITH_EVENTS,USD,controlled_event_benchmark_v1,355500.0
2014-05-01,United States of America,Amarilla,Enterprise,,REVENUE,ACTUAL_WITH_EVENTS,USD,controlled_event_benchmark_v1,287955.0
2014-05-01,United States of America,Carretera,Government,,COGS,ACTUAL_WITH_EVENTS,USD,controlled_event_benchmark_v1,17430.0
2014-05-01,United States of America,Carretera,Government,,DISCOUNT,ACTUAL_WITH_EVENTS,USD,controlled_event_benchmark_v1,4880.399999999997
2014-05-01,United States of America,Carretera,Government,,GROSS_PROFIT,ACTUAL_WITH_EVENTS,USD,controlled_event_benchmark_v1,12549.600000000002
2014-05-01,United States of America,Carretera,Government,,GROSS_SALES,ACTUAL_WITH_EVENTS,USD,controlled_event_benchmark_v1,34860.0
2014-05-01,United States of America,Carretera,Government,,REVENUE,ACTUAL_WITH_EVENTS,USD,controlled_event_benchmark_v1,29979.600000000002
2014-05-01,United States of America,Montana,Government,,COGS,ACTUAL_WITH_EVENTS,USD,controlled_event_benchmark_v1,601380.0
2014-05-01,United States of America,Montana,Government,,DISCOUNT,ACTUAL_WITH_EVENTS,USD,controlled_event_benchmark_v1,80955.0
2014-05-01,United States of America,Montana,Government,,GROSS_PROFIT,ACTUAL_WITH_EVENTS,USD,controlled_event_benchmark_v1,127215.0
2014-05-01,United States of America,Montana,Government,,GROSS_SALES,ACTUAL_WITH_EVENTS,USD,controlled_event_benchmark_v1,809550.0
2014-05-01,United States of America,Montana,Government,,REVENUE,ACTUAL_WITH_EVENTS,USD,controlled_event_benchmark_v1,728595.0
2014-05-01,United States of America,Paseo,Government,,COGS,ACTUAL_WITH_EVENTS,USD,controlled_event_benchmark_v1,11635.0
2014-05-01,United States of America,Paseo,Government,,DISCOUNT,ACTUAL_WITH_EVENTS,USD,controlled_event_benchmark_v1,814.45
2014-05-01,United States of America,Paseo,Government,,GROSS_PROFIT,ACTUAL_WITH_EVENTS,USD,controlled_event_benchmark_v1,3839.5499999999993
2014-05-01,United States of America,Paseo,Government,,GROSS_SALES,ACTUAL_WITH_EVENTS,USD,controlled_event_benchmark_v1,16289.0
2014-05-01,United States of America,Paseo,Government,,REVENUE,ACTUAL_WITH_EVENTS,USD,controlled_event_benchmark_v1,15474.55
2014-05-01,United States of America,Paseo,Small Business,,COGS,ACTUAL_WITH_EVENTS,USD,controlled_event_benchmark_v1,729500.0
2014-05-01,United States of America,Paseo,Small Business,,DISCOUNT,ACTUAL_WITH_EVENTS,USD,controlled_event_benchmark_v1,35016.0
2014-05-01,United States of America,Paseo,Small Business,,GROSS_PROFIT,ACTUAL_WITH_EVENTS,USD,controlled_event_benchmark_v1,110884.0
2014-05-01,United States of America,Paseo,Small Business,,GROSS_SALES,ACTUAL_WITH_EVENTS,USD,controlled_event_benchmark_v1,875400.0
2014-05-01,United States of America,Paseo,Small Business,,REVENUE,ACTUAL_WITH_EVENTS,USD,controlled_event_benchmark_v1,840384.0
2014-05-01,United States of America,VTT,Channel Partners,,COGS,ACTUAL_WITH_EVENTS,USD,controlled_event_benchmark_v1,5418.0
2014-05-01,United States of America,VTT,Channel Partners,,DISCOUNT,ACTUAL_WITH_EVENTS,USD,controlled_event_benchmark_v1,3250.7999999999997
2014-05-01,United States of America,VTT,Channel Partners,,GROSS_PROFIT,ACTUAL_WITH_EVENTS,USD,controlled_event_benchmark_v1,13003.2
2014-05-01,United States of America,VTT,Channel Partners,,GROSS_SALES,ACTUAL_WITH_EVENTS,USD,controlled_event_benchmark_v1,21672.0
2014-05-01,United States of America,VTT,Channel Partners,,REVENUE,ACTUAL_WITH_EVENTS,USD,controlled_event_benchmark_v1,18421.2
2014-05-01,United States of America,Velo,Midmarket,,COGS,ACTUAL_WITH_EVENTS,USD,controlled_event_benchmark_v1,7900.0
2014-05-01,United States of America,Velo,Midmarket,,DISCOUNT,ACTUAL_WITH_EVENTS,USD,controlled_event_benchmark_v1,1185.0
2014-05-01,United States of America,Velo,Midmarket,,GROSS_PROFIT,ACTUAL_WITH_EVENTS,USD,controlled_event_benchmark_v1,2765.0
2014-05-01,United States of America,Velo,Midmarket,,GROSS_SALES,ACTUAL_WITH_EVENTS,USD,controlled_event_benchmark_v1,11850.0
2014-05-01,United States of America,Velo,Midmarket,,REVENUE,ACTUAL_WITH_EVENTS,USD,controlled_event_benchmark_v1,10665.0
2014-05-01,United States of America,,,Finance & G&A,OPEX_GNA,ACTUAL_WITH_EVENTS,USD,controlled_event_opex_v1,102391.78947903732
2014-05-01,United States of America,,,Marketing,OPEX_MARKETING,ACTUAL_WITH_EVENTS,USD,controlled_event_opex_v1,132814.5413910394
2014-05-01,United States of America,,,Operations,OPEX_OPERATIONS,ACTUAL_WITH_EVENTS,USD,controlled_event_opex_v1,95590.68736775065
2014-05-01,United States of America,,,R&D,OPEX_RND,ACTUAL_WITH_EVENTS,USD,controlled_event_opex_v1,121808.36722738582
2014-05-01,United States of America,,,Sales,OPEX_SALES,ACTUAL_WITH_EVENTS,USD,controlled_event_opex_v1,140162.86687269414
2014-05-01,United States of America,,,,EBITDA,ACTUAL_WITH_EVENTS,USD,derived_controlled_event_v1,-375836.90233790746
2014-05-01,United States of America,,,,OPEX_TOTAL,ACTUAL_WITH_EVENTS,USD,controlled_event_opex_v1,592768.2523379074
2014-06-01,Canada,Amarilla,Government,,COGS,ACTUAL_WITH_EVENTS,USD,controlled_event_benchmark_v1,12755.0
2014-06-01,Canada,Amarilla,Government,,DISCOUNT,ACTUAL_WITH_EVENTS,USD,controlled_event_benchmark_v1,1688.9499999999991
2014-06-01,Canada,Amarilla,Government,,GROSS_PROFIT,ACTUAL_WITH_EVENTS,USD,controlled_event_benchmark_v1,7661.049999999999
2014-06-01,Canada,Amarilla,Government,,GROSS_SALES,ACTUAL_WITH_EVENTS,USD,controlled_event_benchmark_v1,22105.0
2014-06-01,Canada,Amarilla,Government,,REVENUE,ACTUAL_WITH_EVENTS,USD,controlled_event_benchmark_v1,20416.05
2014-06-01,Canada,Carretera,Midmarket,,COGS,ACTUAL_WITH_EVENTS,USD,controlled_event_benchmark_v1,28440.0
2014-06-01,Canada,Carretera,Midmarket,,DISCOUNT,ACTUAL_WITH_EVENTS,USD,controlled_event_benchmark_v1,2559.6
2014-06-01,Canada,Carretera,Midmarket,,GROSS_PROFIT,ACTUAL_WITH_EVENTS,USD,controlled_event_benchmark_v1,11660.400000000001
2014-06-01,Canada,Carretera,Midmarket,,GROSS_SALES,ACTUAL_WITH_EVENTS,USD,controlled_event_benchmark_v1,42660.0
2014-06-01,Canada,Carretera,Midmarket,,REVENUE,ACTUAL_WITH_EVENTS,USD,controlled_event_benchmark_v1,40100.4
2014-06-01,Canada,Carretera,Small Business,,COGS,ACTUAL_WITH_EVENTS,USD,controlled_event_benchmark_v1,273500.0
2014-06-01,Canada,Carretera,Small Business,,DISCOUNT,ACTUAL_WITH_EVENTS,USD,controlled_event_benchmark_v1,29538.0
2014-06-01,Canada,Carretera,Small Business,,GROSS_PROFIT,ACTUAL_WITH_EVENTS,USD,controlled_event_benchmark_v1,25162.0
2014-06-01,Canada,Carretera,Small Business,,GROSS_SALES,ACTUAL_WITH_EVENTS,USD,controlled_event_benchmark_v1,328200.0
2014-06-01,Canada,Carretera,Small Business,,REVENUE,ACTUAL_WITH_EVENTS,USD,controlled_event_benchmark_v1,298662.0
2014-06-01,Canada,Montana,Channel Partners,,COGS,ACTUAL_WITH_EVENTS,USD,controlled_event_benchmark_v1,7554.0
2014-06-01,Canada,Montana,Channel Partners,,DISCOUNT,ACTUAL_WITH_EVENTS,USD,controlled_event_benchmark_v1,0.0
2014-06-01,Canada,Montana,Channel Partners,,GROSS_PROFIT,ACTUAL_WITH_EVENTS,USD,controlled_event_benchmark_v1,22662.0
2014-06-01,Canada,Montana,Channel Partners,,GROSS_SALES,ACTUAL_WITH_EVENTS,USD,controlled_event_benchmark_v1,30216.0
2014-06-01,Canada,Montana,Channel Partners,,REVENUE,ACTUAL_WITH_EVENTS,USD,controlled_event_benchmark_v1,30216.0
2014-06-01,Canada,Montana,Government,,COGS,ACTUAL_WITH_EVENTS,USD,controlled_event_benchmark_v1,7080.0
2014-06-01,Canada,Montana,Government,,DISCOUNT,ACTUAL_WITH_EVENTS,USD,controlled_event_benchmark_v1,1132.8
2014-06-01,Canada,Montana,Government,,GROSS_PROFIT,ACTUAL_WITH_EVENTS,USD,controlled_event_benchmark_v1,5947.200000000001
2014-06-01,Canada,Montana,Government,,GROSS_SALES,ACTUAL_WITH_EVENTS,USD,controlled_event_benchmark_v1,14160.0
2014-06-01,Canada,Montana,Government,,REVENUE,ACTUAL_WITH_EVENTS,USD,controlled_event_benchmark_v1,13027.2
2014-06-01,Canada,Paseo,Channel Partners,,COGS,ACTUAL_WITH_EVENTS,USD,controlled_event_benchmark_v1,7554.0
2014-06-01,Canada,Paseo,Channel Partners,,DISCOUNT,ACTUAL_WITH_EVENTS,USD,controlled_event_benchmark_v1,0.0
2014-06-01,Canada,Paseo,Channel Partners,,GROSS_PROFIT,ACTUAL_WITH_EVENTS,USD,controlled_event_benchmark_v1,22662.0
2014-06-01,Canada,Paseo,Channel Partners,,GROSS_SALES,ACTUAL_WITH_EVENTS,USD,controlled_event_benchmark_v1,30216.0
2014-06-01,Canada,Paseo,Channel Partners,,REVENUE,ACTUAL_WITH_EVENTS,USD,controlled_event_benchmark_v1,30216.0
2014-06-01,Canada,Paseo,Enterprise,,COGS,ACTUAL_WITH_EVENTS,USD,controlled_event_benchmark_v1,189960.0
2014-06-01,Canada,Paseo,Enterprise,,DISCOUNT,ACTUAL_WITH_EVENTS,USD,controlled_event_benchmark_v1,25723.75
2014-06-01,Canada,Paseo,Enterprise,,GROSS_PROFIT,ACTUAL_WITH_EVENTS,USD,controlled_event_benchmark_v1,-17808.75
2014-06-01,Canada,Paseo,Enterprise,,GROSS_SALES,ACTUAL_WITH_EVENTS,USD,controlled_event_benchmark_v1,197875.0
2014-06-01,Canada,Paseo,Enterprise,,REVENUE,ACTUAL_WITH_EVENTS,USD,controlled_event_benchmark_v1,172151.25
2014-06-01,Canada,Paseo,Government,,COGS,ACTUAL_WITH_EVENTS,USD,controlled_event_benchmark_v1,684320.0
2014-06-01,Canada,Paseo,Government,,DISCOUNT,ACTUAL_WITH_EVENTS,USD,controlled_event_benchmark_v1,119756.0
2014-06-01,Canada,Paseo,Government,,GROSS_PROFIT,ACTUAL_WITH_EVENTS,USD,controlled_event_benchmark_v1,117124.0
2014-06-01,Canada,Paseo,Government,,GROSS_SALES,ACTUAL_WITH_EVENTS,USD,controlled_event_benchmark_v1,921200.0
2014-06-01,Canada,Paseo,Government,,REVENUE,ACTUAL_WITH_EVENTS,USD,controlled_event_benchmark_v1,801444.0
2014-06-01,Canada,Paseo,Small Business,,COGS,ACTUAL_WITH_EVENTS,USD,controlled_event_benchmark_v1,273500.0
2014-06-01,Canada,Paseo,Small Business,,DISCOUNT,ACTUAL_WITH_EVENTS,USD,controlled_event_benchmark_v1,29538.0
2014-06-01,Canada,Paseo,Small Business,,GROSS_PROFIT,ACTUAL_WITH_EVENTS,USD,controlled_event_benchmark_v1,25162.0
2014-06-01,Canada,Paseo,Small Business,,GROSS_SALES,ACTUAL_WITH_EVENTS,USD,controlled_event_benchmark_v1,328200.0
2014-06-01,Canada,Paseo,Small Business,,REVENUE,ACTUAL_WITH_EVENTS,USD,controlled_event_benchmark_v1,298662.0
2014-06-01,Canada,VTT,Enterprise,,COGS,ACTUAL_WITH_EVENTS,USD,controlled_event_benchmark_v1,189960.0
2014-06-01,Canada,VTT,Enterprise,,DISCOUNT,ACTUAL_WITH_EVENTS,USD,controlled_event_benchmark_v1,25723.75
2014-06-01,Canada,VTT,Enterprise,,GROSS_PROFIT,ACTUAL_WITH_EVENTS,USD,controlled_event_benchmark_v1,-17808.75
2014-06-01,Canada,VTT,Enterprise,,GROSS_SALES,ACTUAL_WITH_EVENTS,USD,controlled_event_benchmark_v1,197875.0
2014-06-01,Canada,VTT,Enterprise,,REVENUE,ACTUAL_WITH_EVENTS,USD,controlled_event_benchmark_v1,172151.25
2014-06-01,Canada,VTT,Midmarket,,COGS,ACTUAL_WITH_EVENTS,USD,controlled_event_benchmark_v1,28440.0
2014-06-01,Canada,VTT,Midmarket,,DISCOUNT,ACTUAL_WITH_EVENTS,USD,controlled_event_benchmark_v1,2559.6
2014-06-01,Canada,VTT,Midmarket,,GROSS_PROFIT,ACTUAL_WITH_EVENTS,USD,controlled_event_benchmark_v1,11660.400000000001
2014-06-01,Canada,VTT,Midmarket,,GROSS_SALES,ACTUAL_WITH_EVENTS,USD,controlled_event_benchmark_v1,42660.0
2014-06-01,Canada,VTT,Midmarket,,REVENUE,ACTUAL_WITH_EVENTS,USD,controlled_event_benchmark_v1,40100.4
2014-06-01,Canada,Velo,Government,,COGS,ACTUAL_WITH_EVENTS,USD,controlled_event_benchmark_v1,689994.9999999999
2014-06-01,Canada,Velo,Government,,DISCOUNT,ACTUAL_WITH_EVENTS,USD,controlled_event_benchmark_v1,120312.15
2014-06-01,Canada,Velo,Government,,GROSS_PROFIT,ACTUAL_WITH_EVENTS,USD,controlled_event_benchmark_v1,118837.8500000001
2014-06-01,Canada,Velo,Government,,GROSS_SALES,ACTUAL_WITH_EVENTS,USD,controlled_event_benchmark_v1,929145.0
2014-06-01,Canada,Velo,Government,,REVENUE,ACTUAL_WITH_EVENTS,USD,controlled_event_benchmark_v1,808832.85
2014-06-01,Canada,,,Finance & G&A,OPEX_GNA,ACTUAL_WITH_EVENTS,USD,controlled_event_opex_v1,103785.63739115991
2014-06-01,Canada,,,Marketing,OPEX_MARKETING,ACTUAL_WITH_EVENTS,USD,controlled_event_opex_v1,152855.32583303645
2014-06-01,Canada,,,Operations,OPEX_OPERATIONS,ACTUAL_WITH_EVENTS,USD,controlled_event_opex_v1,98149.71388833316
2014-06-01,Canada,,,R&D,OPEX_RND,ACTUAL_WITH_EVENTS,USD,controlled_event_opex_v1,115835.82118200547
2014-06-01,Canada,,,Sales,OPEX_SALES,ACTUAL_WITH_EVENTS,USD,controlled_event_opex_v1,140381.98808443666
2014-06-01,Canada,,,,EBITDA,ACTUAL_WITH_EVENTS,USD,derived_controlled_event_v1,-278087.0863789715
2014-06-01,Canada,,,,OPEX_TOTAL,ACTUAL_WITH_EVENTS,USD,controlled_event_opex_v1,611008.4863789716
2014-06-01,France,Amarilla,Government,,COGS,ACTUAL_WITH_EVENTS,USD,controlled_event_benchmark_v1,24940.0
2014-06-01,France,Amarilla,Government,,DISCOUNT,ACTUAL_WITH_EVENTS,USD,controlled_event_benchmark_v1,1082.8999999999967
2014-06-01,France,Amarilla,Government,,GROSS_PROFIT,ACTUAL_WITH_EVENTS,USD,controlled_event_benchmark_v1,20287.100000000006
2014-06-01,France,Amarilla,Government,,GROSS_SALES,ACTUAL_WITH_EVENTS,USD,controlled_event_benchmark_v1,46310.0
2014-06-01,France,Amarilla,Government,,REVENUE,ACTUAL_WITH_EVENTS,USD,controlled_event_benchmark_v1,45227.100000000006
2014-06-01,France,Carretera,Midmarket,,COGS,ACTUAL_WITH_EVENTS,USD,controlled_event_benchmark_v1,21780.0
2014-06-01,France,Carretera,Midmarket,,DISCOUNT,ACTUAL_WITH_EVENTS,USD,controlled_event_benchmark_v1,0.0
2014-06-01,France,Carretera,Midmarket,,GROSS_PROFIT,ACTUAL_WITH_EVENTS,USD,controlled_event_benchmark_v1,10890.0
2014-06-01,France,Carretera,Midmarket,,GROSS_SALES,ACTUAL_WITH_EVENTS,USD,controlled_event_benchmark_v1,32670.0
2014-06-01,France,Carretera,Midmarket,,REVENUE,ACTUAL_WITH_EVENTS,USD,controlled_event_benchmark_v1,32670.0
2014-06-01,France,Carretera,Small Business,,COGS,ACTUAL_WITH_EVENTS,USD,controlled_event_benchmark_v1,112000.0
2014-06-01,France,Carretera,Small Business,,DISCOUNT,ACTUAL_WITH_EVENTS,USD,controlled_event_benchmark_v1,9408.0
2014-06-01,France,Carretera,Small Business,,GROSS_PROFIT,ACTUAL_WITH_EVENTS,USD,controlled_event_benchmark_v1,12992.0
2014-06-01,France,Carretera,Small Business,,GROSS_SALES,ACTUAL_WITH_EVENTS,USD,controlled_event_benchmark_v1,134400.0
2014-06-01,France,Carretera,Small Business,,REVENUE,ACTUAL_WITH_EVENTS,USD,controlled_event_benchmark_v1,124992.0
2014-06-01,France,Montana,Channel Partners,,COGS,ACTUAL_WITH_EVENTS,USD,controlled_event_benchmark_v1,5703.0
2014-06-01,France,Montana,Channel Partners,,DISCOUNT,ACTUAL_WITH_EVENTS,USD,controlled_event_benchmark_v1,684.36
2014-06-01,France,Montana,Channel Partners,,GROSS_PROFIT,ACTUAL_WITH_EVENTS,USD,controlled_event_benchmark_v1,16424.64
2014-06-01,France,Montana,Channel Partners,,GROSS_SALES,ACTUAL_WITH_EVENTS,USD,controlled_event_benchmark_v1,22812.0
2014-06-01,France,Montana,Channel Partners,,REVENUE,ACTUAL_WITH_EVENTS,USD,controlled_event_benchmark_v1,22127.64
2014-06-01,France,Montana,Government,,COGS,ACTUAL_WITH_EVENTS,USD,controlled_event_benchmark_v1,18990.0
2014-06-01,France,Montana,Government,,DISCOUNT,ACTUAL_WITH_EVENTS,USD,controlled_event_benchmark_v1,0.0
2014-06-01,France,Montana,Government,,GROSS_PROFIT,ACTUAL_WITH_EVENTS,USD,controlled_event_benchmark_v1,18990.0
2014-06-01,France,Montana,Government,,GROSS_SALES,ACTUAL_WITH_EVENTS,USD,controlled_event_benchmark_v1,37980.0
2014-06-01,France,Montana,Government,,REVENUE,ACTUAL_WITH_EVENTS,USD,controlled_event_benchmark_v1,37980.0
2014-06-01,France,Paseo,Channel Partners,,COGS,ACTUAL_WITH_EVENTS,USD,controlled_event_benchmark_v1,5703.0
2014-06-01,France,Paseo,Channel Partners,,DISCOUNT,ACTUAL_WITH_EVENTS,USD,controlled_event_benchmark_v1,684.36
2014-06-01,France,Paseo,Channel Partners,,GROSS_PROFIT,ACTUAL_WITH_EVENTS,USD,controlled_event_benchmark_v1,16424.64
2014-06-01,France,Paseo,Channel Partners,,GROSS_SALES,ACTUAL_WITH_EVENTS,USD,controlled_event_benchmark_v1,22812.0
2014-06-01,France,Paseo,Channel Partners,,REVENUE,ACTUAL_WITH_EVENTS,USD,controlled_event_benchmark_v1,22127.64
2014-06-01,France,Paseo,Enterprise,,COGS,ACTUAL_WITH_EVENTS,USD,controlled_event_benchmark_v1,94440.0
2014-06-01,France,Paseo,Enterprise,,DISCOUNT,ACTUAL_WITH_EVENTS,USD,controlled_event_benchmark_v1,983.75
2014-06-01,France,Paseo,Enterprise,,GROSS_PROFIT,ACTUAL_WITH_EVENTS,USD,controlled_event_benchmark_v1,2951.25
2014-06-01,France,Paseo,Enterprise,,GROSS_SALES,ACTUAL_WITH_EVENTS,USD,controlled_event_benchmark_v1,98375.0
2014-06-01,France,Paseo,Enterprise,,REVENUE,ACTUAL_WITH_EVENTS,USD,controlled_event_benchmark_v1,97391.25
2014-06-01,France,Paseo,Government,,COGS,ACTUAL_WITH_EVENTS,USD,controlled_event_benchmark_v1,388960.0
2014-06-01,France,Paseo,Government,,DISCOUNT,ACTUAL_WITH_EVENTS,USD,controlled_event_benchmark_v1,31416.0
2014-06-01,France,Paseo,Government,,GROSS_PROFIT,ACTUAL_WITH_EVENTS,USD,controlled_event_benchmark_v1,103224.0
2014-06-01,France,Paseo,Government,,GROSS_SALES,ACTUAL_WITH_EVENTS,USD,controlled_event_benchmark_v1,523600.0
2014-06-01,France,Paseo,Government,,REVENUE,ACTUAL_WITH_EVENTS,USD,controlled_event_benchmark_v1,492184.0
2014-06-01,France,Paseo,Small Business,,COGS,ACTUAL_WITH_EVENTS,USD,controlled_event_benchmark_v1,112000.0
2014-06-01,France,Paseo,Small Business,,DISCOUNT,ACTUAL_WITH_EVENTS,USD,controlled_event_benchmark_v1,9408.0
2014-06-01,France,Paseo,Small Business,,GROSS_PROFIT,ACTUAL_WITH_EVENTS,USD,controlled_event_benchmark_v1,12992.0
2014-06-01,France,Paseo,Small Business,,GROSS_SALES,ACTUAL_WITH_EVENTS,USD,controlled_event_benchmark_v1,134400.0
2014-06-01,France,Paseo,Small Business,,REVENUE,ACTUAL_WITH_EVENTS,USD,controlled_event_benchmark_v1,124992.0
2014-06-01,France,VTT,Enterprise,,COGS,ACTUAL_WITH_EVENTS,USD,controlled_event_benchmark_v1,94440.0
2014-06-01,France,VTT,Enterprise,,DISCOUNT,ACTUAL_WITH_EVENTS,USD,controlled_event_benchmark_v1,983.75
2014-06-01,France,VTT,Enterprise,,GROSS_PROFIT,ACTUAL_WITH_EVENTS,USD,controlled_event_benchmark_v1,2951.25
2014-06-01,France,VTT,Enterprise,,GROSS_SALES,ACTUAL_WITH_EVENTS,USD,controlled_event_benchmark_v1,98375.0
2014-06-01,France,VTT,Enterprise,,REVENUE,ACTUAL_WITH_EVENTS,USD,controlled_event_benchmark_v1,97391.25
2014-06-01,France,VTT,Midmarket,,COGS,ACTUAL_WITH_EVENTS,USD,controlled_event_benchmark_v1,21780.0
2014-06-01,France,VTT,Midmarket,,DISCOUNT,ACTUAL_WITH_EVENTS,USD,controlled_event_benchmark_v1,0.0
2014-06-01,France,VTT,Midmarket,,GROSS_PROFIT,ACTUAL_WITH_EVENTS,USD,controlled_event_benchmark_v1,10890.0
2014-06-01,France,VTT,Midmarket,,GROSS_SALES,ACTUAL_WITH_EVENTS,USD,controlled_event_benchmark_v1,32670.0
2014-06-01,France,VTT,Midmarket,,REVENUE,ACTUAL_WITH_EVENTS,USD,controlled_event_benchmark_v1,32670.0
2014-06-01,France,Velo,Government,,COGS,ACTUAL_WITH_EVENTS,USD,controlled_event_benchmark_v1,394910.0
2014-06-01,France,Velo,Government,,DISCOUNT,ACTUAL_WITH_EVENTS,USD,controlled_event_benchmark_v1,32498.899999999972
2014-06-01,France,Velo,Government,,GROSS_PROFIT,ACTUAL_WITH_EVENTS,USD,controlled_event_benchmark_v1,104521.10000000003
2014-06-01,France,Velo,Government,,GROSS_SALES,ACTUAL_WITH_EVENTS,USD,controlled_event_benchmark_v1,531930.0
2014-06-01,France,Velo,Government,,REVENUE,ACTUAL_WITH_EVENTS,USD,controlled_event_benchmark_v1,499431.10000000003
2014-06-01,France,,,Finance & G&A,OPEX_GNA,ACTUAL_WITH_EVENTS,USD,controlled_event_opex_v1,62256.3805786042
2014-06-01,France,,,Marketing,OPEX_MARKETING,ACTUAL_WITH_EVENTS,USD,controlled_event_opex_v1,104503.31970284329
2014-06-01,France,,,Operations,OPEX_OPERATIONS,ACTUAL_WITH_EVENTS,USD,controlled_event_opex_v1,61787.30690582441
2014-06-01,France,,,R&D,OPEX_RND,ACTUAL_WITH_EVENTS,USD,controlled_event_opex_v1,72471.54203669436
2014-06-01,France,,,Sales,OPEX_SALES,ACTUAL_WITH_EVENTS,USD,controlled_event_opex_v1,90197.49535705178
2014-06-01,France,,,,EBITDA,ACTUAL_WITH_EVENTS,USD,derived_controlled_event_v1,-57678.064581018
2014-06-01,France,,,,OPEX_TOTAL,ACTUAL_WITH_EVENTS,USD,controlled_event_opex_v1,391216.04458101804
2014-06-01,Germany,Amarilla,Government,,COGS,ACTUAL_WITH_EVENTS,USD,controlled_event_benchmark_v1,13660.0
2014-06-01,Germany,Amarilla,Government,,DISCOUNT,ACTUAL_WITH_EVENTS,USD,controlled_event_benchmark_v1,2185.6
2014-06-01,Germany,Amarilla,Government,,GROSS_PROFIT,ACTUAL_WITH_EVENTS,USD,controlled_event_benchmark_v1,11474.400000000001
2014-06-01,Germany,Amarilla,Government,,GROSS_SALES,ACTUAL_WITH_EVENTS,USD,controlled_event_benchmark_v1,27320.0
2014-06-01,Germany,Amarilla,Government,,REVENUE,ACTUAL_WITH_EVENTS,USD,controlled_event_benchmark_v1,25134.4
2014-06-01,Germany,Carretera,Midmarket,,COGS,ACTUAL_WITH_EVENTS,USD,controlled_event_benchmark_v1,8880.0
2014-06-01,Germany,Carretera,Midmarket,,DISCOUNT,ACTUAL_WITH_EVENTS,USD,controlled_event_benchmark_v1,0.0
2014-06-01,Germany,Carretera,Midmarket,,GROSS_PROFIT,ACTUAL_WITH_EVENTS,USD,controlled_event_benchmark_v1,4440.0
2014-06-01,Germany,Carretera,Midmarket,,GROSS_SALES,ACTUAL_WITH_EVENTS,USD,controlled_event_benchmark_v1,13320.0
2014-06-01,Germany,Carretera,Midmarket,,REVENUE,ACTUAL_WITH_EVENTS,USD,controlled_event_benchmark_v1,13320.0
2014-06-01,Germany,Carretera,Small Business,,COGS,ACTUAL_WITH_EVENTS,USD,controlled_event_benchmark_v1,172250.0
2014-06-01,Germany,Carretera,Small Business,,DISCOUNT,ACTUAL_WITH_EVENTS,USD,controlled_event_benchmark_v1,6201.0
2014-06-01,Germany,Carretera,Small Business,,GROSS_PROFIT,ACTUAL_WITH_EVENTS,USD,controlled_event_benchmark_v1,28249.0
2014-06-01,Germany,Carretera,Small Business,,GROSS_SALES,ACTUAL_WITH_EVENTS,USD,controlled_event_benchmark_v1,206700.0
2014-06-01,Germany,Carretera,Small Business,,REVENUE,ACTUAL_WITH_EVENTS,USD,controlled_event_benchmark_v1,200499.0
2014-06-01,Germany,Montana,Channel Partners,,COGS,ACTUAL_WITH_EVENTS,USD,controlled_event_benchmark_v1,4635.0
2014-06-01,Germany,Montana,Channel Partners,,DISCOUNT,ACTUAL_WITH_EVENTS,USD,controlled_event_benchmark_v1,0.0
2014-06-01,Germany,Montana,Channel Partners,,GROSS_PROFIT,ACTUAL_WITH_EVENTS,USD,controlled_event_benchmark_v1,13905.0
2014-06-01,Germany,Montana,Channel Partners,,GROSS_SALES,ACTUAL_WITH_EVENTS,USD,controlled_event_benchmark_v1,18540.0
2014-06-01,Germany,Montana,Channel Partners,,REVENUE,ACTUAL_WITH_EVENTS,USD,controlled_event_benchmark_v1,18540.0
2014-06-01,Germany,Paseo,Enterprise,,COGS,ACTUAL_WITH_EVENTS,USD,controlled_event_benchmark_v1,188400.0
2014-06-01,Germany,Paseo,Enterprise,,DISCOUNT,ACTUAL_WITH_EVENTS,USD,controlled_event_benchmark_v1,5887.5
2014-06-01,Germany,Paseo,Enterprise,,GROSS_PROFIT,ACTUAL_WITH_EVENTS,USD,controlled_event_benchmark_v1,1962.5
2014-06-01,Germany,Paseo,Enterprise,,GROSS_SALES,ACTUAL_WITH_EVENTS,USD,controlled_event_benchmark_v1,196250.0
2014-06-01,Germany,Paseo,Enterprise,,REVENUE,ACTUAL_WITH_EVENTS,USD,controlled_event_benchmark_v1,190362.5
2014-06-01,Germany,Paseo,Government,,COGS,ACTUAL_WITH_EVENTS,USD,controlled_event_benchmark_v1,275220.0
2014-06-01,Germany,Paseo,Government,,DISCOUNT,ACTUAL_WITH_EVENTS,USD,controlled_event_benchmark_v1,2185.5999999999744
2014-06-01,Germany,Paseo,Government,,GROSS_PROFIT,ACTUAL_WITH_EVENTS,USD,controlled_event_benchmark_v1,102014.40000000002
2014-06-01,Germany,Paseo,Government,,GROSS_SALES,ACTUAL_WITH_EVENTS,USD,controlled_event_benchmark_v1,379420.0
2014-06-01,Germany,Paseo,Government,,REVENUE,ACTUAL_WITH_EVENTS,USD,controlled_event_benchmark_v1,377234.4
2014-06-01,Germany,Paseo,Small Business,,COGS,ACTUAL_WITH_EVENTS,USD,controlled_event_benchmark_v1,172250.0
2014-06-01,Germany,Paseo,Small Business,,DISCOUNT,ACTUAL_WITH_EVENTS,USD,controlled_event_benchmark_v1,6201.0
2014-06-01,Germany,Paseo,Small Business,,GROSS_PROFIT,ACTUAL_WITH_EVENTS,USD,controlled_event_benchmark_v1,28249.0
2014-06-01,Germany,Paseo,Small Business,,GROSS_SALES,ACTUAL_WITH_EVENTS,USD,controlled_event_benchmark_v1,206700.0
2014-06-01,Germany,Paseo,Small Business,,REVENUE,ACTUAL_WITH_EVENTS,USD,controlled_event_benchmark_v1,200499.0
2014-06-01,Germany,VTT,Enterprise,,COGS,ACTUAL_WITH_EVENTS,USD,controlled_event_benchmark_v1,188400.0
2014-06-01,Germany,VTT,Enterprise,,DISCOUNT,ACTUAL_WITH_EVENTS,USD,controlled_event_benchmark_v1,5887.5
2014-06-01,Germany,VTT,Enterprise,,GROSS_PROFIT,ACTUAL_WITH_EVENTS,USD,controlled_event_benchmark_v1,1962.5
2014-06-01,Germany,VTT,Enterprise,,GROSS_SALES,ACTUAL_WITH_EVENTS,USD,controlled_event_benchmark_v1,196250.0
2014-06-01,Germany,VTT,Enterprise,,REVENUE,ACTUAL_WITH_EVENTS,USD,controlled_event_benchmark_v1,190362.5
2014-06-01,Germany,VTT,Government,,COGS,ACTUAL_WITH_EVENTS,USD,controlled_event_benchmark_v1,11690.0
2014-06-01,Germany,VTT,Government,,DISCOUNT,ACTUAL_WITH_EVENTS,USD,controlled_event_benchmark_v1,1309.28
2014-06-01,Germany,VTT,Government,,GROSS_PROFIT,ACTUAL_WITH_EVENTS,USD,controlled_event_benchmark_v1,3366.7199999999993
2014-06-01,Germany,VTT,Government,,GROSS_SALES,ACTUAL_WITH_EVENTS,USD,controlled_event_benchmark_v1,16366.0
2014-06-01,Germany,VTT,Government,,REVENUE,ACTUAL_WITH_EVENTS,USD,controlled_event_benchmark_v1,15056.72
2014-06-01,Germany,VTT,Midmarket,,COGS,ACTUAL_WITH_EVENTS,USD,controlled_event_benchmark_v1,8880.0
2014-06-01,Germany,VTT,Midmarket,,DISCOUNT,ACTUAL_WITH_EVENTS,USD,controlled_event_benchmark_v1,0.0
2014-06-01,Germany,VTT,Midmarket,,GROSS_PROFIT,ACTUAL_WITH_EVENTS,USD,controlled_event_benchmark_v1,4440.0
2014-06-01,Germany,VTT,Midmarket,,GROSS_SALES,ACTUAL_WITH_EVENTS,USD,controlled_event_benchmark_v1,13320.0
2014-06-01,Germany,VTT,Midmarket,,REVENUE,ACTUAL_WITH_EVENTS,USD,controlled_event_benchmark_v1,13320.0
2014-06-01,Germany,Velo,Channel Partners,,COGS,ACTUAL_WITH_EVENTS,USD,controlled_event_benchmark_v1,4635.0
2014-06-01,Germany,Velo,Channel Partners,,DISCOUNT,ACTUAL_WITH_EVENTS,USD,controlled_event_benchmark_v1,0.0
2014-06-01,Germany,Velo,Channel Partners,,GROSS_PROFIT,ACTUAL_WITH_EVENTS,USD,controlled_event_benchmark_v1,13905.0
2014-06-01,Germany,Velo,Channel Partners,,GROSS_SALES,ACTUAL_WITH_EVENTS,USD,controlled_event_benchmark_v1,18540.0
2014-06-01,Germany,Velo,Channel Partners,,REVENUE,ACTUAL_WITH_EVENTS,USD,controlled_event_benchmark_v1,18540.0
2014-06-01,Germany,Velo,Government,,COGS,ACTUAL_WITH_EVENTS,USD,controlled_event_benchmark_v1,273250.0
2014-06-01,Germany,Velo,Government,,DISCOUNT,ACTUAL_WITH_EVENTS,USD,controlled_event_benchmark_v1,1309.2799999999959
2014-06-01,Germany,Velo,Government,,GROSS_PROFIT,ACTUAL_WITH_EVENTS,USD,controlled_event_benchmark_v1,93906.72000000003
2014-06-01,Germany,Velo,Government,,GROSS_SALES,ACTUAL_WITH_EVENTS,USD,controlled_event_benchmark_v1,368466.0
2014-06-01,Germany,Velo,Government,,REVENUE,ACTUAL_WITH_EVENTS,USD,controlled_event_benchmark_v1,367156.72000000003
2014-06-01,Germany,,,Finance & G&A,OPEX_GNA,ACTUAL_WITH_EVENTS,USD,controlled_event_opex_v1,63228.33802407418
2014-06-01,Germany,,,Marketing,OPEX_MARKETING,ACTUAL_WITH_EVENTS,USD,controlled_event_opex_v1,95490.97243383159
2014-06-01,Germany,,,Operations,OPEX_OPERATIONS,ACTUAL_WITH_EVENTS,USD,controlled_event_opex_v1,62752.858404502425
2014-06-01,Germany,,,R&D,OPEX_RND,ACTUAL_WITH_EVENTS,USD,controlled_event_opex_v1,72794.73204589589
2014-06-01,Germany,,,Sales,OPEX_SALES,ACTUAL_WITH_EVENTS,USD,controlled_event_opex_v1,89608.53485393488
2014-06-01,Germany,,,,EBITDA,ACTUAL_WITH_EVENTS,USD,derived_controlled_event_v1,-76000.19576223893
2014-06-01,Germany,,,,OPEX_TOTAL,ACTUAL_WITH_EVENTS,USD,controlled_event_opex_v1,383875.435762239
2014-06-01,Mexico,Amarilla,Government,,COGS,ACTUAL_WITH_EVENTS,USD,controlled_event_benchmark_v1,10380.0
2014-06-01,Mexico,Amarilla,Government,,DISCOUNT,ACTUAL_WITH_EVENTS,USD,controlled_event_benchmark_v1,1868.3999999999999
2014-06-01,Mexico,Amarilla,Government,,GROSS_PROFIT,ACTUAL_WITH_EVENTS,USD,controlled_event_benchmark_v1,8511.599999999999
2014-06-01,Mexico,Amarilla,Government,,GROSS_SALES,ACTUAL_WITH_EVENTS,USD,controlled_event_benchmark_v1,20760.0
2014-06-01,Mexico,Amarilla,Government,,REVENUE,ACTUAL_WITH_EVENTS,USD,controlled_event_benchmark_v1,18891.6
2014-06-01,Mexico,Amarilla,Small Business,,COGS,ACTUAL_WITH_EVENTS,USD,controlled_event_benchmark_v1,615000.0
2014-06-01,Mexico,Amarilla,Small Business,,DISCOUNT,ACTUAL_WITH_EVENTS,USD,controlled_event_benchmark_v1,59040.0
2014-06-01,Mexico,Amarilla,Small Business,,GROSS_PROFIT,ACTUAL_WITH_EVENTS,USD,controlled_event_benchmark_v1,63960.0
2014-06-01,Mexico,Amarilla,Small Business,,GROSS_SALES,ACTUAL_WITH_EVENTS,USD,controlled_event_benchmark_v1,738000.0
2014-06-01,Mexico,Amarilla,Small Business,,REVENUE,ACTUAL_WITH_EVENTS,USD,controlled_event_benchmark_v1,678960.0
2014-06-01,Mexico,Carretera,Government,,COGS,ACTUAL_WITH_EVENTS,USD,controlled_event_benchmark_v1,230360.0
2014-06-01,Mexico,Carretera,Government,,DISCOUNT,ACTUAL_WITH_EVENTS,USD,controlled_event_benchmark_v1,37212.0
2014-06-01,Mexico,Carretera,Government,,GROSS_PROFIT,ACTUAL_WITH_EVENTS,USD,controlled_event_benchmark_v1,42528.0
2014-06-01,Mexico,Carretera,Government,,GROSS_SALES,ACTUAL_WITH_EVENTS,USD,controlled_event_benchmark_v1,310100.0
2014-06-01,Mexico,Carretera,Government,,REVENUE,ACTUAL_WITH_EVENTS,USD,controlled_event_benchmark_v1,272888.0
2014-06-01,Mexico,Carretera,Midmarket,,COGS,ACTUAL_WITH_EVENTS,USD,controlled_event_benchmark_v1,24700.0
2014-06-01,Mexico,Carretera,Midmarket,,DISCOUNT,ACTUAL_WITH_EVENTS,USD,controlled_event_benchmark_v1,0.0
2014-06-01,Mexico,Carretera,Midmarket,,GROSS_PROFIT,ACTUAL_WITH_EVENTS,USD,controlled_event_benchmark_v1,12350.0
2014-06-01,Mexico,Carretera,Midmarket,,GROSS_SALES,ACTUAL_WITH_EVENTS,USD,controlled_event_benchmark_v1,37050.0
2014-06-01,Mexico,Carretera,Midmarket,,REVENUE,ACTUAL_WITH_EVENTS,USD,controlled_event_benchmark_v1,37050.0
2014-06-01,Mexico,Montana,Channel Partners,,COGS,ACTUAL_WITH_EVENTS,USD,controlled_event_benchmark_v1,1812.0
2014-06-01,Mexico,Montana,Channel Partners,,DISCOUNT,ACTUAL_WITH_EVENTS,USD,controlled_event_benchmark_v1,942.24
2014-06-01,Mexico,Montana,Channel Partners,,GROSS_PROFIT,ACTUAL_WITH_EVENTS,USD,controlled_event_benchmark_v1,4493.76
2014-06-01,Mexico,Montana,Channel Partners,,GROSS_SALES,ACTUAL_WITH_EVENTS,USD,controlled_event_benchmark_v1,7248.0
2014-06-01,Mexico,Montana,Channel Partners,,REVENUE,ACTUAL_WITH_EVENTS,USD,controlled_event_benchmark_v1,6305.76
2014-06-01,Mexico,Montana,Midmarket,,COGS,ACTUAL_WITH_EVENTS,USD,controlled_event_benchmark_v1,24700.0
2014-06-01,Mexico,Montana,Midmarket,,DISCOUNT,ACTUAL_WITH_EVENTS,USD,controlled_event_benchmark_v1,0.0
2014-06-01,Mexico,Montana,Midmarket,,GROSS_PROFIT,ACTUAL_WITH_EVENTS,USD,controlled_event_benchmark_v1,12350.0
2014-06-01,Mexico,Montana,Midmarket,,GROSS_SALES,ACTUAL_WITH_EVENTS,USD,controlled_event_benchmark_v1,37050.0
2014-06-01,Mexico,Montana,Midmarket,,REVENUE,ACTUAL_WITH_EVENTS,USD,controlled_event_benchmark_v1,37050.0
2014-06-01,Mexico,Paseo,Enterprise,,COGS,ACTUAL_WITH_EVENTS,USD,controlled_event_benchmark_v1,79440.0
2014-06-01,Mexico,Paseo,Enterprise,,DISCOUNT,ACTUAL_WITH_EVENTS,USD,controlled_event_benchmark_v1,1655.0
2014-06-01,Mexico,Paseo,Enterprise,,GROSS_PROFIT,ACTUAL_WITH_EVENTS,USD,controlled_event_benchmark_v1,1655.0
2014-06-01,Mexico,Paseo,Enterprise,,GROSS_SALES,ACTUAL_WITH_EVENTS,USD,controlled_event_benchmark_v1,82750.0
2014-06-01,Mexico,Paseo,Enterprise,,REVENUE,ACTUAL_WITH_EVENTS,USD,controlled_event_benchmark_v1,81095.0
2014-06-01,Mexico,Paseo,Government,,COGS,ACTUAL_WITH_EVENTS,USD,controlled_event_benchmark_v1,240739.99999999997
2014-06-01,Mexico,Paseo,Government,,DISCOUNT,ACTUAL_WITH_EVENTS,USD,controlled_event_benchmark_v1,39080.39999999999
2014-06-01,Mexico,Paseo,Government,,GROSS_PROFIT,ACTUAL_WITH_EVENTS,USD,controlled_event_benchmark_v1,51039.600000000064
2014-06-01,Mexico,Paseo,Government,,GROSS_SALES,ACTUAL_WITH_EVENTS,USD,controlled_event_benchmark_v1,330860.0
2014-06-01,Mexico,Paseo,Government,,REVENUE,ACTUAL_WITH_EVENTS,USD,controlled_event_benchmark_v1,291779.60000000003
2014-06-01,Mexico,Paseo,Small Business,,COGS,ACTUAL_WITH_EVENTS,USD,controlled_event_benchmark_v1,615000.0
2014-06-01,Mexico,Paseo,Small Business,,DISCOUNT,ACTUAL_WITH_EVENTS,USD,controlled_event_benchmark_v1,59040.0
2014-06-01,Mexico,Paseo,Small Business,,GROSS_PROFIT,ACTUAL_WITH_EVENTS,USD,controlled_event_benchmark_v1,63960.0
2014-06-01,Mexico,Paseo,Small Business,,GROSS_SALES,ACTUAL_WITH_EVENTS,USD,controlled_event_benchmark_v1,738000.0
2014-06-01,Mexico,Paseo,Small Business,,REVENUE,ACTUAL_WITH_EVENTS,USD,controlled_event_benchmark_v1,678960.0
2014-06-01,Mexico,VTT,Enterprise,,COGS,ACTUAL_WITH_EVENTS,USD,controlled_event_benchmark_v1,79440.0
2014-06-01,Mexico,VTT,Enterprise,,DISCOUNT,ACTUAL_WITH_EVENTS,USD,controlled_event_benchmark_v1,1655.0
2014-06-01,Mexico,VTT,Enterprise,,GROSS_PROFIT,ACTUAL_WITH_EVENTS,USD,controlled_event_benchmark_v1,1655.0
2014-06-01,Mexico,VTT,Enterprise,,GROSS_SALES,ACTUAL_WITH_EVENTS,USD,controlled_event_benchmark_v1,82750.0
2014-06-01,Mexico,VTT,Enterprise,,REVENUE,ACTUAL_WITH_EVENTS,USD,controlled_event_benchmark_v1,81095.0
2014-06-01,Mexico,VTT,Government,,COGS,ACTUAL_WITH_EVENTS,USD,controlled_event_benchmark_v1,7490.0
2014-06-01,Mexico,VTT,Government,,DISCOUNT,ACTUAL_WITH_EVENTS,USD,controlled_event_benchmark_v1,629.16
2014-06-01,Mexico,VTT,Government,,GROSS_PROFIT,ACTUAL_WITH_EVENTS,USD,controlled_event_benchmark_v1,2366.84
2014-06-01,Mexico,VTT,Government,,GROSS_SALES,ACTUAL_WITH_EVENTS,USD,controlled_event_benchmark_v1,10486.0
2014-06-01,Mexico,VTT,Government,,REVENUE,ACTUAL_WITH_EVENTS,USD,controlled_event_benchmark_v1,9856.84
2014-06-01,Mexico,Velo,Channel Partners,,COGS,ACTUAL_WITH_EVENTS,USD,controlled_event_benchmark_v1,1812.0
2014-06-01,Mexico,Velo,Channel Partners,,DISCOUNT,ACTUAL_WITH_EVENTS,USD,controlled_event_benchmark_v1,942.24
2014-06-01,Mexico,Velo,Channel Partners,,GROSS_PROFIT,ACTUAL_WITH_EVENTS,USD,controlled_event_benchmark_v1,4493.76
2014-06-01,Mexico,Velo,Channel Partners,,GROSS_SALES,ACTUAL_WITH_EVENTS,USD,controlled_event_benchmark_v1,7248.0
2014-06-01,Mexico,Velo,Channel Partners,,REVENUE,ACTUAL_WITH_EVENTS,USD,controlled_event_benchmark_v1,6305.76
2014-06-01,Mexico,Velo,Government,,COGS,ACTUAL_WITH_EVENTS,USD,controlled_event_benchmark_v1,7490.0
2014-06-01,Mexico,Velo,Government,,DISCOUNT,ACTUAL_WITH_EVENTS,USD,controlled_event_benchmark_v1,629.16
2014-06-01,Mexico,Velo,Government,,GROSS_PROFIT,ACTUAL_WITH_EVENTS,USD,controlled_event_benchmark_v1,2366.84
2014-06-01,Mexico,Velo,Government,,GROSS_SALES,ACTUAL_WITH_EVENTS,USD,controlled_event_benchmark_v1,10486.0
2014-06-01,Mexico,Velo,Government,,REVENUE,ACTUAL_WITH_EVENTS,USD,controlled_event_benchmark_v1,9856.84
2014-06-01,Mexico,,,Finance & G&A,OPEX_GNA,ACTUAL_WITH_EVENTS,USD,controlled_event_opex_v1,76647.61368990775
2014-06-01,Mexico,,,Marketing,OPEX_MARKETING,ACTUAL_WITH_EVENTS,USD,controlled_event_opex_v1,111069.36299737486
2014-06-01,Mexico,,,Operations,OPEX_OPERATIONS,ACTUAL_WITH_EVENTS,USD,controlled_event_opex_v1,73343.98735344471
2014-06-01,Mexico,,,R&D,OPEX_RND,ACTUAL_WITH_EVENTS,USD,controlled_event_opex_v1,87896.13298452589
2014-06-01,Mexico,,,Sales,OPEX_SALES,ACTUAL_WITH_EVENTS,USD,controlled_event_opex_v1,107676.38512838341
2014-06-01,Mexico,,,,EBITDA,ACTUAL_WITH_EVENTS,USD,derived_controlled_event_v1,-184903.08215363655
2014-06-01,Mexico,,,,OPEX_TOTAL,ACTUAL_WITH_EVENTS,USD,controlled_event_opex_v1,456633.48215363664
2014-06-01,United States of America,Amarilla,Government,,COGS,ACTUAL_WITH_EVENTS,USD,controlled_event_benchmark_v1,27355.0
2014-06-01,United States of America,Amarilla,Government,,DISCOUNT,ACTUAL_WITH_EVENTS,USD,controlled_event_benchmark_v1,5978.570000000001
2014-06-01,United States of America,Amarilla,Government,,GROSS_PROFIT,ACTUAL_WITH_EVENTS,USD,controlled_event_benchmark_v1,12655.43
2014-06-01,United States of America,Amarilla,Government,,GROSS_SALES,ACTUAL_WITH_EVENTS,USD,controlled_event_benchmark_v1,45989.0
2014-06-01,United States of America,Amarilla,Government,,REVENUE,ACTUAL_WITH_EVENTS,USD,controlled_event_benchmark_v1,40010.43
2014-06-01,United States of America,Carretera,Midmarket,,COGS,ACTUAL_WITH_EVENTS,USD,controlled_event_benchmark_v1,25670.0
2014-06-01,United States of America,Carretera,Midmarket,,DISCOUNT,ACTUAL_WITH_EVENTS,USD,controlled_event_benchmark_v1,5005.649999999996
2014-06-01,United States of America,Carretera,Midmarket,,GROSS_PROFIT,ACTUAL_WITH_EVENTS,USD,controlled_event_benchmark_v1,7829.350000000006
2014-06-01,United States of America,Carretera,Midmarket,,GROSS_SALES,ACTUAL_WITH_EVENTS,USD,controlled_event_benchmark_v1,38505.0
2014-06-01,United States of America,Carretera,Midmarket,,REVENUE,ACTUAL_WITH_EVENTS,USD,controlled_event_benchmark_v1,33499.350000000006
2014-06-01,United States of America,Carretera,Small Business,,COGS,ACTUAL_WITH_EVENTS,USD,controlled_event_benchmark_v1,247750.0
2014-06-01,United States of America,Carretera,Small Business,,DISCOUNT,ACTUAL_WITH_EVENTS,USD,controlled_event_benchmark_v1,14865.0
2014-06-01,United States of America,Carretera,Small Business,,GROSS_PROFIT,ACTUAL_WITH_EVENTS,USD,controlled_event_benchmark_v1,34685.0
2014-06-01,United States of America,Carretera,Small Business,,GROSS_SALES,ACTUAL_WITH_EVENTS,USD,controlled_event_benchmark_v1,297300.0
2014-06-01,United States of America,Carretera,Small Business,,REVENUE,ACTUAL_WITH_EVENTS,USD,controlled_event_benchmark_v1,282435.0
2014-06-01,United States of America,Montana,Channel Partners,,COGS,ACTUAL_WITH_EVENTS,USD,controlled_event_benchmark_v1,3426.0
2014-06-01,United States of America,Montana,Channel Partners,,DISCOUNT,ACTUAL_WITH_EVENTS,USD,controlled_event_benchmark_v1,274.08
2014-06-01,United States of America,Montana,Channel Partners,,GROSS_PROFIT,ACTUAL_WITH_EVENTS,USD,controlled_event_benchmark_v1,10003.92
2014-06-01,United States of America,Montana,Channel Partners,,GROSS_SALES,ACTUAL_WITH_EVENTS,USD,controlled_event_benchmark_v1,13704.0
2014-06-01,United States of America,Montana,Channel Partners,,REVENUE,ACTUAL_WITH_EVENTS,USD,controlled_event_benchmark_v1,13429.92
2014-06-01,United States of America,Montana,Government,,COGS,ACTUAL_WITH_EVENTS,USD,controlled_event_benchmark_v1,12820.0
2014-06-01,United States of America,Montana,Government,,DISCOUNT,ACTUAL_WITH_EVENTS,USD,controlled_event_benchmark_v1,2051.1999999999975
2014-06-01,United States of America,Montana,Government,,GROSS_PROFIT,ACTUAL_WITH_EVENTS,USD,controlled_event_benchmark_v1,10768.800000000003
2014-06-01,United States of America,Montana,Government,,GROSS_SALES,ACTUAL_WITH_EVENTS,USD,controlled_event_benchmark_v1,25640.0
2014-06-01,United States of America,Montana,Government,,REVENUE,ACTUAL_WITH_EVENTS,USD,controlled_event_benchmark_v1,23588.800000000003
2014-06-01,United States of America,Paseo,Channel Partners,,COGS,ACTUAL_WITH_EVENTS,USD,controlled_event_benchmark_v1,3426.0
2014-06-01,United States of America,Paseo,Channel Partners,,DISCOUNT,ACTUAL_WITH_EVENTS,USD,controlled_event_benchmark_v1,274.08
2014-06-01,United States of America,Paseo,Channel Partners,,GROSS_PROFIT,ACTUAL_WITH_EVENTS,USD,controlled_event_benchmark_v1,10003.92
2014-06-01,United States of America,Paseo,Channel Partners,,GROSS_SALES,ACTUAL_WITH_EVENTS,USD,controlled_event_benchmark_v1,13704.0
2014-06-01,United States of America,Paseo,Channel Partners,,REVENUE,ACTUAL_WITH_EVENTS,USD,controlled_event_benchmark_v1,13429.92
2014-06-01,United States of America,Paseo,Enterprise,,COGS,ACTUAL_WITH_EVENTS,USD,controlled_event_benchmark_v1,87240.0
2014-06-01,United States of America,Paseo,Enterprise,,DISCOUNT,ACTUAL_WITH_EVENTS,USD,controlled_event_benchmark_v1,908.75
2014-06-01,United States of America,Paseo,Enterprise,,GROSS_PROFIT,ACTUAL_WITH_EVENTS,USD,controlled_event_benchmark_v1,2726.25
2014-06-01,United States of America,Paseo,Enterprise,,GROSS_SALES,ACTUAL_WITH_EVENTS,USD,controlled_event_benchmark_v1,90875.0
2014-06-01,United States of America,Paseo,Enterprise,,REVENUE,ACTUAL_WITH_EVENTS,USD,controlled_event_benchmark_v1,89966.25
2014-06-01,United States of America,Paseo,Government,,COGS,ACTUAL_WITH_EVENTS,USD,controlled_event_benchmark_v1,156520.0
2014-06-01,United States of America,Paseo,Government,,DISCOUNT,ACTUAL_WITH_EVENTS,USD,controlled_event_benchmark_v1,10535.0
2014-06-01,United States of America,Paseo,Government,,GROSS_PROFIT,ACTUAL_WITH_EVENTS,USD,controlled_event_benchmark_v1,43645.0
2014-06-01,United States of America,Paseo,Government,,GROSS_SALES,ACTUAL_WITH_EVENTS,USD,controlled_event_benchmark_v1,210700.0
2014-06-01,United States of America,Paseo,Government,,REVENUE,ACTUAL_WITH_EVENTS,USD,controlled_event_benchmark_v1,200165.0
2014-06-01,United States of America,Paseo,Small Business,,COGS,ACTUAL_WITH_EVENTS,USD,controlled_event_benchmark_v1,247750.0
2014-06-01,United States of America,Paseo,Small Business,,DISCOUNT,ACTUAL_WITH_EVENTS,USD,controlled_event_benchmark_v1,14865.0
2014-06-01,United States of America,Paseo,Small Business,,GROSS_PROFIT,ACTUAL_WITH_EVENTS,USD,controlled_event_benchmark_v1,34685.0
2014-06-01,United States of America,Paseo,Small Business,,GROSS_SALES,ACTUAL_WITH_EVENTS,USD,controlled_event_benchmark_v1,297300.0
2014-06-01,United States of America,Paseo,Small Business,,REVENUE,ACTUAL_WITH_EVENTS,USD,controlled_event_benchmark_v1,282435.0
2014-06-01,United States of America,VTT,Enterprise,,COGS,ACTUAL_WITH_EVENTS,USD,controlled_event_benchmark_v1,87240.0
2014-06-01,United States of America,VTT,Enterprise,,DISCOUNT,ACTUAL_WITH_EVENTS,USD,controlled_event_benchmark_v1,908.75
2014-06-01,United States of America,VTT,Enterprise,,GROSS_PROFIT,ACTUAL_WITH_EVENTS,USD,controlled_event_benchmark_v1,2726.25
2014-06-01,United States of America,VTT,Enterprise,,GROSS_SALES,ACTUAL_WITH_EVENTS,USD,controlled_event_benchmark_v1,90875.0
2014-06-01,United States of America,VTT,Enterprise,,REVENUE,ACTUAL_WITH_EVENTS,USD,controlled_event_benchmark_v1,89966.25
2014-06-01,United States of America,VTT,Midmarket,,COGS,ACTUAL_WITH_EVENTS,USD,controlled_event_benchmark_v1,25670.0
2014-06-01,United States of America,VTT,Midmarket,,DISCOUNT,ACTUAL_WITH_EVENTS,USD,controlled_event_benchmark_v1,5005.649999999996
2014-06-01,United States of America,VTT,Midmarket,,GROSS_PROFIT,ACTUAL_WITH_EVENTS,USD,controlled_event_benchmark_v1,7829.350000000006
2014-06-01,United States of America,VTT,Midmarket,,GROSS_SALES,ACTUAL_WITH_EVENTS,USD,controlled_event_benchmark_v1,38505.0
2014-06-01,United States of America,VTT,Midmarket,,REVENUE,ACTUAL_WITH_EVENTS,USD,controlled_event_benchmark_v1,33499.350000000006
2014-06-01,United States of America,Velo,Government,,COGS,ACTUAL_WITH_EVENTS,USD,controlled_event_benchmark_v1,171055.0
2014-06-01,United States of America,Velo,Government,,DISCOUNT,ACTUAL_WITH_EVENTS,USD,controlled_event_benchmark_v1,12162.919999999987
2014-06-01,United States of America,Velo,Government,,GROSS_PROFIT,ACTUAL_WITH_EVENTS,USD,controlled_event_benchmark_v1,47831.07999999999
2014-06-01,United States of America,Velo,Government,,GROSS_SALES,ACTUAL_WITH_EVENTS,USD,controlled_event_benchmark_v1,231048.99999999997
2014-06-01,United States of America,Velo,Government,,REVENUE,ACTUAL_WITH_EVENTS,USD,controlled_event_benchmark_v1,218886.08
2014-06-01,United States of America,,,Finance & G&A,OPEX_GNA,ACTUAL_WITH_EVENTS,USD,controlled_event_opex_v1,53870.23046464244
2014-06-01,United States of America,,,Marketing,OPEX_MARKETING,ACTUAL_WITH_EVENTS,USD,controlled_event_opex_v1,79836.2109057931
2014-06-01,United States of America,,,Operations,OPEX_OPERATIONS,ACTUAL_WITH_EVENTS,USD,controlled_event_opex_v1,54034.132933318615
2014-06-01,United States of America,,,R&D,OPEX_RND,ACTUAL_WITH_EVENTS,USD,controlled_event_opex_v1,61256.685251864816
2014-06-01,United States of America,,,Sales,OPEX_SALES,ACTUAL_WITH_EVENTS,USD,controlled_event_opex_v1,75147.01178438366
2014-06-01,United States of America,,,,EBITDA,ACTUAL_WITH_EVENTS,USD,derived_controlled_event_v1,-98754.92134000265
2014-06-01,United States of America,,,,OPEX_TOTAL,ACTUAL_WITH_EVENTS,USD,controlled_event_opex_v1,324144.27134000266
2014-07-01,Canada,Amarilla,Midmarket,,COGS,ACTUAL_WITH_EVENTS,USD,controlled_event_benchmark_v1,16305.0
2014-07-01,Canada,Amarilla,Midmarket,,DISCOUNT,ACTUAL_WITH_EVENTS,USD,controlled_event_benchmark_v1,2201.1749999999997
2014-07-01,Canada,Amarilla,Midmarket,,GROSS_PROFIT,ACTUAL_WITH_EVENTS,USD,controlled_event_benchmark_v1,5951.325000000001
2014-07-01,Canada,Amarilla,Midmarket,,GROSS_SALES,ACTUAL_WITH_EVENTS,USD,controlled_event_benchmark_v1,24457.5
2014-07-01,Canada,Amarilla,Midmarket,,REVENUE,ACTUAL_WITH_EVENTS,USD,controlled_event_benchmark_v1,22256.325
2014-07-01,Canada,Carretera,Government,,COGS,ACTUAL_WITH_EVENTS,USD,controlled_event_benchmark_v1,4095.0
2014-07-01,Canada,Carretera,Government,,DISCOUNT,ACTUAL_WITH_EVENTS,USD,controlled_event_benchmark_v1,515.97
2014-07-01,Canada,Carretera,Government,,GROSS_PROFIT,ACTUAL_WITH_EVENTS,USD,controlled_event_benchmark_v1,1122.0299999999997
2014-07-01,Canada,Carretera,Government,,GROSS_SALES,ACTUAL_WITH_EVENTS,USD,controlled_event_benchmark_v1,5733.0
2014-07-01,Canada,Carretera,Government,,REVENUE,ACTUAL_WITH_EVENTS,USD,controlled_event_benchmark_v1,5217.03
2014-07-01,Canada,Montana,Enterprise,,COGS,ACTUAL_WITH_EVENTS,USD,controlled_event_benchmark_v1,319860.0
2014-07-01,Canada,Montana,Enterprise,,DISCOUNT,ACTUAL_WITH_EVENTS,USD,controlled_event_benchmark_v1,0.0
2014-07-01,Canada,Montana,Enterprise,,GROSS_PROFIT,ACTUAL_WITH_EVENTS,USD,controlled_event_benchmark_v1,13327.5
2014-07-01,Canada,Montana,Enterprise,,GROSS_SALES,ACTUAL_WITH_EVENTS,USD,controlled_event_benchmark_v1,333187.5
2014-07-01,Canada,Montana,Enterprise,,REVENUE,ACTUAL_WITH_EVENTS,USD,controlled_event_benchmark_v1,333187.5
2014-07-01,Canada,Paseo,Channel Partners,,COGS,ACTUAL_WITH_EVENTS,USD,controlled_event_benchmark_v1,12078.0
2014-07-01,Canada,Paseo,Channel Partners,,DISCOUNT,ACTUAL_WITH_EVENTS,USD,controlled_event_benchmark_v1,5314.32
2014-07-01,Canada,Paseo,Channel Partners,,GROSS_PROFIT,ACTUAL_WITH_EVENTS,USD,controlled_event_benchmark_v1,30919.68
2014-07-01,Canada,Paseo,Channel Partners,,GROSS_SALES,ACTUAL_WITH_EVENTS,USD,controlled_event_benchmark_v1,48312.0
2014-07-01,Canada,Paseo,Channel Partners,,REVENUE,ACTUAL_WITH_EVENTS,USD,controlled_event_benchmark_v1,42997.68
2014-07-01,Canada,Paseo,Government,,COGS,ACTUAL_WITH_EVENTS,USD,controlled_event_benchmark_v1,547170.0
2014-07-01,Canada,Paseo,Government,,DISCOUNT,ACTUAL_WITH_EVENTS,USD,controlled_event_benchmark_v1,81023.25
2014-07-01,Canada,Paseo,Government,,GROSS_PROFIT,ACTUAL_WITH_EVENTS,USD,controlled_event_benchmark_v1,108381.75
2014-07-01,Canada,Paseo,Government,,GROSS_SALES,ACTUAL_WITH_EVENTS,USD,controlled_event_benchmark_v1,736575.0
2014-07-01,Canada,Paseo,Government,,REVENUE,ACTUAL_WITH_EVENTS,USD,controlled_event_benchmark_v1,655551.75
2014-07-01,Canada,VTT,Government,,COGS,ACTUAL_WITH_EVENTS,USD,controlled_event_benchmark_v1,8655.0
2014-07-01,Canada,VTT,Government,,DISCOUNT,ACTUAL_WITH_EVENTS,USD,controlled_event_benchmark_v1,2596.5
2014-07-01,Canada,VTT,Government,,GROSS_PROFIT,ACTUAL_WITH_EVENTS,USD,controlled_event_benchmark_v1,6058.5
2014-07-01,Canada,VTT,Government,,GROSS_SALES,ACTUAL_WITH_EVENTS,USD,controlled_event_benchmark_v1,17310.0
2014-07-01,Canada,VTT,Government,,REVENUE,ACTUAL_WITH_EVENTS,USD,controlled_event_benchmark_v1,14713.5
2014-07-01,Canada,Velo,Small Business,,COGS,ACTUAL_WITH_EVENTS,USD,controlled_event_benchmark_v1,948375.0
2014-07-01,Canada,Velo,Small Business,,DISCOUNT,ACTUAL_WITH_EVENTS,USD,controlled_event_benchmark_v1,102424.5
2014-07-01,Canada,Velo,Small Business,,GROSS_PROFIT,ACTUAL_WITH_EVENTS,USD,controlled_event_benchmark_v1,87250.5
2014-07-01,Canada,Velo,Small Business,,GROSS_SALES,ACTUAL_WITH_EVENTS,USD,controlled_event_benchmark_v1,1138050.0
2014-07-01,Canada,Velo,Small Business,,REVENUE,ACTUAL_WITH_EVENTS,USD,controlled_event_benchmark_v1,1035625.5
2014-07-01,Canada,,,Finance & G&A,OPEX_GNA,ACTUAL_WITH_EVENTS,USD,controlled_event_opex_v1,85799.44427878376
2014-07-01,Canada,,,Marketing,OPEX_MARKETING,ACTUAL_WITH_EVENTS,USD,controlled_event_opex_v1,127110.73157546886
2014-07-01,Canada,,,Operations,OPEX_OPERATIONS,ACTUAL_WITH_EVENTS,USD,controlled_event_opex_v1,83200.53397503366
2014-07-01,Canada,,,R&D,OPEX_RND,ACTUAL_WITH_EVENTS,USD,controlled_event_opex_v1,101817.12073941268
2014-07-01,Canada,,,Sales,OPEX_SALES,ACTUAL_WITH_EVENTS,USD,controlled_event_opex_v1,122400.18804090883
2014-07-01,Canada,,,,EBITDA,ACTUAL_WITH_EVENTS,USD,derived_controlled_event_v1,-267316.7336096078
2014-07-01,Canada,,,,OPEX_TOTAL,ACTUAL_WITH_EVENTS,USD,controlled_event_opex_v1,520328.0186096078
2014-07-01,France,Amarilla,Government,,COGS,ACTUAL_WITH_EVENTS,USD,controlled_event_benchmark_v1,17107.5
2014-07-01,France,Amarilla,Government,,DISCOUNT,ACTUAL_WITH_EVENTS,USD,controlled_event_benchmark_v1,2874.06
2014-07-01,France,Amarilla,Government,,GROSS_PROFIT,ACTUAL_WITH_EVENTS,USD,controlled_event_benchmark_v1,3968.9399999999987
2014-07-01,France,Amarilla,Government,,GROSS_SALES,ACTUAL_WITH_EVENTS,USD,controlled_event_benchmark_v1,23950.5
2014-07-01,France,Amarilla,Government,,REVENUE,ACTUAL_WITH_EVENTS,USD,controlled_event_benchmark_v1,21076.44
2014-07-01,France,Montana,Government,,COGS,ACTUAL_WITH_EVENTS,USD,controlled_event_benchmark_v1,13755.0
2014-07-01,France,Montana,Government,,DISCOUNT,ACTUAL_WITH_EVENTS,USD,controlled_event_benchmark_v1,275.1
2014-07-01,France,Montana,Government,,GROSS_PROFIT,ACTUAL_WITH_EVENTS,USD,controlled_event_benchmark_v1,13479.900000000001
2014-07-01,France,Montana,Government,,GROSS_SALES,ACTUAL_WITH_EVENTS,USD,controlled_event_benchmark_v1,27510.0
2014-07-01,France,Montana,Government,,REVENUE,ACTUAL_WITH_EVENTS,USD,controlled_event_benchmark_v1,27234.9
2014-07-01,France,Paseo,Channel Partners,,COGS,ACTUAL_WITH_EVENTS,USD,controlled_event_benchmark_v1,7276.5
2014-07-01,France,Paseo,Channel Partners,,DISCOUNT,ACTUAL_WITH_EVENTS,USD,controlled_event_benchmark_v1,3201.66
2014-07-01,France,Paseo,Channel Partners,,GROSS_PROFIT,ACTUAL_WITH_EVENTS,USD,controlled_event_benchmark_v1,18627.84
2014-07-01,France,Paseo,Channel Partners,,GROSS_SALES,ACTUAL_WITH_EVENTS,USD,controlled_event_benchmark_v1,29106.0
2014-07-01,France,Paseo,Channel Partners,,REVENUE,ACTUAL_WITH_EVENTS,USD,controlled_event_benchmark_v1,25904.34
2014-07-01,France,Paseo,Enterprise,,COGS,ACTUAL_WITH_EVENTS,USD,controlled_event_benchmark_v1,358560.0
2014-07-01,France,Paseo,Enterprise,,DISCOUNT,ACTUAL_WITH_EVENTS,USD,controlled_event_benchmark_v1,14940.0
2014-07-01,France,Paseo,Enterprise,,GROSS_PROFIT,ACTUAL_WITH_EVENTS,USD,controlled_event_benchmark_v1,0.0
2014-07-01,France,Paseo,Enterprise,,GROSS_SALES,ACTUAL_WITH_EVENTS,USD,controlled_event_benchmark_v1,373500.0
2014-07-01,France,Paseo,Enterprise,,REVENUE,ACTUAL_WITH_EVENTS,USD,controlled_event_benchmark_v1,358560.0
2014-07-01,France,VTT,Midmarket,,COGS,ACTUAL_WITH_EVENTS,USD,controlled_event_benchmark_v1,38745.0
2014-07-01,France,VTT,Midmarket,,DISCOUNT,ACTUAL_WITH_EVENTS,USD,controlled_event_benchmark_v1,6974.099999999999
2014-07-01,France,VTT,Midmarket,,GROSS_PROFIT,ACTUAL_WITH_EVENTS,USD,controlled_event_benchmark_v1,12398.400000000001
2014-07-01,France,VTT,Midmarket,,GROSS_SALES,ACTUAL_WITH_EVENTS,USD,controlled_event_benchmark_v1,58117.5
2014-07-01,France,VTT,Midmarket,,REVENUE,ACTUAL_WITH_EVENTS,USD,controlled_event_benchmark_v1,51143.4
2014-07-01,France,Velo,Government,,COGS,ACTUAL_WITH_EVENTS,USD,controlled_event_benchmark_v1,166140.0
2014-07-01,France,Velo,Government,,DISCOUNT,ACTUAL_WITH_EVENTS,USD,controlled_event_benchmark_v1,22365.0
2014-07-01,France,Velo,Government,,GROSS_PROFIT,ACTUAL_WITH_EVENTS,USD,controlled_event_benchmark_v1,35145.0
2014-07-01,France,Velo,Government,,GROSS_SALES,ACTUAL_WITH_EVENTS,USD,controlled_event_benchmark_v1,223650.0
2014-07-01,France,Velo,Government,,REVENUE,ACTUAL_WITH_EVENTS,USD,controlled_event_benchmark_v1,201285.0
2014-07-01,France,Velo,Small Business,,COGS,ACTUAL_WITH_EVENTS,USD,controlled_event_benchmark_v1,414750.0
2014-07-01,France,Velo,Small Business,,DISCOUNT,ACTUAL_WITH_EVENTS,USD,controlled_event_benchmark_v1,34839.0
2014-07-01,France,Velo,Small Business,,GROSS_PROFIT,ACTUAL_WITH_EVENTS,USD,controlled_event_benchmark_v1,48111.0
2014-07-01,France,Velo,Small Business,,GROSS_SALES,ACTUAL_WITH_EVENTS,USD,controlled_event_benchmark_v1,497700.0
2014-07-01,France,Velo,Small Business,,REVENUE,ACTUAL_WITH_EVENTS,USD,controlled_event_benchmark_v1,462861.0
2014-07-01,France,,,Finance & G&A,OPEX_GNA,ACTUAL_WITH_EVENTS,USD,controlled_event_opex_v1,48343.52494105905
2014-07-01,France,,,Marketing,OPEX_MARKETING,ACTUAL_WITH_EVENTS,USD,controlled_event_opex_v1,77438.64794660374
2014-07-01,France,,,Operations,OPEX_OPERATIONS,ACTUAL_WITH_EVENTS,USD,controlled_event_opex_v1,45930.35559473802
2014-07-01,France,,,R&D,OPEX_RND,ACTUAL_WITH_EVENTS,USD,controlled_event_opex_v1,57418.93335401614
2014-07-01,France,,,Sales,OPEX_SALES,ACTUAL_WITH_EVENTS,USD,controlled_event_opex_v1,68656.98777364563
2014-07-01,France,,,,EBITDA,ACTUAL_WITH_EVENTS,USD,derived_controlled_event_v1,-166057.36961006257
2014-07-01,France,,,,OPEX_TOTAL,ACTUAL_WITH_EVENTS,USD,controlled_event_opex_v1,297788.4496100626
2014-07-01,Germany,Amarilla,Government,,COGS,ACTUAL_WITH_EVENTS,USD,controlled_event_benchmark_v1,8430.0
2014-07-01,Germany,Amarilla,Government,,DISCOUNT,ACTUAL_WITH_EVENTS,USD,controlled_event_benchmark_v1,0.0
2014-07-01,Germany,Amarilla,Government,,GROSS_PROFIT,ACTUAL_WITH_EVENTS,USD,controlled_event_benchmark_v1,3372.0
2014-07-01,Germany,Amarilla,Government,,GROSS_SALES,ACTUAL_WITH_EVENTS,USD,controlled_event_benchmark_v1,11802.0
2014-07-01,Germany,Amarilla,Government,,REVENUE,ACTUAL_WITH_EVENTS,USD,controlled_event_benchmark_v1,11802.0
2014-07-01,Germany,Carretera,Small Business,,COGS,ACTUAL_WITH_EVENTS,USD,controlled_event_benchmark_v1,702750.0
2014-07-01,Germany,Carretera,Small Business,,DISCOUNT,ACTUAL_WITH_EVENTS,USD,controlled_event_benchmark_v1,92763.0
2014-07-01,Germany,Carretera,Small Business,,GROSS_PROFIT,ACTUAL_WITH_EVENTS,USD,controlled_event_benchmark_v1,47787.0
2014-07-01,Germany,Carretera,Small Business,,GROSS_SALES,ACTUAL_WITH_EVENTS,USD,controlled_event_benchmark_v1,843300.0
2014-07-01,Germany,Carretera,Small Business,,REVENUE,ACTUAL_WITH_EVENTS,USD,controlled_event_benchmark_v1,750537.0
2014-07-01,Germany,Montana,Government,,COGS,ACTUAL_WITH_EVENTS,USD,controlled_event_benchmark_v1,6450.0
2014-07-01,Germany,Montana,Government,,DISCOUNT,ACTUAL_WITH_EVENTS,USD,controlled_event_benchmark_v1,1032.0
2014-07-01,Germany,Montana,Government,,GROSS_PROFIT,ACTUAL_WITH_EVENTS,USD,controlled_event_benchmark_v1,5418.0
2014-07-01,Germany,Montana,Government,,GROSS_SALES,ACTUAL_WITH_EVENTS,USD,controlled_event_benchmark_v1,12900.0
2014-07-01,Germany,Montana,Government,,REVENUE,ACTUAL_WITH_EVENTS,USD,controlled_event_benchmark_v1,11868.0
2014-07-01,Germany,Paseo,Channel Partners,,COGS,ACTUAL_WITH_EVENTS,USD,controlled_event_benchmark_v1,1101.0
2014-07-01,Germany,Paseo,Channel Partners,,DISCOUNT,ACTUAL_WITH_EVENTS,USD,controlled_event_benchmark_v1,0.0
2014-07-01,Germany,Paseo,Channel Partners,,GROSS_PROFIT,ACTUAL_WITH_EVENTS,USD,controlled_event_benchmark_v1,3303.0
2014-07-01,Germany,Paseo,Channel Partners,,GROSS_SALES,ACTUAL_WITH_EVENTS,USD,controlled_event_benchmark_v1,4404.0
2014-07-01,Germany,Paseo,Channel Partners,,REVENUE,ACTUAL_WITH_EVENTS,USD,controlled_event_benchmark_v1,4404.0
2014-07-01,Germany,Paseo,Enterprise,,COGS,ACTUAL_WITH_EVENTS,USD,controlled_event_benchmark_v1,421560.0
2014-07-01,Germany,Paseo,Enterprise,,DISCOUNT,ACTUAL_WITH_EVENTS,USD,controlled_event_benchmark_v1,30738.750000000004
2014-07-01,Germany,Paseo,Enterprise,,GROSS_PROFIT,ACTUAL_WITH_EVENTS,USD,controlled_event_benchmark_v1,-13173.75
2014-07-01,Germany,Paseo,Enterprise,,GROSS_SALES,ACTUAL_WITH_EVENTS,USD,controlled_event_benchmark_v1,439125.0
2014-07-01,Germany,Paseo,Enterprise,,REVENUE,ACTUAL_WITH_EVENTS,USD,controlled_event_benchmark_v1,408386.25
2014-07-01,Germany,VTT,Midmarket,,COGS,ACTUAL_WITH_EVENTS,USD,controlled_event_benchmark_v1,4920.0
2014-07-01,Germany,VTT,Midmarket,,DISCOUNT,ACTUAL_WITH_EVENTS,USD,controlled_event_benchmark_v1,1107.0
2014-07-01,Germany,VTT,Midmarket,,GROSS_PROFIT,ACTUAL_WITH_EVENTS,USD,controlled_event_benchmark_v1,1353.0
2014-07-01,Germany,VTT,Midmarket,,GROSS_SALES,ACTUAL_WITH_EVENTS,USD,controlled_event_benchmark_v1,7380.0
2014-07-01,Germany,VTT,Midmarket,,REVENUE,ACTUAL_WITH_EVENTS,USD,controlled_event_benchmark_v1,6273.0
2014-07-01,Germany,Velo,Government,,COGS,ACTUAL_WITH_EVENTS,USD,controlled_event_benchmark_v1,339820.0
2014-07-01,Germany,Velo,Government,,DISCOUNT,ACTUAL_WITH_EVENTS,USD,controlled_event_benchmark_v1,41170.5
2014-07-01,Germany,Velo,Government,,GROSS_PROFIT,ACTUAL_WITH_EVENTS,USD,controlled_event_benchmark_v1,76459.5
2014-07-01,Germany,Velo,Government,,GROSS_SALES,ACTUAL_WITH_EVENTS,USD,controlled_event_benchmark_v1,457450.0
2014-07-01,Germany,Velo,Government,,REVENUE,ACTUAL_WITH_EVENTS,USD,controlled_event_benchmark_v1,416279.5
2014-07-01,Germany,,,Finance & G&A,OPEX_GNA,ACTUAL_WITH_EVENTS,USD,controlled_event_opex_v1,69294.53457307913
2014-07-01,Germany,,,Marketing,OPEX_MARKETING,ACTUAL_WITH_EVENTS,USD,controlled_event_opex_v1,100817.55674638129
2014-07-01,Germany,,,Operations,OPEX_OPERATIONS,ACTUAL_WITH_EVENTS,USD,controlled_event_opex_v1,67331.62715698099
2014-07-01,Germany,,,R&D,OPEX_RND,ACTUAL_WITH_EVENTS,USD,controlled_event_opex_v1,81328.33910027903
2014-07-01,Germany,,,Sales,OPEX_SALES,ACTUAL_WITH_EVENTS,USD,controlled_event_opex_v1,100181.61609723113
2014-07-01,Germany,,,,EBITDA,ACTUAL_WITH_EVENTS,USD,derived_controlled_event_v1,-294434.9236739516
2014-07-01,Germany,,,,OPEX_TOTAL,ACTUAL_WITH_EVENTS,USD,controlled_event_opex_v1,418953.6736739516
2014-07-01,Mexico,Amarilla,Government,,COGS,ACTUAL_WITH_EVENTS,USD,controlled_event_benchmark_v1,8415.0
2014-07-01,Mexico,Amarilla,Government,,DISCOUNT,ACTUAL_WITH_EVENTS,USD,controlled_event_benchmark_v1,589.0499999999988
2014-07-01,Mexico,Amarilla,Government,,GROSS_PROFIT,ACTUAL_WITH_EVENTS,USD,controlled_event_benchmark_v1,2776.9500000000007
2014-07-01,Mexico,Amarilla,Government,,GROSS_SALES,ACTUAL_WITH_EVENTS,USD,controlled_event_benchmark_v1,11781.0
2014-07-01,Mexico,Amarilla,Government,,REVENUE,ACTUAL_WITH_EVENTS,USD,controlled_event_benchmark_v1,11191.95
2014-07-01,Mexico,Carretera,Small Business,,COGS,ACTUAL_WITH_EVENTS,USD,controlled_event_benchmark_v1,200250.0
2014-07-01,Mexico,Carretera,Small Business,,DISCOUNT,ACTUAL_WITH_EVENTS,USD,controlled_event_benchmark_v1,33642.0
2014-07-01,Mexico,Carretera,Small Business,,GROSS_PROFIT,ACTUAL_WITH_EVENTS,USD,controlled_event_benchmark_v1,6408.0
2014-07-01,Mexico,Carretera,Small Business,,GROSS_SALES,ACTUAL_WITH_EVENTS,USD,controlled_event_benchmark_v1,240300.0
2014-07-01,Mexico,Carretera,Small Business,,REVENUE,ACTUAL_WITH_EVENTS,USD,controlled_event_benchmark_v1,206658.0
2014-07-01,Mexico,Montana,Government,,COGS,ACTUAL_WITH_EVENTS,USD,controlled_event_benchmark_v1,22550.0
2014-07-01,Mexico,Montana,Government,,DISCOUNT,ACTUAL_WITH_EVENTS,USD,controlled_event_benchmark_v1,5863.0
2014-07-01,Mexico,Montana,Government,,GROSS_PROFIT,ACTUAL_WITH_EVENTS,USD,controlled_event_benchmark_v1,16687.0
2014-07-01,Mexico,Montana,Government,,GROSS_SALES,ACTUAL_WITH_EVENTS,USD,controlled_event_benchmark_v1,45100.0
2014-07-01,Mexico,Montana,Government,,REVENUE,ACTUAL_WITH_EVENTS,USD,controlled_event_benchmark_v1,39237.0
2014-07-01,Mexico,Paseo,Channel Partners,,COGS,ACTUAL_WITH_EVENTS,USD,controlled_event_benchmark_v1,1507.44
2014-07-01,Mexico,Paseo,Channel Partners,,DISCOUNT,ACTUAL_WITH_EVENTS,USD,controlled_event_benchmark_v1,783.8688000000001
2014-07-01,Mexico,Paseo,Channel Partners,,GROSS_PROFIT,ACTUAL_WITH_EVENTS,USD,controlled_event_benchmark_v1,3738.4512
2014-07-01,Mexico,Paseo,Channel Partners,,GROSS_SALES,ACTUAL_WITH_EVENTS,USD,controlled_event_benchmark_v1,6029.76
2014-07-01,Mexico,Paseo,Channel Partners,,REVENUE,ACTUAL_WITH_EVENTS,USD,controlled_event_benchmark_v1,5245.8912
2014-07-01,Mexico,Paseo,Enterprise,,COGS,ACTUAL_WITH_EVENTS,USD,controlled_event_benchmark_v1,192508.8
2014-07-01,Mexico,Paseo,Enterprise,,DISCOUNT,ACTUAL_WITH_EVENTS,USD,controlled_event_benchmark_v1,2005.3
2014-07-01,Mexico,Paseo,Enterprise,,GROSS_PROFIT,ACTUAL_WITH_EVENTS,USD,controlled_event_benchmark_v1,6015.900000000023
2014-07-01,Mexico,Paseo,Enterprise,,GROSS_SALES,ACTUAL_WITH_EVENTS,USD,controlled_event_benchmark_v1,200530.0
2014-07-01,Mexico,Paseo,Enterprise,,REVENUE,ACTUAL_WITH_EVENTS,USD,controlled_event_benchmark_v1,198524.7
2014-07-01,Mexico,VTT,Midmarket,,COGS,ACTUAL_WITH_EVENTS,USD,controlled_event_benchmark_v1,6410.0
2014-07-01,Mexico,VTT,Midmarket,,DISCOUNT,ACTUAL_WITH_EVENTS,USD,controlled_event_benchmark_v1,961.5
2014-07-01,Mexico,VTT,Midmarket,,GROSS_PROFIT,ACTUAL_WITH_EVENTS,USD,controlled_event_benchmark_v1,2243.5
2014-07-01,Mexico,VTT,Midmarket,,GROSS_SALES,ACTUAL_WITH_EVENTS,USD,controlled_event_benchmark_v1,9615.0
2014-07-01,Mexico,VTT,Midmarket,,REVENUE,ACTUAL_WITH_EVENTS,USD,controlled_event_benchmark_v1,8653.5
2014-07-01,Mexico,Velo,Government,,COGS,ACTUAL_WITH_EVENTS,USD,controlled_event_benchmark_v1,362700.0
2014-07-01,Mexico,Velo,Government,,DISCOUNT,ACTUAL_WITH_EVENTS,USD,controlled_event_benchmark_v1,58590.0
2014-07-01,Mexico,Velo,Government,,GROSS_PROFIT,ACTUAL_WITH_EVENTS,USD,controlled_event_benchmark_v1,66960.0
2014-07-01,Mexico,Velo,Government,,GROSS_SALES,ACTUAL_WITH_EVENTS,USD,controlled_event_benchmark_v1,488250.0
2014-07-01,Mexico,Velo,Government,,REVENUE,ACTUAL_WITH_EVENTS,USD,controlled_event_benchmark_v1,429660.0
2014-07-01,Mexico,,,Finance & G&A,OPEX_GNA,ACTUAL_WITH_EVENTS,USD,controlled_event_opex_v1,33419.34052997693
2014-07-01,Mexico,,,Marketing,OPEX_MARKETING,ACTUAL_WITH_EVENTS,USD,controlled_event_opex_v1,48350.95205394873
2014-07-01,Mexico,,,Operations,OPEX_OPERATIONS,ACTUAL_WITH_EVENTS,USD,controlled_event_opex_v1,32869.28659544412
2014-07-01,Mexico,,,R&D,OPEX_RND,ACTUAL_WITH_EVENTS,USD,controlled_event_opex_v1,38640.20790887311
2014-07-01,Mexico,,,Sales,OPEX_SALES,ACTUAL_WITH_EVENTS,USD,controlled_event_opex_v1,47189.233529684774
2014-07-01,Mexico,,,,EBITDA,ACTUAL_WITH_EVENTS,USD,derived_controlled_event_v1,-95639.21941792764
2014-07-01,Mexico,,,,OPEX_TOTAL,ACTUAL_WITH_EVENTS,USD,controlled_event_opex_v1,200469.02061792766
2014-07-01,United States of America,Amarilla,Midmarket,,COGS,ACTUAL_WITH_EVENTS,USD,controlled_event_benchmark_v1,31995.0
2014-07-01,United States of America,Amarilla,Midmarket,,DISCOUNT,ACTUAL_WITH_EVENTS,USD,controlled_event_benchmark_v1,5279.174999999996
2014-07-01,United States of America,Amarilla,Midmarket,,GROSS_PROFIT,ACTUAL_WITH_EVENTS,USD,controlled_event_benchmark_v1,10718.325000000004
2014-07-01,United States of America,Amarilla,Midmarket,,GROSS_SALES,ACTUAL_WITH_EVENTS,USD,controlled_event_benchmark_v1,47992.5
2014-07-01,United States of America,Amarilla,Midmarket,,REVENUE,ACTUAL_WITH_EVENTS,USD,controlled_event_benchmark_v1,42713.325000000004
2014-07-01,United States of America,Carretera,Government,,COGS,ACTUAL_WITH_EVENTS,USD,controlled_event_benchmark_v1,12645.0
2014-07-01,United States of America,Carretera,Government,,DISCOUNT,ACTUAL_WITH_EVENTS,USD,controlled_event_benchmark_v1,177.03
2014-07-01,United States of America,Carretera,Government,,GROSS_PROFIT,ACTUAL_WITH_EVENTS,USD,controlled_event_benchmark_v1,4880.970000000001
2014-07-01,United States of America,Carretera,Government,,GROSS_SALES,ACTUAL_WITH_EVENTS,USD,controlled_event_benchmark_v1,17703.0
2014-07-01,United States of America,Carretera,Government,,REVENUE,ACTUAL_WITH_EVENTS,USD,controlled_event_benchmark_v1,17525.97
2014-07-01,United States of America,Montana,Enterprise,,COGS,ACTUAL_WITH_EVENTS,USD,controlled_event_benchmark_v1,435240.0
2014-07-01,United States of America,Montana,Enterprise,,DISCOUNT,ACTUAL_WITH_EVENTS,USD,controlled_event_benchmark_v1,22668.75
2014-07-01,United States of America,Montana,Enterprise,,GROSS_PROFIT,ACTUAL_WITH_EVENTS,USD,controlled_event_benchmark_v1,-4533.75
2014-07-01,United States of America,Montana,Enterprise,,GROSS_SALES,ACTUAL_WITH_EVENTS,USD,controlled_event_benchmark_v1,453375.0
2014-07-01,United States of America,Montana,Enterprise,,REVENUE,ACTUAL_WITH_EVENTS,USD,controlled_event_benchmark_v1,430706.25
2014-07-01,United States of America,Paseo,Channel Partners,,COGS,ACTUAL_WITH_EVENTS,USD,controlled_event_benchmark_v1,4108.5
2014-07-01,United States of America,Paseo,Channel Partners,,DISCOUNT,ACTUAL_WITH_EVENTS,USD,controlled_event_benchmark_v1,493.02
2014-07-01,United States of America,Paseo,Channel Partners,,GROSS_PROFIT,ACTUAL_WITH_EVENTS,USD,controlled_event_benchmark_v1,11832.48
2014-07-01,United States of America,Paseo,Channel Partners,,GROSS_SALES,ACTUAL_WITH_EVENTS,USD,controlled_event_benchmark_v1,16434.0
2014-07-01,United States of America,Paseo,Channel Partners,,REVENUE,ACTUAL_WITH_EVENTS,USD,controlled_event_benchmark_v1,15940.98
2014-07-01,United States of America,Paseo,Government,,COGS,ACTUAL_WITH_EVENTS,USD,controlled_event_benchmark_v1,897000.0
2014-07-01,United States of America,Paseo,Government,,DISCOUNT,ACTUAL_WITH_EVENTS,USD,controlled_event_benchmark_v1,48300.0
2014-07-01,United States of America,Paseo,Government,,GROSS_PROFIT,ACTUAL_WITH_EVENTS,USD,controlled_event_benchmark_v1,262200.0
2014-07-01,United States of America,Paseo,Government,,GROSS_SALES,ACTUAL_WITH_EVENTS,USD,controlled_event_benchmark_v1,1207500.0
2014-07-01,United States of America,Paseo,Government,,REVENUE,ACTUAL_WITH_EVENTS,USD,controlled_event_benchmark_v1,1159200.0
2014-07-01,United States of America,VTT,Government,,COGS,ACTUAL_WITH_EVENTS,USD,controlled_event_benchmark_v1,4365.0
2014-07-01,United States of America,VTT,Government,,DISCOUNT,ACTUAL_WITH_EVENTS,USD,controlled_event_benchmark_v1,698.4
2014-07-01,United States of America,VTT,Government,,GROSS_PROFIT,ACTUAL_WITH_EVENTS,USD,controlled_event_benchmark_v1,3666.6000000000004
2014-07-01,United States of America,VTT,Government,,GROSS_SALES,ACTUAL_WITH_EVENTS,USD,controlled_event_benchmark_v1,8730.0
2014-07-01,United States of America,VTT,Government,,REVENUE,ACTUAL_WITH_EVENTS,USD,controlled_event_benchmark_v1,8031.6
2014-07-01,United States of America,Velo,Small Business,,COGS,ACTUAL_WITH_EVENTS,USD,controlled_event_benchmark_v1,615000.0
2014-07-01,United States of America,Velo,Small Business,,DISCOUNT,ACTUAL_WITH_EVENTS,USD,controlled_event_benchmark_v1,103320.00000000001
2014-07-01,United States of America,Velo,Small Business,,GROSS_PROFIT,ACTUAL_WITH_EVENTS,USD,controlled_event_benchmark_v1,19680.0
2014-07-01,United States of America,Velo,Small Business,,GROSS_SALES,ACTUAL_WITH_EVENTS,USD,controlled_event_benchmark_v1,738000.0
2014-07-01,United States of America,Velo,Small Business,,REVENUE,ACTUAL_WITH_EVENTS,USD,controlled_event_benchmark_v1,634680.0
2014-07-01,United States of America,,,Finance & G&A,OPEX_GNA,ACTUAL_WITH_EVENTS,USD,controlled_event_opex_v1,104815.06632436582
2014-07-01,United States of America,,,Marketing,OPEX_MARKETING,ACTUAL_WITH_EVENTS,USD,controlled_event_opex_v1,148498.59884190274
2014-07-01,United States of America,,,Operations,OPEX_OPERATIONS,ACTUAL_WITH_EVENTS,USD,controlled_event_opex_v1,99574.05223628307
2014-07-01,United States of America,,,R&D,OPEX_RND,ACTUAL_WITH_EVENTS,USD,controlled_event_opex_v1,122519.18656309525
2014-07-01,United States of America,,,Sales,OPEX_SALES,ACTUAL_WITH_EVENTS,USD,controlled_event_opex_v1,140948.24389146754
2014-07-01,United States of America,,,,EBITDA,ACTUAL_WITH_EVENTS,USD,derived_controlled_event_v1,-307910.52285711444
2014-07-01,United States of America,,,,OPEX_TOTAL,ACTUAL_WITH_EVENTS,USD,controlled_event_opex_v1,616355.1478571144
2014-08-01,Canada,Amarilla,Government,,COGS,ACTUAL_WITH_EVENTS,USD,controlled_event_benchmark_v1,143520.0
2014-08-01,Canada,Amarilla,Government,,DISCOUNT,ACTUAL_WITH_EVENTS,USD,controlled_event_benchmark_v1,9660.0
2014-08-01,Canada,Amarilla,Government,,GROSS_PROFIT,ACTUAL_WITH_EVENTS,USD,controlled_event_benchmark_v1,40020.0
2014-08-01,Canada,Amarilla,Government,,GROSS_SALES,ACTUAL_WITH_EVENTS,USD,controlled_event_benchmark_v1,193200.0
2014-08-01,Canada,Amarilla,Government,,REVENUE,ACTUAL_WITH_EVENTS,USD,controlled_event_benchmark_v1,183540.0
2014-08-01,Canada,Carretera,Channel Partners,,COGS,ACTUAL_WITH_EVENTS,USD,controlled_event_benchmark_v1,5652.0
2014-08-01,Canada,Carretera,Channel Partners,,DISCOUNT,ACTUAL_WITH_EVENTS,USD,controlled_event_benchmark_v1,1582.5599999999977
2014-08-01,Canada,Carretera,Channel Partners,,GROSS_PROFIT,ACTUAL_WITH_EVENTS,USD,controlled_event_benchmark_v1,15373.440000000002
2014-08-01,Canada,Carretera,Channel Partners,,GROSS_SALES,ACTUAL_WITH_EVENTS,USD,controlled_event_benchmark_v1,22608.0
2014-08-01,Canada,Carretera,Channel Partners,,REVENUE,ACTUAL_WITH_EVENTS,USD,controlled_event_benchmark_v1,21025.440000000002
2014-08-01,Canada,Montana,Government,,COGS,ACTUAL_WITH_EVENTS,USD,controlled_event_benchmark_v1,9150.0
2014-08-01,Canada,Montana,Government,,DISCOUNT,ACTUAL_WITH_EVENTS,USD,controlled_event_benchmark_v1,128.1
2014-08-01,Canada,Montana,Government,,GROSS_PROFIT,ACTUAL_WITH_EVENTS,USD,controlled_event_benchmark_v1,3531.8999999999996
2014-08-01,Canada,Montana,Government,,GROSS_SALES,ACTUAL_WITH_EVENTS,USD,controlled_event_benchmark_v1,12810.0
2014-08-01,Canada,Montana,Government,,REVENUE,ACTUAL_WITH_EVENTS,USD,controlled_event_benchmark_v1,12681.9
2014-08-01,Canada,Paseo,Government,,COGS,ACTUAL_WITH_EVENTS,USD,controlled_event_benchmark_v1,23940.0
2014-08-01,Canada,Paseo,Government,,DISCOUNT,ACTUAL_WITH_EVENTS,USD,controlled_event_benchmark_v1,5266.8
2014-08-01,Canada,Paseo,Government,,GROSS_PROFIT,ACTUAL_WITH_EVENTS,USD,controlled_event_benchmark_v1,18673.199999999997
2014-08-01,Canada,Paseo,Government,,GROSS_SALES,ACTUAL_WITH_EVENTS,USD,controlled_event_benchmark_v1,47880.0
2014-08-01,Canada,Paseo,Government,,REVENUE,ACTUAL_WITH_EVENTS,USD,controlled_event_benchmark_v1,42613.2
2014-08-01,Canada,Paseo,Midmarket,,COGS,ACTUAL_WITH_EVENTS,USD,controlled_event_benchmark_v1,25590.0
2014-08-01,Canada,Paseo,Midmarket,,DISCOUNT,ACTUAL_WITH_EVENTS,USD,controlled_event_benchmark_v1,5757.75
2014-08-01,Canada,Paseo,Midmarket,,GROSS_PROFIT,ACTUAL_WITH_EVENTS,USD,controlled_event_benchmark_v1,7037.25
2014-08-01,Canada,Paseo,Midmarket,,GROSS_SALES,ACTUAL_WITH_EVENTS,USD,controlled_event_benchmark_v1,38385.0
2014-08-01,Canada,Paseo,Midmarket,,REVENUE,ACTUAL_WITH_EVENTS,USD,controlled_event_benchmark_v1,32627.25
2014-08-01,Canada,VTT,Small Business,,COGS,ACTUAL_WITH_EVENTS,USD,controlled_event_benchmark_v1,468500.0
2014-08-01,Canada,VTT,Small Business,,DISCOUNT,ACTUAL_WITH_EVENTS,USD,controlled_event_benchmark_v1,16866.0
2014-08-01,Canada,VTT,Small Business,,GROSS_PROFIT,ACTUAL_WITH_EVENTS,USD,controlled_event_benchmark_v1,76834.0
2014-08-01,Canada,VTT,Small Business,,GROSS_SALES,ACTUAL_WITH_EVENTS,USD,controlled_event_benchmark_v1,562200.0
2014-08-01,Canada,VTT,Small Business,,REVENUE,ACTUAL_WITH_EVENTS,USD,controlled_event_benchmark_v1,545334.0
2014-08-01,Canada,Velo,Enterprise,,COGS,ACTUAL_WITH_EVENTS,USD,controlled_event_benchmark_v1,110760.0
2014-08-01,Canada,Velo,Enterprise,,DISCOUNT,ACTUAL_WITH_EVENTS,USD,controlled_event_benchmark_v1,1153.75
2014-08-01,Canada,Velo,Enterprise,,GROSS_PROFIT,ACTUAL_WITH_EVENTS,USD,controlled_event_benchmark_v1,3461.25
2014-08-01,Canada,Velo,Enterprise,,GROSS_SALES,ACTUAL_WITH_EVENTS,USD,controlled_event_benchmark_v1,115375.0
2014-08-01,Canada,Velo,Enterprise,,REVENUE,ACTUAL_WITH_EVENTS,USD,controlled_event_benchmark_v1,114221.25
2014-08-01,Canada,,,Finance & G&A,OPEX_GNA,ACTUAL_WITH_EVENTS,USD,controlled_event_opex_v1,47418.39888382146
2014-08-01,Canada,,,Marketing,OPEX_MARKETING,ACTUAL_WITH_EVENTS,USD,controlled_event_opex_v1,64137.91530274191
2014-08-01,Canada,,,Operations,OPEX_OPERATIONS,ACTUAL_WITH_EVENTS,USD,controlled_event_opex_v1,43076.462785440395
2014-08-01,Canada,,,R&D,OPEX_RND,ACTUAL_WITH_EVENTS,USD,controlled_event_opex_v1,57900.632200582506
2014-08-01,Canada,,,Sales,OPEX_SALES,ACTUAL_WITH_EVENTS,USD,controlled_event_opex_v1,64628.74281362281
2014-08-01,Canada,,,,EBITDA,ACTUAL_WITH_EVENTS,USD,derived_controlled_event_v1,-112231.11198620909
2014-08-01,Canada,,,,OPEX_TOTAL,ACTUAL_WITH_EVENTS,USD,controlled_event_opex_v1,277162.1519862091
2014-08-01,France,Amarilla,Channel Partners,,COGS,ACTUAL_WITH_EVENTS,USD,controlled_event_benchmark_v1,7425.0
2014-08-01,France,Amarilla,Channel Partners,,DISCOUNT,ACTUAL_WITH_EVENTS,USD,controlled_event_benchmark_v1,4158.0
2014-08-01,France,Amarilla,Channel Partners,,GROSS_PROFIT,ACTUAL_WITH_EVENTS,USD,controlled_event_benchmark_v1,18117.0
2014-08-01,France,Amarilla,Channel Partners,,GROSS_SALES,ACTUAL_WITH_EVENTS,USD,controlled_event_benchmark_v1,29700.0
2014-08-01,France,Amarilla,Channel Partners,,REVENUE,ACTUAL_WITH_EVENTS,USD,controlled_event_benchmark_v1,25542.0
2014-08-01,France,Carretera,Enterprise,,COGS,ACTUAL_WITH_EVENTS,USD,controlled_event_benchmark_v1,140880.0
2014-08-01,France,Carretera,Enterprise,,DISCOUNT,ACTUAL_WITH_EVENTS,USD,controlled_event_benchmark_v1,22012.5
2014-08-01,France,Carretera,Enterprise,,GROSS_PROFIT,ACTUAL_WITH_EVENTS,USD,controlled_event_benchmark_v1,-16142.5
2014-08-01,France,Carretera,Enterprise,,GROSS_SALES,ACTUAL_WITH_EVENTS,USD,controlled_event_benchmark_v1,146750.0
2014-08-01,France,Carretera,Enterprise,,REVENUE,ACTUAL_WITH_EVENTS,USD,controlled_event_benchmark_v1,124737.5
2014-08-01,France,Montana,Small Business,,COGS,ACTUAL_WITH_EVENTS,USD,controlled_event_benchmark_v1,390500.0
2014-08-01,France,Montana,Small Business,,DISCOUNT,ACTUAL_WITH_EVENTS,USD,controlled_event_benchmark_v1,37488.0
2014-08-01,France,Montana,Small Business,,GROSS_PROFIT,ACTUAL_WITH_EVENTS,USD,controlled_event_benchmark_v1,40612.0
2014-08-01,France,Montana,Small Business,,GROSS_SALES,ACTUAL_WITH_EVENTS,USD,controlled_event_benchmark_v1,468600.0
2014-08-01,France,Montana,Small Business,,REVENUE,ACTUAL_WITH_EVENTS,USD,controlled_event_benchmark_v1,431112.0
2014-08-01,France,Paseo,Government,,COGS,ACTUAL_WITH_EVENTS,USD,controlled_event_benchmark_v1,13480.0
2014-08-01,France,Paseo,Government,,DISCOUNT,ACTUAL_WITH_EVENTS,USD,controlled_event_benchmark_v1,2453.36
2014-08-01,France,Paseo,Government,,GROSS_PROFIT,ACTUAL_WITH_EVENTS,USD,controlled_event_benchmark_v1,2938.6399999999994
2014-08-01,France,Paseo,Government,,GROSS_SALES,ACTUAL_WITH_EVENTS,USD,controlled_event_benchmark_v1,18872.0
2014-08-01,France,Paseo,Government,,REVENUE,ACTUAL_WITH_EVENTS,USD,controlled_event_benchmark_v1,16418.64
2014-08-01,France,Paseo,Midmarket,,COGS,ACTUAL_WITH_EVENTS,USD,controlled_event_benchmark_v1,21010.0
2014-08-01,France,Paseo,Midmarket,,DISCOUNT,ACTUAL_WITH_EVENTS,USD,controlled_event_benchmark_v1,2206.05
2014-08-01,France,Paseo,Midmarket,,GROSS_PROFIT,ACTUAL_WITH_EVENTS,USD,controlled_event_benchmark_v1,8298.95
2014-08-01,France,Paseo,Midmarket,,GROSS_SALES,ACTUAL_WITH_EVENTS,USD,controlled_event_benchmark_v1,31515.0
2014-08-01,France,Paseo,Midmarket,,REVENUE,ACTUAL_WITH_EVENTS,USD,controlled_event_benchmark_v1,29308.95
2014-08-01,France,VTT,Government,,COGS,ACTUAL_WITH_EVENTS,USD,controlled_event_benchmark_v1,99060.0
2014-08-01,France,VTT,Government,,DISCOUNT,ACTUAL_WITH_EVENTS,USD,controlled_event_benchmark_v1,10668.0
2014-08-01,France,VTT,Government,,GROSS_PROFIT,ACTUAL_WITH_EVENTS,USD,controlled_event_benchmark_v1,23622.0
2014-08-01,France,VTT,Government,,GROSS_SALES,ACTUAL_WITH_EVENTS,USD,controlled_event_benchmark_v1,133350.0
2014-08-01,France,VTT,Government,,REVENUE,ACTUAL_WITH_EVENTS,USD,controlled_event_benchmark_v1,122682.0
2014-08-01,France,Velo,Government,,COGS,ACTUAL_WITH_EVENTS,USD,controlled_event_benchmark_v1,15790.0
2014-08-01,France,Velo,Government,,DISCOUNT,ACTUAL_WITH_EVENTS,USD,controlled_event_benchmark_v1,1579.0
2014-08-01,France,Velo,Government,,GROSS_PROFIT,ACTUAL_WITH_EVENTS,USD,controlled_event_benchmark_v1,14211.0
2014-08-01,France,Velo,Government,,GROSS_SALES,ACTUAL_WITH_EVENTS,USD,controlled_event_benchmark_v1,31580.0
2014-08-01,France,Velo,Government,,REVENUE,ACTUAL_WITH_EVENTS,USD,controlled_event_benchmark_v1,30001.0
2014-08-01,France,,,Finance & G&A,OPEX_GNA,ACTUAL_WITH_EVENTS,USD,controlled_event_opex_v1,39753.03030357777
2014-08-01,France,,,Marketing,OPEX_MARKETING,ACTUAL_WITH_EVENTS,USD,controlled_event_opex_v1,62860.81477676632
2014-08-01,France,,,Operations,OPEX_OPERATIONS,ACTUAL_WITH_EVENTS,USD,controlled_event_opex_v1,37439.040450124754
2014-08-01,France,,,R&D,OPEX_RND,ACTUAL_WITH_EVENTS,USD,controlled_event_opex_v1,49779.30867733405
2014-08-01,France,,,Sales,OPEX_SALES,ACTUAL_WITH_EVENTS,USD,controlled_event_opex_v1,53439.32022822946
2014-08-01,France,,,,EBITDA,ACTUAL_WITH_EVENTS,USD,derived_controlled_event_v1,-151614.42443603234
2014-08-01,France,,,,OPEX_TOTAL,ACTUAL_WITH_EVENTS,USD,controlled_event_opex_v1,243271.51443603233
2014-08-01,Germany,Amarilla,Channel Partners,,COGS,ACTUAL_WITH_EVENTS,USD,controlled_event_benchmark_v1,7722.0
2014-08-01,Germany,Amarilla,Channel Partners,,DISCOUNT,ACTUAL_WITH_EVENTS,USD,controlled_event_benchmark_v1,3088.8
2014-08-01,Germany,Amarilla,Channel Partners,,GROSS_PROFIT,ACTUAL_WITH_EVENTS,USD,controlled_event_benchmark_v1,20077.2
2014-08-01,Germany,Amarilla,Channel Partners,,GROSS_SALES,ACTUAL_WITH_EVENTS,USD,controlled_event_benchmark_v1,30888.0
2014-08-01,Germany,Amarilla,Channel Partners,,REVENUE,ACTUAL_WITH_EVENTS,USD,controlled_event_benchmark_v1,27799.2
2014-08-01,Germany,Carretera,Enterprise,,COGS,ACTUAL_WITH_EVENTS,USD,controlled_event_benchmark_v1,332040.0
2014-08-01,Germany,Carretera,Enterprise,,DISCOUNT,ACTUAL_WITH_EVENTS,USD,controlled_event_benchmark_v1,51881.25
2014-08-01,Germany,Carretera,Enterprise,,GROSS_PROFIT,ACTUAL_WITH_EVENTS,USD,controlled_event_benchmark_v1,-38046.25
2014-08-01,Germany,Carretera,Enterprise,,GROSS_SALES,ACTUAL_WITH_EVENTS,USD,controlled_event_benchmark_v1,345875.0
2014-08-01,Germany,Carretera,Enterprise,,REVENUE,ACTUAL_WITH_EVENTS,USD,controlled_event_benchmark_v1,293993.75
2014-08-01,Germany,Montana,Small Business,,COGS,ACTUAL_WITH_EVENTS,USD,controlled_event_benchmark_v1,464750.0
2014-08-01,Germany,Montana,Small Business,,DISCOUNT,ACTUAL_WITH_EVENTS,USD,controlled_event_benchmark_v1,22308.0
2014-08-01,Germany,Montana,Small Business,,GROSS_PROFIT,ACTUAL_WITH_EVENTS,USD,controlled_event_benchmark_v1,70642.0
2014-08-01,Germany,Montana,Small Business,,GROSS_SALES,ACTUAL_WITH_EVENTS,USD,controlled_event_benchmark_v1,557700.0
2014-08-01,Germany,Montana,Small Business,,REVENUE,ACTUAL_WITH_EVENTS,USD,controlled_event_benchmark_v1,535392.0
2014-08-01,Germany,Paseo,Government,,COGS,ACTUAL_WITH_EVENTS,USD,controlled_event_benchmark_v1,7990.0
2014-08-01,Germany,Paseo,Government,,DISCOUNT,ACTUAL_WITH_EVENTS,USD,controlled_event_benchmark_v1,894.88
2014-08-01,Germany,Paseo,Government,,GROSS_PROFIT,ACTUAL_WITH_EVENTS,USD,controlled_event_benchmark_v1,2301.120000000001
2014-08-01,Germany,Paseo,Government,,GROSS_SALES,ACTUAL_WITH_EVENTS,USD,controlled_event_benchmark_v1,11186.0
2014-08-01,Germany,Paseo,Government,,REVENUE,ACTUAL_WITH_EVENTS,USD,controlled_event_benchmark_v1,10291.12
2014-08-01,Germany,Paseo,Midmarket,,COGS,ACTUAL_WITH_EVENTS,USD,controlled_event_benchmark_v1,17430.0
2014-08-01,Germany,Paseo,Midmarket,,DISCOUNT,ACTUAL_WITH_EVENTS,USD,controlled_event_benchmark_v1,1568.7
2014-08-01,Germany,Paseo,Midmarket,,GROSS_PROFIT,ACTUAL_WITH_EVENTS,USD,controlled_event_benchmark_v1,7146.299999999999
2014-08-01,Germany,Paseo,Midmarket,,GROSS_SALES,ACTUAL_WITH_EVENTS,USD,controlled_event_benchmark_v1,26145.0
2014-08-01,Germany,Paseo,Midmarket,,REVENUE,ACTUAL_WITH_EVENTS,USD,controlled_event_benchmark_v1,24576.3
2014-08-01,Germany,VTT,Government,,COGS,ACTUAL_WITH_EVENTS,USD,controlled_event_benchmark_v1,109720.0
2014-08-01,Germany,VTT,Government,,DISCOUNT,ACTUAL_WITH_EVENTS,USD,controlled_event_benchmark_v1,11816.0
2014-08-01,Germany,VTT,Government,,GROSS_PROFIT,ACTUAL_WITH_EVENTS,USD,controlled_event_benchmark_v1,26164.0
2014-08-01,Germany,VTT,Government,,GROSS_SALES,ACTUAL_WITH_EVENTS,USD,controlled_event_benchmark_v1,147700.0
2014-08-01,Germany,VTT,Government,,REVENUE,ACTUAL_WITH_EVENTS,USD,controlled_event_benchmark_v1,135884.0
2014-08-01,Germany,Velo,Government,,COGS,ACTUAL_WITH_EVENTS,USD,controlled_event_benchmark_v1,10010.0
2014-08-01,Germany,Velo,Government,,DISCOUNT,ACTUAL_WITH_EVENTS,USD,controlled_event_benchmark_v1,1201.2
2014-08-01,Germany,Velo,Government,,GROSS_PROFIT,ACTUAL_WITH_EVENTS,USD,controlled_event_benchmark_v1,8808.8
2014-08-01,Germany,Velo,Government,,GROSS_SALES,ACTUAL_WITH_EVENTS,USD,controlled_event_benchmark_v1,20020.0
2014-08-01,Germany,Velo,Government,,REVENUE,ACTUAL_WITH_EVENTS,USD,controlled_event_benchmark_v1,18818.8
2014-08-01,Germany,,,Finance & G&A,OPEX_GNA,ACTUAL_WITH_EVENTS,USD,controlled_event_opex_v1,54806.75102797604
2014-08-01,Germany,,,Marketing,OPEX_MARKETING,ACTUAL_WITH_EVENTS,USD,controlled_event_opex_v1,72589.28727928425
2014-08-01,Germany,,,Operations,OPEX_OPERATIONS,ACTUAL_WITH_EVENTS,USD,controlled_event_opex_v1,50765.141568154366
2014-08-01,Germany,,,R&D,OPEX_RND,ACTUAL_WITH_EVENTS,USD,controlled_event_opex_v1,67155.06681372557
2014-08-01,Germany,,,Sales,OPEX_SALES,ACTUAL_WITH_EVENTS,USD,controlled_event_opex_v1,73129.96532355362
2014-08-01,Germany,,,,EBITDA,ACTUAL_WITH_EVENTS,USD,derived_controlled_event_v1,-221353.04201269388
2014-08-01,Germany,,,,OPEX_TOTAL,ACTUAL_WITH_EVENTS,USD,controlled_event_opex_v1,318446.21201269387
2014-08-01,Mexico,Amarilla,Channel Partners,,COGS,ACTUAL_WITH_EVENTS,USD,controlled_event_benchmark_v1,3369.0
2014-08-01,Mexico,Amarilla,Channel Partners,,DISCOUNT,ACTUAL_WITH_EVENTS,USD,controlled_event_benchmark_v1,673.7999999999986
2014-08-01,Mexico,Amarilla,Channel Partners,,GROSS_PROFIT,ACTUAL_WITH_EVENTS,USD,controlled_event_benchmark_v1,9433.2
2014-08-01,Mexico,Amarilla,Channel Partners,,GROSS_SALES,ACTUAL_WITH_EVENTS,USD,controlled_event_benchmark_v1,13476.0
2014-08-01,Mexico,Amarilla,Channel Partners,,REVENUE,ACTUAL_WITH_EVENTS,USD,controlled_event_benchmark_v1,12802.2
2014-08-01,Mexico,Carretera,Enterprise,,COGS,ACTUAL_WITH_EVENTS,USD,controlled_event_benchmark_v1,184800.0
2014-08-01,Mexico,Carretera,Enterprise,,DISCOUNT,ACTUAL_WITH_EVENTS,USD,controlled_event_benchmark_v1,15400.0
2014-08-01,Mexico,Carretera,Enterprise,,GROSS_PROFIT,ACTUAL_WITH_EVENTS,USD,controlled_event_benchmark_v1,-7700.0
2014-08-01,Mexico,Carretera,Enterprise,,GROSS_SALES,ACTUAL_WITH_EVENTS,USD,controlled_event_benchmark_v1,192500.0
2014-08-01,Mexico,Carretera,Enterprise,,REVENUE,ACTUAL_WITH_EVENTS,USD,controlled_event_benchmark_v1,177100.0
2014-08-01,Mexico,Montana,Small Business,,COGS,ACTUAL_WITH_EVENTS,USD,controlled_event_benchmark_v1,239500.0
2014-08-01,Mexico,Montana,Small Business,,DISCOUNT,ACTUAL_WITH_EVENTS,USD,controlled_event_benchmark_v1,0.0
2014-08-01,Mexico,Montana,Small Business,,GROSS_PROFIT,ACTUAL_WITH_EVENTS,USD,controlled_event_benchmark_v1,47900.0
2014-08-01,Mexico,Montana,Small Business,,GROSS_SALES,ACTUAL_WITH_EVENTS,USD,controlled_event_benchmark_v1,287400.0
2014-08-01,Mexico,Montana,Small Business,,REVENUE,ACTUAL_WITH_EVENTS,USD,controlled_event_benchmark_v1,287400.0
2014-08-01,Mexico,Paseo,Government,,COGS,ACTUAL_WITH_EVENTS,USD,controlled_event_benchmark_v1,3885.2
2014-08-01,Mexico,Paseo,Government,,DISCOUNT,ACTUAL_WITH_EVENTS,USD,controlled_event_benchmark_v1,0.0
2014-08-01,Mexico,Paseo,Government,,GROSS_PROFIT,ACTUAL_WITH_EVENTS,USD,controlled_event_benchmark_v1,1554.08
2014-08-01,Mexico,Paseo,Government,,GROSS_SALES,ACTUAL_WITH_EVENTS,USD,controlled_event_benchmark_v1,5439.28
2014-08-01,Mexico,Paseo,Government,,REVENUE,ACTUAL_WITH_EVENTS,USD,controlled_event_benchmark_v1,5439.28
2014-08-01,Mexico,Paseo,Midmarket,,COGS,ACTUAL_WITH_EVENTS,USD,controlled_event_benchmark_v1,17459.2
2014-08-01,Mexico,Paseo,Midmarket,,DISCOUNT,ACTUAL_WITH_EVENTS,USD,controlled_event_benchmark_v1,2880.7680000000005
2014-08-01,Mexico,Paseo,Midmarket,,GROSS_PROFIT,ACTUAL_WITH_EVENTS,USD,controlled_event_benchmark_v1,5848.832000000002
2014-08-01,Mexico,Paseo,Midmarket,,GROSS_SALES,ACTUAL_WITH_EVENTS,USD,controlled_event_benchmark_v1,26188.800000000003
2014-08-01,Mexico,Paseo,Midmarket,,REVENUE,ACTUAL_WITH_EVENTS,USD,controlled_event_benchmark_v1,23308.032000000003
2014-08-01,Mexico,VTT,Government,,COGS,ACTUAL_WITH_EVENTS,USD,controlled_event_benchmark_v1,426920.0
2014-08-01,Mexico,VTT,Government,,DISCOUNT,ACTUAL_WITH_EVENTS,USD,controlled_event_benchmark_v1,17241.0
2014-08-01,Mexico,VTT,Government,,GROSS_PROFIT,ACTUAL_WITH_EVENTS,USD,controlled_event_benchmark_v1,130539.0
2014-08-01,Mexico,VTT,Government,,GROSS_SALES,ACTUAL_WITH_EVENTS,USD,controlled_event_benchmark_v1,574700.0
2014-08-01,Mexico,VTT,Government,,REVENUE,ACTUAL_WITH_EVENTS,USD,controlled_event_benchmark_v1,557459.0
2014-08-01,Mexico,Velo,Government,,COGS,ACTUAL_WITH_EVENTS,USD,controlled_event_benchmark_v1,6090.0
2014-08-01,Mexico,Velo,Government,,DISCOUNT,ACTUAL_WITH_EVENTS,USD,controlled_event_benchmark_v1,852.6000000000001
2014-08-01,Mexico,Velo,Government,,GROSS_PROFIT,ACTUAL_WITH_EVENTS,USD,controlled_event_benchmark_v1,5237.4
2014-08-01,Mexico,Velo,Government,,GROSS_SALES,ACTUAL_WITH_EVENTS,USD,controlled_event_benchmark_v1,12180.0
2014-08-01,Mexico,Velo,Government,,REVENUE,ACTUAL_WITH_EVENTS,USD,controlled_event_benchmark_v1,11327.4
2014-08-01,Mexico,,,Finance & G&A,OPEX_GNA,ACTUAL_WITH_EVENTS,USD,controlled_event_opex_v1,48689.67990944796
2014-08-01,Mexico,,,Marketing,OPEX_MARKETING,ACTUAL_WITH_EVENTS,USD,controlled_event_opex_v1,66053.98278940903
2014-08-01,Mexico,,,Operations,OPEX_OPERATIONS,ACTUAL_WITH_EVENTS,USD,controlled_event_opex_v1,45041.07339578418
2014-08-01,Mexico,,,R&D,OPEX_RND,ACTUAL_WITH_EVENTS,USD,controlled_event_opex_v1,60044.25088676641
2014-08-01,Mexico,,,Sales,OPEX_SALES,ACTUAL_WITH_EVENTS,USD,controlled_event_opex_v1,68577.48006777739
2014-08-01,Mexico,,,,EBITDA,ACTUAL_WITH_EVENTS,USD,derived_controlled_event_v1,-95593.95504918497
2014-08-01,Mexico,,,,OPEX_TOTAL,ACTUAL_WITH_EVENTS,USD,controlled_event_opex_v1,288406.46704918495
2014-08-01,United States of America,Amarilla,Channel Partners,,COGS,ACTUAL_WITH_EVENTS,USD,controlled_event_benchmark_v1,6423.0
2014-08-01,United States of America,Amarilla,Channel Partners,,DISCOUNT,ACTUAL_WITH_EVENTS,USD,controlled_event_benchmark_v1,0.0
2014-08-01,United States of America,Amarilla,Channel Partners,,GROSS_PROFIT,ACTUAL_WITH_EVENTS,USD,controlled_event_benchmark_v1,19269.0
2014-08-01,United States of America,Amarilla,Channel Partners,,GROSS_SALES,ACTUAL_WITH_EVENTS,USD,controlled_event_benchmark_v1,25692.0
2014-08-01,United States of America,Amarilla,Channel Partners,,REVENUE,ACTUAL_WITH_EVENTS,USD,controlled_event_benchmark_v1,25692.0
2014-08-01,United States of America,Paseo,Government,,COGS,ACTUAL_WITH_EVENTS,USD,controlled_event_benchmark_v1,3390.0
2014-08-01,United States of America,Paseo,Government,,DISCOUNT,ACTUAL_WITH_EVENTS,USD,controlled_event_benchmark_v1,379.68
2014-08-01,United States of America,Paseo,Government,,GROSS_PROFIT,ACTUAL_WITH_EVENTS,USD,controlled_event_benchmark_v1,976.3199999999997
2014-08-01,United States of America,Paseo,Government,,GROSS_SALES,ACTUAL_WITH_EVENTS,USD,controlled_event_benchmark_v1,4746.0
2014-08-01,United States of America,Paseo,Government,,REVENUE,ACTUAL_WITH_EVENTS,USD,controlled_event_benchmark_v1,4366.32
2014-08-01,United States of America,Paseo,Midmarket,,COGS,ACTUAL_WITH_EVENTS,USD,controlled_event_benchmark_v1,21980.0
2014-08-01,United States of America,Paseo,Midmarket,,DISCOUNT,ACTUAL_WITH_EVENTS,USD,controlled_event_benchmark_v1,1978.1999999999998
2014-08-01,United States of America,Paseo,Midmarket,,GROSS_PROFIT,ACTUAL_WITH_EVENTS,USD,controlled_event_benchmark_v1,9011.8
2014-08-01,United States of America,Paseo,Midmarket,,GROSS_SALES,ACTUAL_WITH_EVENTS,USD,controlled_event_benchmark_v1,32970.0
2014-08-01,United States of America,Paseo,Midmarket,,REVENUE,ACTUAL_WITH_EVENTS,USD,controlled_event_benchmark_v1,30991.8
2014-08-01,United States of America,VTT,Government,,COGS,ACTUAL_WITH_EVENTS,USD,controlled_event_benchmark_v1,729820.0
2014-08-01,United States of America,VTT,Government,,DISCOUNT,ACTUAL_WITH_EVENTS,USD,controlled_event_benchmark_v1,98245.0
2014-08-01,United States of America,VTT,Government,,GROSS_PROFIT,ACTUAL_WITH_EVENTS,USD,controlled_event_benchmark_v1,154385.0
2014-08-01,United States of America,VTT,Government,,GROSS_SALES,ACTUAL_WITH_EVENTS,USD,controlled_event_benchmark_v1,982450.0
2014-08-01,United States of America,VTT,Government,,REVENUE,ACTUAL_WITH_EVENTS,USD,controlled_event_benchmark_v1,884205.0
2014-08-01,United States of America,VTT,Small Business,,COGS,ACTUAL_WITH_EVENTS,USD,controlled_event_benchmark_v1,635250.0
2014-08-01,United States of America,VTT,Small Business,,DISCOUNT,ACTUAL_WITH_EVENTS,USD,controlled_event_benchmark_v1,106722.00000000001
2014-08-01,United States of America,VTT,Small Business,,GROSS_PROFIT,ACTUAL_WITH_EVENTS,USD,controlled_event_benchmark_v1,20328.0
2014-08-01,United States of America,VTT,Small Business,,GROSS_SALES,ACTUAL_WITH_EVENTS,USD,controlled_event_benchmark_v1,762300.0
2014-08-01,United States of America,VTT,Small Business,,REVENUE,ACTUAL_WITH_EVENTS,USD,controlled_event_benchmark_v1,655578.0
2014-08-01,United States of America,Velo,Enterprise,,COGS,ACTUAL_WITH_EVENTS,USD,controlled_event_benchmark_v1,338520.0
2014-08-01,United States of America,Velo,Enterprise,,DISCOUNT,ACTUAL_WITH_EVENTS,USD,controlled_event_benchmark_v1,0.0
2014-08-01,United States of America,Velo,Enterprise,,GROSS_PROFIT,ACTUAL_WITH_EVENTS,USD,controlled_event_benchmark_v1,14105.0
2014-08-01,United States of America,Velo,Enterprise,,GROSS_SALES,ACTUAL_WITH_EVENTS,USD,controlled_event_benchmark_v1,352625.0
2014-08-01,United States of America,Velo,Enterprise,,REVENUE,ACTUAL_WITH_EVENTS,USD,controlled_event_benchmark_v1,352625.0
2014-08-01,United States of America,Velo,Government,,COGS,ACTUAL_WITH_EVENTS,USD,controlled_event_benchmark_v1,28320.0
2014-08-01,United States of America,Velo,Government,,DISCOUNT,ACTUAL_WITH_EVENTS,USD,controlled_event_benchmark_v1,2832.0
2014-08-01,United States of America,Velo,Government,,GROSS_PROFIT,ACTUAL_WITH_EVENTS,USD,controlled_event_benchmark_v1,25488.0
2014-08-01,United States of America,Velo,Government,,GROSS_SALES,ACTUAL_WITH_EVENTS,USD,controlled_event_benchmark_v1,56640.0
2014-08-01,United States of America,Velo,Government,,REVENUE,ACTUAL_WITH_EVENTS,USD,controlled_event_benchmark_v1,53808.0
2014-08-01,United States of America,,,Finance & G&A,OPEX_GNA,ACTUAL_WITH_EVENTS,USD,controlled_event_opex_v1,105947.18202004398
2014-08-01,United States of America,,,Marketing,OPEX_MARKETING,ACTUAL_WITH_EVENTS,USD,controlled_event_opex_v1,145357.76715605572
2014-08-01,United States of America,,,Operations,OPEX_OPERATIONS,ACTUAL_WITH_EVENTS,USD,controlled_event_opex_v1,101748.23432886259
2014-08-01,United States of America,,,R&D,OPEX_RND,ACTUAL_WITH_EVENTS,USD,controlled_event_opex_v1,136203.18577063113
2014-08-01,United States of America,,,Sales,OPEX_SALES,ACTUAL_WITH_EVENTS,USD,controlled_event_opex_v1,150140.12088696717
2014-08-01,United States of America,,,,EBITDA,ACTUAL_WITH_EVENTS,USD,derived_controlled_event_v1,-395833.3701625606
2014-08-01,United States of America,,,,OPEX_TOTAL,ACTUAL_WITH_EVENTS,USD,controlled_event_opex_v1,639396.4901625606
2014-09-01,Canada,Amarilla,Government,,COGS,ACTUAL_WITH_EVENTS,USD,controlled_event_benchmark_v1,183820.0
2014-09-01,Canada,Amarilla,Government,,DISCOUNT,ACTUAL_WITH_EVENTS,USD,controlled_event_benchmark_v1,24745.0
2014-09-01,Canada,Amarilla,Government,,GROSS_PROFIT,ACTUAL_WITH_EVENTS,USD,controlled_event_benchmark_v1,38885.0
2014-09-01,Canada,Amarilla,Government,,GROSS_SALES,ACTUAL_WITH_EVENTS,USD,controlled_event_benchmark_v1,247450.0
2014-09-01,Canada,Amarilla,Government,,REVENUE,ACTUAL_WITH_EVENTS,USD,controlled_event_benchmark_v1,222705.0
2014-09-01,Canada,Carretera,Channel Partners,,COGS,ACTUAL_WITH_EVENTS,USD,controlled_event_benchmark_v1,4335.0
2014-09-01,Canada,Carretera,Channel Partners,,DISCOUNT,ACTUAL_WITH_EVENTS,USD,controlled_event_benchmark_v1,173.4
2014-09-01,Canada,Carretera,Channel Partners,,GROSS_PROFIT,ACTUAL_WITH_EVENTS,USD,controlled_event_benchmark_v1,12831.599999999999
2014-09-01,Canada,Carretera,Channel Partners,,GROSS_SALES,ACTUAL_WITH_EVENTS,USD,controlled_event_benchmark_v1,17340.0
2014-09-01,Canada,Carretera,Channel Partners,,REVENUE,ACTUAL_WITH_EVENTS,USD,controlled_event_benchmark_v1,17166.6
2014-09-01,Canada,Montana,Government,,COGS,ACTUAL_WITH_EVENTS,USD,controlled_event_benchmark_v1,1940.0
2014-09-01,Canada,Montana,Government,,DISCOUNT,ACTUAL_WITH_EVENTS,USD,controlled_event_benchmark_v1,380.24
2014-09-01,Canada,Montana,Government,,GROSS_PROFIT,ACTUAL_WITH_EVENTS,USD,controlled_event_benchmark_v1,395.7600000000002
2014-09-01,Canada,Montana,Government,,GROSS_SALES,ACTUAL_WITH_EVENTS,USD,controlled_event_benchmark_v1,2716.0
2014-09-01,Canada,Montana,Government,,REVENUE,ACTUAL_WITH_EVENTS,USD,controlled_event_benchmark_v1,2335.76
2014-09-01,Canada,Paseo,Government,,COGS,ACTUAL_WITH_EVENTS,USD,controlled_event_benchmark_v1,20740.0
2014-09-01,Canada,Paseo,Government,,DISCOUNT,ACTUAL_WITH_EVENTS,USD,controlled_event_benchmark_v1,1659.2
2014-09-01,Canada,Paseo,Government,,GROSS_PROFIT,ACTUAL_WITH_EVENTS,USD,controlled_event_benchmark_v1,19080.800000000003
2014-09-01,Canada,Paseo,Government,,GROSS_SALES,ACTUAL_WITH_EVENTS,USD,controlled_event_benchmark_v1,41480.0
2014-09-01,Canada,Paseo,Government,,REVENUE,ACTUAL_WITH_EVENTS,USD,controlled_event_benchmark_v1,39820.8
2014-09-01,Canada,Paseo,Midmarket,,COGS,ACTUAL_WITH_EVENTS,USD,controlled_event_benchmark_v1,2180.0
2014-09-01,Canada,Paseo,Midmarket,,DISCOUNT,ACTUAL_WITH_EVENTS,USD,controlled_event_benchmark_v1,130.8
2014-09-01,Canada,Paseo,Midmarket,,GROSS_PROFIT,ACTUAL_WITH_EVENTS,USD,controlled_event_benchmark_v1,959.1999999999998
2014-09-01,Canada,Paseo,Midmarket,,GROSS_SALES,ACTUAL_WITH_EVENTS,USD,controlled_event_benchmark_v1,3270.0
2014-09-01,Canada,Paseo,Midmarket,,REVENUE,ACTUAL_WITH_EVENTS,USD,controlled_event_benchmark_v1,3139.2
2014-09-01,Canada,VTT,Small Business,,COGS,ACTUAL_WITH_EVENTS,USD,controlled_event_benchmark_v1,533500.0
2014-09-01,Canada,VTT,Small Business,,DISCOUNT,ACTUAL_WITH_EVENTS,USD,controlled_event_benchmark_v1,51216.0
2014-09-01,Canada,VTT,Small Business,,GROSS_PROFIT,ACTUAL_WITH_EVENTS,USD,controlled_event_benchmark_v1,55484.0
2014-09-01,Canada,VTT,Small Business,,GROSS_SALES,ACTUAL_WITH_EVENTS,USD,controlled_event_benchmark_v1,640200.0
2014-09-01,Canada,VTT,Small Business,,REVENUE,ACTUAL_WITH_EVENTS,USD,controlled_event_benchmark_v1,588984.0
2014-09-01,Canada,Velo,Enterprise,,COGS,ACTUAL_WITH_EVENTS,USD,controlled_event_benchmark_v1,68040.0
2014-09-01,Canada,Velo,Enterprise,,DISCOUNT,ACTUAL_WITH_EVENTS,USD,controlled_event_benchmark_v1,6378.75
2014-09-01,Canada,Velo,Enterprise,,GROSS_PROFIT,ACTUAL_WITH_EVENTS,USD,controlled_event_benchmark_v1,-3543.75
2014-09-01,Canada,Velo,Enterprise,,GROSS_SALES,ACTUAL_WITH_EVENTS,USD,controlled_event_benchmark_v1,70875.0
2014-09-01,Canada,Velo,Enterprise,,REVENUE,ACTUAL_WITH_EVENTS,USD,controlled_event_benchmark_v1,64496.25
2014-09-01,Canada,,,Finance & G&A,OPEX_GNA,ACTUAL_WITH_EVENTS,USD,controlled_event_opex_v1,43560.55226504553
2014-09-01,Canada,,,Marketing,OPEX_MARKETING,ACTUAL_WITH_EVENTS,USD,controlled_event_opex_v1,61689.33086175139
2014-09-01,Canada,,,Operations,OPEX_OPERATIONS,ACTUAL_WITH_EVENTS,USD,controlled_event_opex_v1,42163.38756426345
2014-09-01,Canada,,,R&D,OPEX_RND,ACTUAL_WITH_EVENTS,USD,controlled_event_opex_v1,55364.991537193484
2014-09-01,Canada,,,Sales,OPEX_SALES,ACTUAL_WITH_EVENTS,USD,controlled_event_opex_v1,61253.3997931531
2014-09-01,Canada,,,,EBITDA,ACTUAL_WITH_EVENTS,USD,derived_controlled_event_v1,-139939.05202140694
2014-09-01,Canada,,,,OPEX_TOTAL,ACTUAL_WITH_EVENTS,USD,controlled_event_opex_v1,264031.6620214069
2014-09-01,France,Amarilla,Government,,COGS,ACTUAL_WITH_EVENTS,USD,controlled_event_benchmark_v1,747760.0
2014-09-01,France,Amarilla,Government,,DISCOUNT,ACTUAL_WITH_EVENTS,USD,controlled_event_benchmark_v1,70462.0
2014-09-01,France,Amarilla,Government,,GROSS_PROFIT,ACTUAL_WITH_EVENTS,USD,controlled_event_benchmark_v1,188378.0
2014-09-01,France,Amarilla,Government,,GROSS_SALES,ACTUAL_WITH_EVENTS,USD,controlled_event_benchmark_v1,1006600.0
2014-09-01,France,Amarilla,Government,,REVENUE,ACTUAL_WITH_EVENTS,USD,controlled_event_benchmark_v1,936138.0
2014-09-01,France,Carretera,Channel Partners,,COGS,ACTUAL_WITH_EVENTS,USD,controlled_event_benchmark_v1,8013.0
2014-09-01,France,Carretera,Channel Partners,,DISCOUNT,ACTUAL_WITH_EVENTS,USD,controlled_event_benchmark_v1,320.52
2014-09-01,France,Carretera,Channel Partners,,GROSS_PROFIT,ACTUAL_WITH_EVENTS,USD,controlled_event_benchmark_v1,23718.48
2014-09-01,France,Carretera,Channel Partners,,GROSS_SALES,ACTUAL_WITH_EVENTS,USD,controlled_event_benchmark_v1,32052.0
2014-09-01,France,Carretera,Channel Partners,,REVENUE,ACTUAL_WITH_EVENTS,USD,controlled_event_benchmark_v1,31731.48
2014-09-01,France,Montana,Government,,COGS,ACTUAL_WITH_EVENTS,USD,controlled_event_benchmark_v1,2720.0
2014-09-01,France,Montana,Government,,DISCOUNT,ACTUAL_WITH_EVENTS,USD,controlled_event_benchmark_v1,114.24
2014-09-01,France,Montana,Government,,GROSS_PROFIT,ACTUAL_WITH_EVENTS,USD,controlled_event_benchmark_v1,973.7600000000002
2014-09-01,France,Montana,Government,,GROSS_SALES,ACTUAL_WITH_EVENTS,USD,controlled_event_benchmark_v1,3808.0
2014-09-01,France,Montana,Government,,REVENUE,ACTUAL_WITH_EVENTS,USD,controlled_event_benchmark_v1,3693.76
2014-09-01,France,Paseo,Government,,COGS,ACTUAL_WITH_EVENTS,USD,controlled_event_benchmark_v1,15350.0
2014-09-01,France,Paseo,Government,,DISCOUNT,ACTUAL_WITH_EVENTS,USD,controlled_event_benchmark_v1,2149.0
2014-09-01,France,Paseo,Government,,GROSS_PROFIT,ACTUAL_WITH_EVENTS,USD,controlled_event_benchmark_v1,13201.0
2014-09-01,France,Paseo,Government,,GROSS_SALES,ACTUAL_WITH_EVENTS,USD,controlled_event_benchmark_v1,30700.0
2014-09-01,France,Paseo,Government,,REVENUE,ACTUAL_WITH_EVENTS,USD,controlled_event_benchmark_v1,28551.0
2014-09-01,France,Paseo,Midmarket,,COGS,ACTUAL_WITH_EVENTS,USD,controlled_event_benchmark_v1,26200.0
2014-09-01,France,Paseo,Midmarket,,DISCOUNT,ACTUAL_WITH_EVENTS,USD,controlled_event_benchmark_v1,1965.0
2014-09-01,France,Paseo,Midmarket,,GROSS_PROFIT,ACTUAL_WITH_EVENTS,USD,controlled_event_benchmark_v1,11135.0
2014-09-01,France,Paseo,Midmarket,,GROSS_SALES,ACTUAL_WITH_EVENTS,USD,controlled_event_benchmark_v1,39300.0
2014-09-01,France,Paseo,Midmarket,,REVENUE,ACTUAL_WITH_EVENTS,USD,controlled_event_benchmark_v1,37335.0
2014-09-01,France,VTT,Small Business,,COGS,ACTUAL_WITH_EVENTS,USD,controlled_event_benchmark_v1,537750.0
2014-09-01,France,VTT,Small Business,,DISCOUNT,ACTUAL_WITH_EVENTS,USD,controlled_event_benchmark_v1,0.0
2014-09-01,France,VTT,Small Business,,GROSS_PROFIT,ACTUAL_WITH_EVENTS,USD,controlled_event_benchmark_v1,107550.0
2014-09-01,France,VTT,Small Business,,GROSS_SALES,ACTUAL_WITH_EVENTS,USD,controlled_event_benchmark_v1,645300.0
2014-09-01,France,VTT,Small Business,,REVENUE,ACTUAL_WITH_EVENTS,USD,controlled_event_benchmark_v1,645300.0
2014-09-01,France,Velo,Enterprise,,COGS,ACTUAL_WITH_EVENTS,USD,controlled_event_benchmark_v1,79560.0
2014-09-01,France,Velo,Enterprise,,DISCOUNT,ACTUAL_WITH_EVENTS,USD,controlled_event_benchmark_v1,12431.25
2014-09-01,France,Velo,Enterprise,,GROSS_PROFIT,ACTUAL_WITH_EVENTS,USD,controlled_event_benchmark_v1,-9116.25
2014-09-01,France,Velo,Enterprise,,GROSS_SALES,ACTUAL_WITH_EVENTS,USD,controlled_event_benchmark_v1,82875.0
2014-09-01,France,Velo,Enterprise,,REVENUE,ACTUAL_WITH_EVENTS,USD,controlled_event_benchmark_v1,70443.75
2014-09-01,France,,,Finance & G&A,OPEX_GNA,ACTUAL_WITH_EVENTS,USD,controlled_event_opex_v1,86189.18013085907
2014-09-01,France,,,Marketing,OPEX_MARKETING,ACTUAL_WITH_EVENTS,USD,controlled_event_opex_v1,139591.36975172226
2014-09-01,France,,,Operations,OPEX_OPERATIONS,ACTUAL_WITH_EVENTS,USD,controlled_event_opex_v1,80479.30651958038
2014-09-01,France,,,R&D,OPEX_RND,ACTUAL_WITH_EVENTS,USD,controlled_event_opex_v1,107410.09971536958
2014-09-01,France,,,Sales,OPEX_SALES,ACTUAL_WITH_EVENTS,USD,controlled_event_opex_v1,121928.21549600502
2014-09-01,France,,,,EBITDA,ACTUAL_WITH_EVENTS,USD,derived_controlled_event_v1,-199758.18161353632
2014-09-01,France,,,,OPEX_TOTAL,ACTUAL_WITH_EVENTS,USD,controlled_event_opex_v1,535598.1716135363
2014-09-01,Germany,Amarilla,Government,,COGS,ACTUAL_WITH_EVENTS,USD,controlled_event_benchmark_v1,495820.0
2014-09-01,Germany,Amarilla,Government,,DISCOUNT,ACTUAL_WITH_EVENTS,USD,controlled_event_benchmark_v1,26698.0
2014-09-01,Germany,Amarilla,Government,,GROSS_PROFIT,ACTUAL_WITH_EVENTS,USD,controlled_event_benchmark_v1,144932.0
2014-09-01,Germany,Amarilla,Government,,GROSS_SALES,ACTUAL_WITH_EVENTS,USD,controlled_event_benchmark_v1,667450.0
2014-09-01,Germany,Amarilla,Government,,REVENUE,ACTUAL_WITH_EVENTS,USD,controlled_event_benchmark_v1,640752.0
2014-09-01,Germany,Carretera,Channel Partners,,COGS,ACTUAL_WITH_EVENTS,USD,controlled_event_benchmark_v1,4740.0
2014-09-01,Germany,Carretera,Channel Partners,,DISCOUNT,ACTUAL_WITH_EVENTS,USD,controlled_event_benchmark_v1,1706.3999999999999
2014-09-01,Germany,Carretera,Channel Partners,,GROSS_PROFIT,ACTUAL_WITH_EVENTS,USD,controlled_event_benchmark_v1,12513.599999999999
2014-09-01,Germany,Carretera,Channel Partners,,GROSS_SALES,ACTUAL_WITH_EVENTS,USD,controlled_event_benchmark_v1,18960.0
2014-09-01,Germany,Carretera,Channel Partners,,REVENUE,ACTUAL_WITH_EVENTS,USD,controlled_event_benchmark_v1,17253.6
2014-09-01,Germany,Montana,Government,,COGS,ACTUAL_WITH_EVENTS,USD,controlled_event_benchmark_v1,10730.0
2014-09-01,Germany,Montana,Government,,DISCOUNT,ACTUAL_WITH_EVENTS,USD,controlled_event_benchmark_v1,0.0
2014-09-01,Germany,Montana,Government,,GROSS_PROFIT,ACTUAL_WITH_EVENTS,USD,controlled_event_benchmark_v1,4292.0
2014-09-01,Germany,Montana,Government,,GROSS_SALES,ACTUAL_WITH_EVENTS,USD,controlled_event_benchmark_v1,15022.0
2014-09-01,Germany,Montana,Government,,REVENUE,ACTUAL_WITH_EVENTS,USD,controlled_event_benchmark_v1,15022.0
2014-09-01,Germany,Paseo,Government,,COGS,ACTUAL_WITH_EVENTS,USD,controlled_event_benchmark_v1,19340.0
2014-09-01,Germany,Paseo,Government,,DISCOUNT,ACTUAL_WITH_EVENTS,USD,controlled_event_benchmark_v1,3094.4
2014-09-01,Germany,Paseo,Government,,GROSS_PROFIT,ACTUAL_WITH_EVENTS,USD,controlled_event_benchmark_v1,16245.599999999999
2014-09-01,Germany,Paseo,Government,,GROSS_SALES,ACTUAL_WITH_EVENTS,USD,controlled_event_benchmark_v1,38680.0
2014-09-01,Germany,Paseo,Government,,REVENUE,ACTUAL_WITH_EVENTS,USD,controlled_event_benchmark_v1,35585.6
2014-09-01,Germany,Paseo,Midmarket,,COGS,ACTUAL_WITH_EVENTS,USD,controlled_event_benchmark_v1,7470.0
2014-09-01,Germany,Paseo,Midmarket,,DISCOUNT,ACTUAL_WITH_EVENTS,USD,controlled_event_benchmark_v1,112.05
2014-09-01,Germany,Paseo,Midmarket,,GROSS_PROFIT,ACTUAL_WITH_EVENTS,USD,controlled_event_benchmark_v1,3622.9500000000007
2014-09-01,Germany,Paseo,Midmarket,,GROSS_SALES,ACTUAL_WITH_EVENTS,USD,controlled_event_benchmark_v1,11205.0
2014-09-01,Germany,Paseo,Midmarket,,REVENUE,ACTUAL_WITH_EVENTS,USD,controlled_event_benchmark_v1,11092.95
2014-09-01,Germany,VTT,Small Business,,COGS,ACTUAL_WITH_EVENTS,USD,controlled_event_benchmark_v1,246500.0
2014-09-01,Germany,VTT,Small Business,,DISCOUNT,ACTUAL_WITH_EVENTS,USD,controlled_event_benchmark_v1,2958.0
2014-09-01,Germany,VTT,Small Business,,GROSS_PROFIT,ACTUAL_WITH_EVENTS,USD,controlled_event_benchmark_v1,46342.0
2014-09-01,Germany,VTT,Small Business,,GROSS_SALES,ACTUAL_WITH_EVENTS,USD,controlled_event_benchmark_v1,295800.0
2014-09-01,Germany,VTT,Small Business,,REVENUE,ACTUAL_WITH_EVENTS,USD,controlled_event_benchmark_v1,292842.0
2014-09-01,Germany,Velo,Enterprise,,COGS,ACTUAL_WITH_EVENTS,USD,controlled_event_benchmark_v1,250440.0
2014-09-01,Germany,Velo,Enterprise,,DISCOUNT,ACTUAL_WITH_EVENTS,USD,controlled_event_benchmark_v1,18261.25
2014-09-01,Germany,Velo,Enterprise,,GROSS_PROFIT,ACTUAL_WITH_EVENTS,USD,controlled_event_benchmark_v1,-7826.25
2014-09-01,Germany,Velo,Enterprise,,GROSS_SALES,ACTUAL_WITH_EVENTS,USD,controlled_event_benchmark_v1,260875.0
2014-09-01,Germany,Velo,Enterprise,,REVENUE,ACTUAL_WITH_EVENTS,USD,controlled_event_benchmark_v1,242613.75
2014-09-01,Germany,,,Finance & G&A,OPEX_GNA,ACTUAL_WITH_EVENTS,USD,controlled_event_opex_v1,62194.66730017413
2014-09-01,Germany,,,Marketing,OPEX_MARKETING,ACTUAL_WITH_EVENTS,USD,controlled_event_opex_v1,88120.30296674895
2014-09-01,Germany,,,Operations,OPEX_OPERATIONS,ACTUAL_WITH_EVENTS,USD,controlled_event_opex_v1,58297.3352798545
2014-09-01,Germany,,,R&D,OPEX_RND,ACTUAL_WITH_EVENTS,USD,controlled_event_opex_v1,79265.89619380826
2014-09-01,Germany,,,Sales,OPEX_SALES,ACTUAL_WITH_EVENTS,USD,controlled_event_opex_v1,89009.8401912016
2014-09-01,Germany,,,,EBITDA,ACTUAL_WITH_EVENTS,USD,derived_controlled_event_v1,-156766.14193178745
2014-09-01,Germany,,,,OPEX_TOTAL,ACTUAL_WITH_EVENTS,USD,controlled_event_opex_v1,376888.04193178745
2014-09-01,Mexico,Amarilla,Government,,COGS,ACTUAL_WITH_EVENTS,USD,controlled_event_benchmark_v1,436540.0
2014-09-01,Mexico,Amarilla,Government,,DISCOUNT,ACTUAL_WITH_EVENTS,USD,controlled_event_benchmark_v1,35259.0
2014-09-01,Mexico,Amarilla,Government,,GROSS_PROFIT,ACTUAL_WITH_EVENTS,USD,controlled_event_benchmark_v1,115851.0
2014-09-01,Mexico,Amarilla,Government,,GROSS_SALES,ACTUAL_WITH_EVENTS,USD,controlled_event_benchmark_v1,587650.0
2014-09-01,Mexico,Amarilla,Government,,REVENUE,ACTUAL_WITH_EVENTS,USD,controlled_event_benchmark_v1,552391.0
2014-09-01,Mexico,Carretera,Channel Partners,,COGS,ACTUAL_WITH_EVENTS,USD,controlled_event_benchmark_v1,1686.0
2014-09-01,Mexico,Carretera,Channel Partners,,DISCOUNT,ACTUAL_WITH_EVENTS,USD,controlled_event_benchmark_v1,404.64
2014-09-01,Mexico,Carretera,Channel Partners,,GROSS_PROFIT,ACTUAL_WITH_EVENTS,USD,controlled_event_benchmark_v1,4653.36
2014-09-01,Mexico,Carretera,Channel Partners,,GROSS_SALES,ACTUAL_WITH_EVENTS,USD,controlled_event_benchmark_v1,6744.0
2014-09-01,Mexico,Carretera,Channel Partners,,REVENUE,ACTUAL_WITH_EVENTS,USD,controlled_event_benchmark_v1,6339.36
2014-09-01,Mexico,Montana,Government,,COGS,ACTUAL_WITH_EVENTS,USD,controlled_event_benchmark_v1,12100.0
2014-09-01,Mexico,Montana,Government,,DISCOUNT,ACTUAL_WITH_EVENTS,USD,controlled_event_benchmark_v1,2032.8
2014-09-01,Mexico,Montana,Government,,GROSS_PROFIT,ACTUAL_WITH_EVENTS,USD,controlled_event_benchmark_v1,2807.2000000000007
2014-09-01,Mexico,Montana,Government,,GROSS_SALES,ACTUAL_WITH_EVENTS,USD,controlled_event_benchmark_v1,16940.0
2014-09-01,Mexico,Montana,Government,,REVENUE,ACTUAL_WITH_EVENTS,USD,controlled_event_benchmark_v1,14907.2
2014-09-01,Mexico,Paseo,Government,,COGS,ACTUAL_WITH_EVENTS,USD,controlled_event_benchmark_v1,26338.4
2014-09-01,Mexico,Paseo,Government,,DISCOUNT,ACTUAL_WITH_EVENTS,USD,controlled_event_benchmark_v1,4214.144
2014-09-01,Mexico,Paseo,Government,,GROSS_PROFIT,ACTUAL_WITH_EVENTS,USD,controlled_event_benchmark_v1,22124.256
2014-09-01,Mexico,Paseo,Government,,GROSS_SALES,ACTUAL_WITH_EVENTS,USD,controlled_event_benchmark_v1,52676.8
2014-09-01,Mexico,Paseo,Government,,REVENUE,ACTUAL_WITH_EVENTS,USD,controlled_event_benchmark_v1,48462.656
2014-09-01,Mexico,Paseo,Midmarket,,COGS,ACTUAL_WITH_EVENTS,USD,controlled_event_benchmark_v1,21753.600000000002
2014-09-01,Mexico,Paseo,Midmarket,,DISCOUNT,ACTUAL_WITH_EVENTS,USD,controlled_event_benchmark_v1,0.0
2014-09-01,Mexico,Paseo,Midmarket,,GROSS_PROFIT,ACTUAL_WITH_EVENTS,USD,controlled_event_benchmark_v1,10876.8
2014-09-01,Mexico,Paseo,Midmarket,,GROSS_SALES,ACTUAL_WITH_EVENTS,USD,controlled_event_benchmark_v1,32630.4
2014-09-01,Mexico,Paseo,Midmarket,,REVENUE,ACTUAL_WITH_EVENTS,USD,controlled_event_benchmark_v1,32630.4
2014-09-01,Mexico,VTT,Small Business,,COGS,ACTUAL_WITH_EVENTS,USD,controlled_event_benchmark_v1,108000.0
2014-09-01,Mexico,VTT,Small Business,,DISCOUNT,ACTUAL_WITH_EVENTS,USD,controlled_event_benchmark_v1,12960.0
2014-09-01,Mexico,VTT,Small Business,,GROSS_PROFIT,ACTUAL_WITH_EVENTS,USD,controlled_event_benchmark_v1,8640.0
2014-09-01,Mexico,VTT,Small Business,,GROSS_SALES,ACTUAL_WITH_EVENTS,USD,controlled_event_benchmark_v1,129600.0
2014-09-01,Mexico,VTT,Small Business,,REVENUE,ACTUAL_WITH_EVENTS,USD,controlled_event_benchmark_v1,116640.0
2014-09-01,Mexico,Velo,Enterprise,,COGS,ACTUAL_WITH_EVENTS,USD,controlled_event_benchmark_v1,253200.0
2014-09-01,Mexico,Velo,Enterprise,,DISCOUNT,ACTUAL_WITH_EVENTS,USD,controlled_event_benchmark_v1,23737.5
2014-09-01,Mexico,Velo,Enterprise,,GROSS_PROFIT,ACTUAL_WITH_EVENTS,USD,controlled_event_benchmark_v1,-13187.5
2014-09-01,Mexico,Velo,Enterprise,,GROSS_SALES,ACTUAL_WITH_EVENTS,USD,controlled_event_benchmark_v1,263750.0
2014-09-01,Mexico,Velo,Enterprise,,REVENUE,ACTUAL_WITH_EVENTS,USD,controlled_event_benchmark_v1,240012.5
2014-09-01,Mexico,,,Finance & G&A,OPEX_GNA,ACTUAL_WITH_EVENTS,USD,controlled_event_opex_v1,43895.119572545635
2014-09-01,Mexico,,,Marketing,OPEX_MARKETING,ACTUAL_WITH_EVENTS,USD,controlled_event_opex_v1,60339.209631781254
2014-09-01,Mexico,,,Operations,OPEX_OPERATIONS,ACTUAL_WITH_EVENTS,USD,controlled_event_opex_v1,41572.985159577875
2014-09-01,Mexico,,,R&D,OPEX_RND,ACTUAL_WITH_EVENTS,USD,controlled_event_opex_v1,53639.77676148219
2014-09-01,Mexico,,,Sales,OPEX_SALES,ACTUAL_WITH_EVENTS,USD,controlled_event_opex_v1,61018.01526967532
2014-09-01,Mexico,,,,EBITDA,ACTUAL_WITH_EVENTS,USD,derived_controlled_event_v1,-108699.99039506228
2014-09-01,Mexico,,,,OPEX_TOTAL,ACTUAL_WITH_EVENTS,USD,controlled_event_opex_v1,260465.1063950623
2014-09-01,United States of America,Amarilla,Government,,COGS,ACTUAL_WITH_EVENTS,USD,controlled_event_benchmark_v1,538460.0
2014-09-01,United States of America,Amarilla,Government,,DISCOUNT,ACTUAL_WITH_EVENTS,USD,controlled_event_benchmark_v1,65236.5
2014-09-01,United States of America,Amarilla,Government,,GROSS_PROFIT,ACTUAL_WITH_EVENTS,USD,controlled_event_benchmark_v1,121153.5
2014-09-01,United States of America,Amarilla,Government,,GROSS_SALES,ACTUAL_WITH_EVENTS,USD,controlled_event_benchmark_v1,724850.0
2014-09-01,United States of America,Amarilla,Government,,REVENUE,ACTUAL_WITH_EVENTS,USD,controlled_event_benchmark_v1,659613.5
2014-09-01,United States of America,Carretera,Channel Partners,,COGS,ACTUAL_WITH_EVENTS,USD,controlled_event_benchmark_v1,5841.0
2014-09-01,United States of America,Carretera,Channel Partners,,DISCOUNT,ACTUAL_WITH_EVENTS,USD,controlled_event_benchmark_v1,700.92
2014-09-01,United States of America,Carretera,Channel Partners,,GROSS_PROFIT,ACTUAL_WITH_EVENTS,USD,controlled_event_benchmark_v1,16822.08
2014-09-01,United States of America,Carretera,Channel Partners,,GROSS_SALES,ACTUAL_WITH_EVENTS,USD,controlled_event_benchmark_v1,23364.0
2014-09-01,United States of America,Carretera,Channel Partners,,REVENUE,ACTUAL_WITH_EVENTS,USD,controlled_event_benchmark_v1,22663.08
2014-09-01,United States of America,Montana,Government,,COGS,ACTUAL_WITH_EVENTS,USD,controlled_event_benchmark_v1,11640.0
2014-09-01,United States of America,Montana,Government,,DISCOUNT,ACTUAL_WITH_EVENTS,USD,controlled_event_benchmark_v1,1629.5999999999983
2014-09-01,United States of America,Montana,Government,,GROSS_PROFIT,ACTUAL_WITH_EVENTS,USD,controlled_event_benchmark_v1,3026.4000000000015
2014-09-01,United States of America,Montana,Government,,GROSS_SALES,ACTUAL_WITH_EVENTS,USD,controlled_event_benchmark_v1,16296.0
2014-09-01,United States of America,Montana,Government,,REVENUE,ACTUAL_WITH_EVENTS,USD,controlled_event_benchmark_v1,14666.400000000001
2014-09-01,United States of America,Paseo,Government,,COGS,ACTUAL_WITH_EVENTS,USD,controlled_event_benchmark_v1,10560.0
2014-09-01,United States of America,Paseo,Government,,DISCOUNT,ACTUAL_WITH_EVENTS,USD,controlled_event_benchmark_v1,844.8000000000001
2014-09-01,United States of America,Paseo,Government,,GROSS_PROFIT,ACTUAL_WITH_EVENTS,USD,controlled_event_benchmark_v1,9715.2
2014-09-01,United States of America,Paseo,Government,,GROSS_SALES,ACTUAL_WITH_EVENTS,USD,controlled_event_benchmark_v1,21120.0
2014-09-01,United States of America,Paseo,Government,,REVENUE,ACTUAL_WITH_EVENTS,USD,controlled_event_benchmark_v1,20275.2
2014-09-01,United States of America,Paseo,Midmarket,,COGS,ACTUAL_WITH_EVENTS,USD,controlled_event_benchmark_v1,17670.0
2014-09-01,United States of America,Paseo,Midmarket,,DISCOUNT,ACTUAL_WITH_EVENTS,USD,controlled_event_benchmark_v1,3710.6999999999975
2014-09-01,United States of America,Paseo,Midmarket,,GROSS_PROFIT,ACTUAL_WITH_EVENTS,USD,controlled_event_benchmark_v1,5124.300000000003
2014-09-01,United States of America,Paseo,Midmarket,,GROSS_SALES,ACTUAL_WITH_EVENTS,USD,controlled_event_benchmark_v1,26505.0
2014-09-01,United States of America,Paseo,Midmarket,,REVENUE,ACTUAL_WITH_EVENTS,USD,controlled_event_benchmark_v1,22794.300000000003
2014-09-01,United States of America,VTT,Small Business,,COGS,ACTUAL_WITH_EVENTS,USD,controlled_event_benchmark_v1,466750.0
2014-09-01,United States of America,VTT,Small Business,,DISCOUNT,ACTUAL_WITH_EVENTS,USD,controlled_event_benchmark_v1,50409.0
2014-09-01,United States of America,VTT,Small Business,,GROSS_PROFIT,ACTUAL_WITH_EVENTS,USD,controlled_event_benchmark_v1,42941.0
2014-09-01,United States of America,VTT,Small Business,,GROSS_SALES,ACTUAL_WITH_EVENTS,USD,controlled_event_benchmark_v1,560100.0
2014-09-01,United States of America,VTT,Small Business,,REVENUE,ACTUAL_WITH_EVENTS,USD,controlled_event_benchmark_v1,509691.0
2014-09-01,United States of America,Velo,Enterprise,,COGS,ACTUAL_WITH_EVENTS,USD,controlled_event_benchmark_v1,191520.0
2014-09-01,United States of America,Velo,Enterprise,,DISCOUNT,ACTUAL_WITH_EVENTS,USD,controlled_event_benchmark_v1,19950.0
2014-09-01,United States of America,Velo,Enterprise,,GROSS_PROFIT,ACTUAL_WITH_EVENTS,USD,controlled_event_benchmark_v1,-11970.0
2014-09-01,United States of America,Velo,Enterprise,,GROSS_SALES,ACTUAL_WITH_EVENTS,USD,controlled_event_benchmark_v1,199500.0
2014-09-01,United States of America,Velo,Enterprise,,REVENUE,ACTUAL_WITH_EVENTS,USD,controlled_event_benchmark_v1,179550.0
2014-09-01,United States of America,,,Finance & G&A,OPEX_GNA,ACTUAL_WITH_EVENTS,USD,controlled_event_opex_v1,76382.61653853462
2014-09-01,United States of America,,,Marketing,OPEX_MARKETING,ACTUAL_WITH_EVENTS,USD,controlled_event_opex_v1,102393.86694333416
2014-09-01,United States of America,,,Operations,OPEX_OPERATIONS,ACTUAL_WITH_EVENTS,USD,controlled_event_opex_v1,70836.65197140152
2014-09-01,United States of America,,,R&D,OPEX_RND,ACTUAL_WITH_EVENTS,USD,controlled_event_opex_v1,91767.41539230371
2014-09-01,United States of America,,,Sales,OPEX_SALES,ACTUAL_WITH_EVENTS,USD,controlled_event_opex_v1,104059.02955500135
2014-09-01,United States of America,,,,EBITDA,ACTUAL_WITH_EVENTS,USD,derived_controlled_event_v1,-258627.10040057535
2014-09-01,United States of America,,,,OPEX_TOTAL,ACTUAL_WITH_EVENTS,USD,controlled_event_opex_v1,445439.58040057536
2014-10-01,Canada,Amarilla,Government,,COGS,ACTUAL_WITH_EVENTS,USD,controlled_event_benchmark_v1,343610.0
2014-10-01,Canada,Amarilla,Government,,DISCOUNT,ACTUAL_WITH_EVENTS,USD,controlled_event_benchmark_v1,42270.05999999997
2014-10-01,Canada,Amarilla,Government,,GROSS_PROFIT,ACTUAL_WITH_EVENTS,USD,controlled_event_benchmark_v1,77407.94000000006
2014-10-01,Canada,Amarilla,Government,,GROSS_SALES,ACTUAL_WITH_EVENTS,USD,controlled_event_benchmark_v1,463288.0
2014-10-01,Canada,Amarilla,Government,,REVENUE,ACTUAL_WITH_EVENTS,USD,controlled_event_benchmark_v1,421017.94000000006
2014-10-01,Canada,Carretera,Channel Partners,,COGS,ACTUAL_WITH_EVENTS,USD,controlled_event_benchmark_v1,3885.0
2014-10-01,Canada,Carretera,Channel Partners,,DISCOUNT,ACTUAL_WITH_EVENTS,USD,controlled_event_benchmark_v1,310.8
2014-10-01,Canada,Carretera,Channel Partners,,GROSS_PROFIT,ACTUAL_WITH_EVENTS,USD,controlled_event_benchmark_v1,11344.2
2014-10-01,Canada,Carretera,Channel Partners,,GROSS_SALES,ACTUAL_WITH_EVENTS,USD,controlled_event_benchmark_v1,15540.0
2014-10-01,Canada,Carretera,Channel Partners,,REVENUE,ACTUAL_WITH_EVENTS,USD,controlled_event_benchmark_v1,15229.2
2014-10-01,Canada,Carretera,Small Business,,COGS,ACTUAL_WITH_EVENTS,USD,controlled_event_benchmark_v1,374000.0
2014-10-01,Canada,Carretera,Small Business,,DISCOUNT,ACTUAL_WITH_EVENTS,USD,controlled_event_benchmark_v1,62832.00000000001
2014-10-01,Canada,Carretera,Small Business,,GROSS_PROFIT,ACTUAL_WITH_EVENTS,USD,controlled_event_benchmark_v1,11968.0
2014-10-01,Canada,Carretera,Small Business,,GROSS_SALES,ACTUAL_WITH_EVENTS,USD,controlled_event_benchmark_v1,448800.0
2014-10-01,Canada,Carretera,Small Business,,REVENUE,ACTUAL_WITH_EVENTS,USD,controlled_event_benchmark_v1,385968.0
2014-10-01,Canada,Montana,Government,,COGS,ACTUAL_WITH_EVENTS,USD,controlled_event_benchmark_v1,26160.0
2014-10-01,Canada,Montana,Government,,DISCOUNT,ACTUAL_WITH_EVENTS,USD,controlled_event_benchmark_v1,5543.959999999999
2014-10-01,Canada,Montana,Government,,GROSS_PROFIT,ACTUAL_WITH_EVENTS,USD,controlled_event_benchmark_v1,12414.04
2014-10-01,Canada,Montana,Government,,GROSS_SALES,ACTUAL_WITH_EVENTS,USD,controlled_event_benchmark_v1,44118.0
2014-10-01,Canada,Montana,Government,,REVENUE,ACTUAL_WITH_EVENTS,USD,controlled_event_benchmark_v1,38574.04
2014-10-01,Canada,Paseo,Channel Partners,,COGS,ACTUAL_WITH_EVENTS,USD,controlled_event_benchmark_v1,3885.0
2014-10-01,Canada,Paseo,Channel Partners,,DISCOUNT,ACTUAL_WITH_EVENTS,USD,controlled_event_benchmark_v1,310.8
2014-10-01,Canada,Paseo,Channel Partners,,GROSS_PROFIT,ACTUAL_WITH_EVENTS,USD,controlled_event_benchmark_v1,11344.2
2014-10-01,Canada,Paseo,Channel Partners,,GROSS_SALES,ACTUAL_WITH_EVENTS,USD,controlled_event_benchmark_v1,15540.0
2014-10-01,Canada,Paseo,Channel Partners,,REVENUE,ACTUAL_WITH_EVENTS,USD,controlled_event_benchmark_v1,15229.2
2014-10-01,Canada,Paseo,Enterprise,,COGS,ACTUAL_WITH_EVENTS,USD,controlled_event_benchmark_v1,241080.0
2014-10-01,Canada,Paseo,Enterprise,,DISCOUNT,ACTUAL_WITH_EVENTS,USD,controlled_event_benchmark_v1,7533.75
2014-10-01,Canada,Paseo,Enterprise,,GROSS_PROFIT,ACTUAL_WITH_EVENTS,USD,controlled_event_benchmark_v1,2511.25
2014-10-01,Canada,Paseo,Enterprise,,GROSS_SALES,ACTUAL_WITH_EVENTS,USD,controlled_event_benchmark_v1,251125.0
2014-10-01,Canada,Paseo,Enterprise,,REVENUE,ACTUAL_WITH_EVENTS,USD,controlled_event_benchmark_v1,243591.25
2014-10-01,Canada,Paseo,Government,,COGS,ACTUAL_WITH_EVENTS,USD,controlled_event_benchmark_v1,12490.0
2014-10-01,Canada,Paseo,Government,,DISCOUNT,ACTUAL_WITH_EVENTS,USD,controlled_event_benchmark_v1,3247.4
2014-10-01,Canada,Paseo,Government,,GROSS_PROFIT,ACTUAL_WITH_EVENTS,USD,controlled_event_benchmark_v1,9242.599999999999
2014-10-01,Canada,Paseo,Government,,GROSS_SALES,ACTUAL_WITH_EVENTS,USD,controlled_event_benchmark_v1,24980.0
2014-10-01,Canada,Paseo,Government,,REVENUE,ACTUAL_WITH_EVENTS,USD,controlled_event_benchmark_v1,21732.6
2014-10-01,Canada,Paseo,Midmarket,,COGS,ACTUAL_WITH_EVENTS,USD,controlled_event_benchmark_v1,15650.0
2014-10-01,Canada,Paseo,Midmarket,,DISCOUNT,ACTUAL_WITH_EVENTS,USD,controlled_event_benchmark_v1,3051.75
2014-10-01,Canada,Paseo,Midmarket,,GROSS_PROFIT,ACTUAL_WITH_EVENTS,USD,controlled_event_benchmark_v1,4773.25
2014-10-01,Canada,Paseo,Midmarket,,GROSS_SALES,ACTUAL_WITH_EVENTS,USD,controlled_event_benchmark_v1,23475.0
2014-10-01,Canada,Paseo,Midmarket,,REVENUE,ACTUAL_WITH_EVENTS,USD,controlled_event_benchmark_v1,20423.25
2014-10-01,Canada,VTT,Midmarket,,COGS,ACTUAL_WITH_EVENTS,USD,controlled_event_benchmark_v1,15650.0
2014-10-01,Canada,VTT,Midmarket,,DISCOUNT,ACTUAL_WITH_EVENTS,USD,controlled_event_benchmark_v1,3051.75
2014-10-01,Canada,VTT,Midmarket,,GROSS_PROFIT,ACTUAL_WITH_EVENTS,USD,controlled_event_benchmark_v1,4773.25
2014-10-01,Canada,VTT,Midmarket,,GROSS_SALES,ACTUAL_WITH_EVENTS,USD,controlled_event_benchmark_v1,23475.0
2014-10-01,Canada,VTT,Midmarket,,REVENUE,ACTUAL_WITH_EVENTS,USD,controlled_event_benchmark_v1,20423.25
2014-10-01,Canada,VTT,Small Business,,COGS,ACTUAL_WITH_EVENTS,USD,controlled_event_benchmark_v1,374000.0
2014-10-01,Canada,VTT,Small Business,,DISCOUNT,ACTUAL_WITH_EVENTS,USD,controlled_event_benchmark_v1,62832.00000000001
2014-10-01,Canada,VTT,Small Business,,GROSS_PROFIT,ACTUAL_WITH_EVENTS,USD,controlled_event_benchmark_v1,11968.0
2014-10-01,Canada,VTT,Small Business,,GROSS_SALES,ACTUAL_WITH_EVENTS,USD,controlled_event_benchmark_v1,448800.0
2014-10-01,Canada,VTT,Small Business,,REVENUE,ACTUAL_WITH_EVENTS,USD,controlled_event_benchmark_v1,385968.0
2014-10-01,Canada,Velo,Enterprise,,COGS,ACTUAL_WITH_EVENTS,USD,controlled_event_benchmark_v1,241080.0
2014-10-01,Canada,Velo,Enterprise,,DISCOUNT,ACTUAL_WITH_EVENTS,USD,controlled_event_benchmark_v1,7533.75
2014-10-01,Canada,Velo,Enterprise,,GROSS_PROFIT,ACTUAL_WITH_EVENTS,USD,controlled_event_benchmark_v1,2511.25
2014-10-01,Canada,Velo,Enterprise,,GROSS_SALES,ACTUAL_WITH_EVENTS,USD,controlled_event_benchmark_v1,251125.0
2014-10-01,Canada,Velo,Enterprise,,REVENUE,ACTUAL_WITH_EVENTS,USD,controlled_event_benchmark_v1,243591.25
2014-10-01,Canada,Velo,Government,,COGS,ACTUAL_WITH_EVENTS,USD,controlled_event_benchmark_v1,329940.0
2014-10-01,Canada,Velo,Government,,DISCOUNT,ACTUAL_WITH_EVENTS,USD,controlled_event_benchmark_v1,39973.5
2014-10-01,Canada,Velo,Government,,GROSS_PROFIT,ACTUAL_WITH_EVENTS,USD,controlled_event_benchmark_v1,74236.5
2014-10-01,Canada,Velo,Government,,GROSS_SALES,ACTUAL_WITH_EVENTS,USD,controlled_event_benchmark_v1,444150.0
2014-10-01,Canada,Velo,Government,,REVENUE,ACTUAL_WITH_EVENTS,USD,controlled_event_benchmark_v1,404176.5
2014-10-01,Canada,,,Finance & G&A,OPEX_GNA,ACTUAL_WITH_EVENTS,USD,controlled_event_opex_v1,71666.5661412692
2014-10-01,Canada,,,Marketing,OPEX_MARKETING,ACTUAL_WITH_EVENTS,USD,controlled_event_opex_v1,115263.87281875536
2014-10-01,Canada,,,Operations,OPEX_OPERATIONS,ACTUAL_WITH_EVENTS,USD,controlled_event_opex_v1,75055.18062877108
2014-10-01,Canada,,,R&D,OPEX_RND,ACTUAL_WITH_EVENTS,USD,controlled_event_opex_v1,82069.68706057026
2014-10-01,Canada,,,Sales,OPEX_SALES,ACTUAL_WITH_EVENTS,USD,controlled_event_opex_v1,106523.59796348572
2014-10-01,Canada,,,,EBITDA,ACTUAL_WITH_EVENTS,USD,derived_controlled_event_v1,-216084.42461285155
2014-10-01,Canada,,,,OPEX_TOTAL,ACTUAL_WITH_EVENTS,USD,controlled_event_opex_v1,450578.9046128516
2014-10-01,France,Amarilla,Channel Partners,,COGS,ACTUAL_WITH_EVENTS,USD,controlled_event_benchmark_v1,4179.0
2014-10-01,France,Amarilla,Channel Partners,,DISCOUNT,ACTUAL_WITH_EVENTS,USD,controlled_event_benchmark_v1,2340.2399999999984
2014-10-01,France,Amarilla,Channel Partners,,GROSS_PROFIT,ACTUAL_WITH_EVENTS,USD,controlled_event_benchmark_v1,10196.760000000002
2014-10-01,France,Amarilla,Channel Partners,,GROSS_SALES,ACTUAL_WITH_EVENTS,USD,controlled_event_benchmark_v1,16716.0
2014-10-01,France,Amarilla,Channel Partners,,REVENUE,ACTUAL_WITH_EVENTS,USD,controlled_event_benchmark_v1,14375.760000000002
2014-10-01,France,Amarilla,Government,,COGS,ACTUAL_WITH_EVENTS,USD,controlled_event_benchmark_v1,8655.0
2014-10-01,France,Amarilla,Government,,DISCOUNT,ACTUAL_WITH_EVENTS,USD,controlled_event_benchmark_v1,1696.38
2014-10-01,France,Amarilla,Government,,GROSS_PROFIT,ACTUAL_WITH_EVENTS,USD,controlled_event_benchmark_v1,1765.619999999999
2014-10-01,France,Amarilla,Government,,GROSS_SALES,ACTUAL_WITH_EVENTS,USD,controlled_event_benchmark_v1,12117.0
2014-10-01,France,Amarilla,Government,,REVENUE,ACTUAL_WITH_EVENTS,USD,controlled_event_benchmark_v1,10420.619999999999
2014-10-01,France,Carretera,Enterprise,,COGS,ACTUAL_WITH_EVENTS,USD,controlled_event_benchmark_v1,292920.0
2014-10-01,France,Carretera,Enterprise,,DISCOUNT,ACTUAL_WITH_EVENTS,USD,controlled_event_benchmark_v1,33563.75
2014-10-01,France,Carretera,Enterprise,,GROSS_PROFIT,ACTUAL_WITH_EVENTS,USD,controlled_event_benchmark_v1,-21358.75
2014-10-01,France,Carretera,Enterprise,,GROSS_SALES,ACTUAL_WITH_EVENTS,USD,controlled_event_benchmark_v1,305125.0
2014-10-01,France,Carretera,Enterprise,,REVENUE,ACTUAL_WITH_EVENTS,USD,controlled_event_benchmark_v1,271561.25
2014-10-01,France,Carretera,Small Business,,COGS,ACTUAL_WITH_EVENTS,USD,controlled_event_benchmark_v1,545250.0
2014-10-01,France,Carretera,Small Business,,DISCOUNT,ACTUAL_WITH_EVENTS,USD,controlled_event_benchmark_v1,45801.00000000001
2014-10-01,France,Carretera,Small Business,,GROSS_PROFIT,ACTUAL_WITH_EVENTS,USD,controlled_event_benchmark_v1,63249.0
2014-10-01,France,Carretera,Small Business,,GROSS_SALES,ACTUAL_WITH_EVENTS,USD,controlled_event_benchmark_v1,654300.0
2014-10-01,France,Carretera,Small Business,,REVENUE,ACTUAL_WITH_EVENTS,USD,controlled_event_benchmark_v1,608499.0
2014-10-01,France,Montana,Government,,COGS,ACTUAL_WITH_EVENTS,USD,controlled_event_benchmark_v1,19760.0
2014-10-01,France,Montana,Government,,DISCOUNT,ACTUAL_WITH_EVENTS,USD,controlled_event_benchmark_v1,2766.4
2014-10-01,France,Montana,Government,,GROSS_PROFIT,ACTUAL_WITH_EVENTS,USD,controlled_event_benchmark_v1,16993.6
2014-10-01,France,Montana,Government,,GROSS_SALES,ACTUAL_WITH_EVENTS,USD,controlled_event_benchmark_v1,39520.0
2014-10-01,France,Montana,Government,,REVENUE,ACTUAL_WITH_EVENTS,USD,controlled_event_benchmark_v1,36753.6
2014-10-01,France,Montana,Small Business,,COGS,ACTUAL_WITH_EVENTS,USD,controlled_event_benchmark_v1,545250.0
2014-10-01,France,Montana,Small Business,,DISCOUNT,ACTUAL_WITH_EVENTS,USD,controlled_event_benchmark_v1,45801.00000000001
2014-10-01,France,Montana,Small Business,,GROSS_PROFIT,ACTUAL_WITH_EVENTS,USD,controlled_event_benchmark_v1,63249.0
2014-10-01,France,Montana,Small Business,,GROSS_SALES,ACTUAL_WITH_EVENTS,USD,controlled_event_benchmark_v1,654300.0
2014-10-01,France,Montana,Small Business,,REVENUE,ACTUAL_WITH_EVENTS,USD,controlled_event_benchmark_v1,608499.0
2014-10-01,France,Paseo,Channel Partners,,COGS,ACTUAL_WITH_EVENTS,USD,controlled_event_benchmark_v1,4179.0
2014-10-01,France,Paseo,Channel Partners,,DISCOUNT,ACTUAL_WITH_EVENTS,USD,controlled_event_benchmark_v1,2340.2399999999984
2014-10-01,France,Paseo,Channel Partners,,GROSS_PROFIT,ACTUAL_WITH_EVENTS,USD,controlled_event_benchmark_v1,10196.760000000002
2014-10-01,France,Paseo,Channel Partners,,GROSS_SALES,ACTUAL_WITH_EVENTS,USD,controlled_event_benchmark_v1,16716.0
2014-10-01,France,Paseo,Channel Partners,,REVENUE,ACTUAL_WITH_EVENTS,USD,controlled_event_benchmark_v1,14375.760000000002
2014-10-01,France,Paseo,Enterprise,,COGS,ACTUAL_WITH_EVENTS,USD,controlled_event_benchmark_v1,292920.0
2014-10-01,France,Paseo,Enterprise,,DISCOUNT,ACTUAL_WITH_EVENTS,USD,controlled_event_benchmark_v1,33563.75
2014-10-01,France,Paseo,Enterprise,,GROSS_PROFIT,ACTUAL_WITH_EVENTS,USD,controlled_event_benchmark_v1,-21358.75
2014-10-01,France,Paseo,Enterprise,,GROSS_SALES,ACTUAL_WITH_EVENTS,USD,controlled_event_benchmark_v1,305125.0
2014-10-01,France,Paseo,Enterprise,,REVENUE,ACTUAL_WITH_EVENTS,USD,controlled_event_benchmark_v1,271561.25
2014-10-01,France,Paseo,Government,,COGS,ACTUAL_WITH_EVENTS,USD,controlled_event_benchmark_v1,8655.0
2014-10-01,France,Paseo,Government,,DISCOUNT,ACTUAL_WITH_EVENTS,USD,controlled_event_benchmark_v1,1696.38
2014-10-01,France,Paseo,Government,,GROSS_PROFIT,ACTUAL_WITH_EVENTS,USD,controlled_event_benchmark_v1,1765.619999999999
2014-10-01,France,Paseo,Government,,GROSS_SALES,ACTUAL_WITH_EVENTS,USD,controlled_event_benchmark_v1,12117.0
2014-10-01,France,Paseo,Government,,REVENUE,ACTUAL_WITH_EVENTS,USD,controlled_event_benchmark_v1,10420.619999999999
2014-10-01,France,Paseo,Midmarket,,COGS,ACTUAL_WITH_EVENTS,USD,controlled_event_benchmark_v1,12270.0
2014-10-01,France,Paseo,Midmarket,,DISCOUNT,ACTUAL_WITH_EVENTS,USD,controlled_event_benchmark_v1,1656.45
2014-10-01,France,Paseo,Midmarket,,GROSS_PROFIT,ACTUAL_WITH_EVENTS,USD,controlled_event_benchmark_v1,4478.549999999999
2014-10-01,France,Paseo,Midmarket,,GROSS_SALES,ACTUAL_WITH_EVENTS,USD,controlled_event_benchmark_v1,18405.0
2014-10-01,France,Paseo,Midmarket,,REVENUE,ACTUAL_WITH_EVENTS,USD,controlled_event_benchmark_v1,16748.55
2014-10-01,France,VTT,Government,,COGS,ACTUAL_WITH_EVENTS,USD,controlled_event_benchmark_v1,566020.0
2014-10-01,France,VTT,Government,,DISCOUNT,ACTUAL_WITH_EVENTS,USD,controlled_event_benchmark_v1,30478.0
2014-10-01,France,VTT,Government,,GROSS_PROFIT,ACTUAL_WITH_EVENTS,USD,controlled_event_benchmark_v1,165452.0
2014-10-01,France,VTT,Government,,GROSS_SALES,ACTUAL_WITH_EVENTS,USD,controlled_event_benchmark_v1,761950.0
2014-10-01,France,VTT,Government,,REVENUE,ACTUAL_WITH_EVENTS,USD,controlled_event_benchmark_v1,731472.0
2014-10-01,France,VTT,Midmarket,,COGS,ACTUAL_WITH_EVENTS,USD,controlled_event_benchmark_v1,12270.0
2014-10-01,France,VTT,Midmarket,,DISCOUNT,ACTUAL_WITH_EVENTS,USD,controlled_event_benchmark_v1,1656.45
2014-10-01,France,VTT,Midmarket,,GROSS_PROFIT,ACTUAL_WITH_EVENTS,USD,controlled_event_benchmark_v1,4478.549999999999
2014-10-01,France,VTT,Midmarket,,GROSS_SALES,ACTUAL_WITH_EVENTS,USD,controlled_event_benchmark_v1,18405.0
2014-10-01,France,VTT,Midmarket,,REVENUE,ACTUAL_WITH_EVENTS,USD,controlled_event_benchmark_v1,16748.55
2014-10-01,France,Velo,Government,,COGS,ACTUAL_WITH_EVENTS,USD,controlled_event_benchmark_v1,585780.0
2014-10-01,France,Velo,Government,,DISCOUNT,ACTUAL_WITH_EVENTS,USD,controlled_event_benchmark_v1,33244.39999999993
2014-10-01,France,Velo,Government,,GROSS_PROFIT,ACTUAL_WITH_EVENTS,USD,controlled_event_benchmark_v1,182445.59999999998
2014-10-01,France,Velo,Government,,GROSS_SALES,ACTUAL_WITH_EVENTS,USD,controlled_event_benchmark_v1,801469.9999999999
2014-10-01,France,Velo,Government,,REVENUE,ACTUAL_WITH_EVENTS,USD,controlled_event_benchmark_v1,768225.6
2014-10-01,France,,,Finance & G&A,OPEX_GNA,ACTUAL_WITH_EVENTS,USD,controlled_event_opex_v1,113122.60942706556
2014-10-01,France,,,Marketing,OPEX_MARKETING,ACTUAL_WITH_EVENTS,USD,controlled_event_opex_v1,211722.99652949395
2014-10-01,France,,,Operations,OPEX_OPERATIONS,ACTUAL_WITH_EVENTS,USD,controlled_event_opex_v1,116857.87037715127
2014-10-01,France,,,R&D,OPEX_RND,ACTUAL_WITH_EVENTS,USD,controlled_event_opex_v1,123970.13855436863
2014-10-01,France,,,Sales,OPEX_SALES,ACTUAL_WITH_EVENTS,USD,controlled_event_opex_v1,165619.56552656755
2014-10-01,France,,,,EBITDA,ACTUAL_WITH_EVENTS,USD,derived_controlled_event_v1,-249739.62041464704
2014-10-01,France,,,,OPEX_TOTAL,ACTUAL_WITH_EVENTS,USD,controlled_event_opex_v1,731293.180414647
2014-10-01,Germany,Amarilla,Channel Partners,,COGS,ACTUAL_WITH_EVENTS,USD,controlled_event_benchmark_v1,1416.0
2014-10-01,Germany,Amarilla,Channel Partners,,DISCOUNT,ACTUAL_WITH_EVENTS,USD,controlled_event_benchmark_v1,623.0399999999995
2014-10-01,Germany,Amarilla,Channel Partners,,GROSS_PROFIT,ACTUAL_WITH_EVENTS,USD,controlled_event_benchmark_v1,3624.960000000001
2014-10-01,Germany,Amarilla,Channel Partners,,GROSS_SALES,ACTUAL_WITH_EVENTS,USD,controlled_event_benchmark_v1,5664.0
2014-10-01,Germany,Amarilla,Channel Partners,,REVENUE,ACTUAL_WITH_EVENTS,USD,controlled_event_benchmark_v1,5040.960000000001
2014-10-01,Germany,Carretera,Enterprise,,COGS,ACTUAL_WITH_EVENTS,USD,controlled_event_benchmark_v1,130200.0
2014-10-01,Germany,Carretera,Enterprise,,DISCOUNT,ACTUAL_WITH_EVENTS,USD,controlled_event_benchmark_v1,20343.75
2014-10-01,Germany,Carretera,Enterprise,,GROSS_PROFIT,ACTUAL_WITH_EVENTS,USD,controlled_event_benchmark_v1,-14918.75
2014-10-01,Germany,Carretera,Enterprise,,GROSS_SALES,ACTUAL_WITH_EVENTS,USD,controlled_event_benchmark_v1,135625.0
2014-10-01,Germany,Carretera,Enterprise,,REVENUE,ACTUAL_WITH_EVENTS,USD,controlled_event_benchmark_v1,115281.25
2014-10-01,Germany,Carretera,Small Business,,COGS,ACTUAL_WITH_EVENTS,USD,controlled_event_benchmark_v1,505250.0
2014-10-01,Germany,Carretera,Small Business,,DISCOUNT,ACTUAL_WITH_EVENTS,USD,controlled_event_benchmark_v1,24252.0
2014-10-01,Germany,Carretera,Small Business,,GROSS_PROFIT,ACTUAL_WITH_EVENTS,USD,controlled_event_benchmark_v1,76798.0
2014-10-01,Germany,Carretera,Small Business,,GROSS_SALES,ACTUAL_WITH_EVENTS,USD,controlled_event_benchmark_v1,606300.0
2014-10-01,Germany,Carretera,Small Business,,REVENUE,ACTUAL_WITH_EVENTS,USD,controlled_event_benchmark_v1,582048.0
2014-10-01,Germany,Montana,Small Business,,COGS,ACTUAL_WITH_EVENTS,USD,controlled_event_benchmark_v1,505250.0
2014-10-01,Germany,Montana,Small Business,,DISCOUNT,ACTUAL_WITH_EVENTS,USD,controlled_event_benchmark_v1,24252.0
2014-10-01,Germany,Montana,Small Business,,GROSS_PROFIT,ACTUAL_WITH_EVENTS,USD,controlled_event_benchmark_v1,76798.0
2014-10-01,Germany,Montana,Small Business,,GROSS_SALES,ACTUAL_WITH_EVENTS,USD,controlled_event_benchmark_v1,606300.0
2014-10-01,Germany,Montana,Small Business,,REVENUE,ACTUAL_WITH_EVENTS,USD,controlled_event_benchmark_v1,582048.0
2014-10-01,Germany,Paseo,Enterprise,,COGS,ACTUAL_WITH_EVENTS,USD,controlled_event_benchmark_v1,130200.0
2014-10-01,Germany,Paseo,Enterprise,,DISCOUNT,ACTUAL_WITH_EVENTS,USD,controlled_event_benchmark_v1,20343.75
2014-10-01,Germany,Paseo,Enterprise,,GROSS_PROFIT,ACTUAL_WITH_EVENTS,USD,controlled_event_benchmark_v1,-14918.75
2014-10-01,Germany,Paseo,Enterprise,,GROSS_SALES,ACTUAL_WITH_EVENTS,USD,controlled_event_benchmark_v1,135625.0
2014-10-01,Germany,Paseo,Enterprise,,REVENUE,ACTUAL_WITH_EVENTS,USD,controlled_event_benchmark_v1,115281.25
2014-10-01,Germany,Paseo,Government,,COGS,ACTUAL_WITH_EVENTS,USD,controlled_event_benchmark_v1,4210.0
2014-10-01,Germany,Paseo,Government,,DISCOUNT,ACTUAL_WITH_EVENTS,USD,controlled_event_benchmark_v1,708.7999999999998
2014-10-01,Germany,Paseo,Government,,GROSS_PROFIT,ACTUAL_WITH_EVENTS,USD,controlled_event_benchmark_v1,2421.2
2014-10-01,Germany,Paseo,Government,,GROSS_SALES,ACTUAL_WITH_EVENTS,USD,controlled_event_benchmark_v1,7340.0
2014-10-01,Germany,Paseo,Government,,REVENUE,ACTUAL_WITH_EVENTS,USD,controlled_event_benchmark_v1,6631.2
2014-10-01,Germany,Paseo,Midmarket,,COGS,ACTUAL_WITH_EVENTS,USD,controlled_event_benchmark_v1,11750.0
2014-10-01,Germany,Paseo,Midmarket,,DISCOUNT,ACTUAL_WITH_EVENTS,USD,controlled_event_benchmark_v1,2643.75
2014-10-01,Germany,Paseo,Midmarket,,GROSS_PROFIT,ACTUAL_WITH_EVENTS,USD,controlled_event_benchmark_v1,3231.25
2014-10-01,Germany,Paseo,Midmarket,,GROSS_SALES,ACTUAL_WITH_EVENTS,USD,controlled_event_benchmark_v1,17625.0
2014-10-01,Germany,Paseo,Midmarket,,REVENUE,ACTUAL_WITH_EVENTS,USD,controlled_event_benchmark_v1,14981.25
2014-10-01,Germany,VTT,Government,,COGS,ACTUAL_WITH_EVENTS,USD,controlled_event_benchmark_v1,809805.6000000001
2014-10-01,Germany,VTT,Government,,DISCOUNT,ACTUAL_WITH_EVENTS,USD,controlled_event_benchmark_v1,20365.799999999985
2014-10-01,Germany,VTT,Government,,GROSS_PROFIT,ACTUAL_WITH_EVENTS,USD,controlled_event_benchmark_v1,179298.59999999998
2014-10-01,Germany,VTT,Government,,GROSS_SALES,ACTUAL_WITH_EVENTS,USD,controlled_event_benchmark_v1,1009470.0
2014-10-01,Germany,VTT,Government,,REVENUE,ACTUAL_WITH_EVENTS,USD,controlled_event_benchmark_v1,989104.2000000001
2014-10-01,Germany,VTT,Midmarket,,COGS,ACTUAL_WITH_EVENTS,USD,controlled_event_benchmark_v1,12690.0
2014-10-01,Germany,VTT,Midmarket,,DISCOUNT,ACTUAL_WITH_EVENTS,USD,controlled_event_benchmark_v1,2643.75
2014-10-01,Germany,VTT,Midmarket,,GROSS_PROFIT,ACTUAL_WITH_EVENTS,USD,controlled_event_benchmark_v1,2291.25
2014-10-01,Germany,VTT,Midmarket,,GROSS_SALES,ACTUAL_WITH_EVENTS,USD,controlled_event_benchmark_v1,17625.0
2014-10-01,Germany,VTT,Midmarket,,REVENUE,ACTUAL_WITH_EVENTS,USD,controlled_event_benchmark_v1,14981.25
2014-10-01,Germany,Velo,Channel Partners,,COGS,ACTUAL_WITH_EVENTS,USD,controlled_event_benchmark_v1,1416.0
2014-10-01,Germany,Velo,Channel Partners,,DISCOUNT,ACTUAL_WITH_EVENTS,USD,controlled_event_benchmark_v1,623.0399999999995
2014-10-01,Germany,Velo,Channel Partners,,GROSS_PROFIT,ACTUAL_WITH_EVENTS,USD,controlled_event_benchmark_v1,3624.960000000001
2014-10-01,Germany,Velo,Channel Partners,,GROSS_SALES,ACTUAL_WITH_EVENTS,USD,controlled_event_benchmark_v1,5664.0
2014-10-01,Germany,Velo,Channel Partners,,REVENUE,ACTUAL_WITH_EVENTS,USD,controlled_event_benchmark_v1,5040.960000000001
2014-10-01,Germany,Velo,Government,,COGS,ACTUAL_WITH_EVENTS,USD,controlled_event_benchmark_v1,750430.0
2014-10-01,Germany,Velo,Government,,DISCOUNT,ACTUAL_WITH_EVENTS,USD,controlled_event_benchmark_v1,20620.99999999999
2014-10-01,Germany,Velo,Government,,GROSS_PROFIT,ACTUAL_WITH_EVENTS,USD,controlled_event_benchmark_v1,240719.00000000012
2014-10-01,Germany,Velo,Government,,GROSS_SALES,ACTUAL_WITH_EVENTS,USD,controlled_event_benchmark_v1,1011770.0000000001
2014-10-01,Germany,Velo,Government,,REVENUE,ACTUAL_WITH_EVENTS,USD,controlled_event_benchmark_v1,991149.0000000001
2014-10-01,Germany,,,Finance & G&A,OPEX_GNA,ACTUAL_WITH_EVENTS,USD,controlled_event_opex_v1,117069.90575200767
2014-10-01,Germany,,,Marketing,OPEX_MARKETING,ACTUAL_WITH_EVENTS,USD,controlled_event_opex_v1,189145.75887797357
2014-10-01,Germany,,,Operations,OPEX_OPERATIONS,ACTUAL_WITH_EVENTS,USD,controlled_event_opex_v1,124599.27228892162
2014-10-01,Germany,,,R&D,OPEX_RND,ACTUAL_WITH_EVENTS,USD,controlled_event_opex_v1,131831.45110736683
2014-10-01,Germany,,,Sales,OPEX_SALES,ACTUAL_WITH_EVENTS,USD,controlled_event_opex_v1,176160.90236937336
2014-10-01,Germany,,,,EBITDA,ACTUAL_WITH_EVENTS,USD,derived_controlled_event_v1,-179837.570395643
2014-10-01,Germany,,,,OPEX_TOTAL,ACTUAL_WITH_EVENTS,USD,controlled_event_opex_v1,738807.2903956431
2014-10-01,Mexico,Amarilla,Channel Partners,,COGS,ACTUAL_WITH_EVENTS,USD,controlled_event_benchmark_v1,1230.0
2014-10-01,Mexico,Amarilla,Channel Partners,,DISCOUNT,ACTUAL_WITH_EVENTS,USD,controlled_event_benchmark_v1,639.6
2014-10-01,Mexico,Amarilla,Channel Partners,,GROSS_PROFIT,ACTUAL_WITH_EVENTS,USD,controlled_event_benchmark_v1,3050.3999999999996
2014-10-01,Mexico,Amarilla,Channel Partners,,GROSS_SALES,ACTUAL_WITH_EVENTS,USD,controlled_event_benchmark_v1,4920.0
2014-10-01,Mexico,Amarilla,Channel Partners,,REVENUE,ACTUAL_WITH_EVENTS,USD,controlled_event_benchmark_v1,4280.4
2014-10-01,Mexico,Amarilla,Small Business,,COGS,ACTUAL_WITH_EVENTS,USD,controlled_event_benchmark_v1,136500.0
2014-10-01,Mexico,Amarilla,Small Business,,DISCOUNT,ACTUAL_WITH_EVENTS,USD,controlled_event_benchmark_v1,24570.0
2014-10-01,Mexico,Amarilla,Small Business,,GROSS_PROFIT,ACTUAL_WITH_EVENTS,USD,controlled_event_benchmark_v1,2730.0
2014-10-01,Mexico,Amarilla,Small Business,,GROSS_SALES,ACTUAL_WITH_EVENTS,USD,controlled_event_benchmark_v1,163800.0
2014-10-01,Mexico,Amarilla,Small Business,,REVENUE,ACTUAL_WITH_EVENTS,USD,controlled_event_benchmark_v1,139230.0
2014-10-01,Mexico,Carretera,Enterprise,,COGS,ACTUAL_WITH_EVENTS,USD,controlled_event_benchmark_v1,258720.0
2014-10-01,Mexico,Carretera,Enterprise,,DISCOUNT,ACTUAL_WITH_EVENTS,USD,controlled_event_benchmark_v1,32340.0
2014-10-01,Mexico,Carretera,Enterprise,,GROSS_PROFIT,ACTUAL_WITH_EVENTS,USD,controlled_event_benchmark_v1,-21560.0
2014-10-01,Mexico,Carretera,Enterprise,,GROSS_SALES,ACTUAL_WITH_EVENTS,USD,controlled_event_benchmark_v1,269500.0
2014-10-01,Mexico,Carretera,Enterprise,,REVENUE,ACTUAL_WITH_EVENTS,USD,controlled_event_benchmark_v1,237160.0
2014-10-01,Mexico,Carretera,Government,,COGS,ACTUAL_WITH_EVENTS,USD,controlled_event_benchmark_v1,363220.0
2014-10-01,Mexico,Carretera,Government,,DISCOUNT,ACTUAL_WITH_EVENTS,USD,controlled_event_benchmark_v1,4889.5
2014-10-01,Mexico,Carretera,Government,,GROSS_PROFIT,ACTUAL_WITH_EVENTS,USD,controlled_event_benchmark_v1,120840.5
2014-10-01,Mexico,Carretera,Government,,GROSS_SALES,ACTUAL_WITH_EVENTS,USD,controlled_event_benchmark_v1,488950.0
2014-10-01,Mexico,Carretera,Government,,REVENUE,ACTUAL_WITH_EVENTS,USD,controlled_event_benchmark_v1,484060.5
2014-10-01,Mexico,Montana,Midmarket,,COGS,ACTUAL_WITH_EVENTS,USD,controlled_event_benchmark_v1,20310.0
2014-10-01,Mexico,Montana,Midmarket,,DISCOUNT,ACTUAL_WITH_EVENTS,USD,controlled_event_benchmark_v1,1218.599999999997
2014-10-01,Mexico,Montana,Midmarket,,GROSS_PROFIT,ACTUAL_WITH_EVENTS,USD,controlled_event_benchmark_v1,8936.400000000001
2014-10-01,Mexico,Montana,Midmarket,,GROSS_SALES,ACTUAL_WITH_EVENTS,USD,controlled_event_benchmark_v1,30465.0
2014-10-01,Mexico,Montana,Midmarket,,REVENUE,ACTUAL_WITH_EVENTS,USD,controlled_event_benchmark_v1,29246.4
2014-10-01,Mexico,Montana,Small Business,,COGS,ACTUAL_WITH_EVENTS,USD,controlled_event_benchmark_v1,136500.0
2014-10-01,Mexico,Montana,Small Business,,DISCOUNT,ACTUAL_WITH_EVENTS,USD,controlled_event_benchmark_v1,24570.0
2014-10-01,Mexico,Montana,Small Business,,GROSS_PROFIT,ACTUAL_WITH_EVENTS,USD,controlled_event_benchmark_v1,2730.0
2014-10-01,Mexico,Montana,Small Business,,GROSS_SALES,ACTUAL_WITH_EVENTS,USD,controlled_event_benchmark_v1,163800.0
2014-10-01,Mexico,Montana,Small Business,,REVENUE,ACTUAL_WITH_EVENTS,USD,controlled_event_benchmark_v1,139230.0
2014-10-01,Mexico,Paseo,Enterprise,,COGS,ACTUAL_WITH_EVENTS,USD,controlled_event_benchmark_v1,258720.0
2014-10-01,Mexico,Paseo,Enterprise,,DISCOUNT,ACTUAL_WITH_EVENTS,USD,controlled_event_benchmark_v1,32340.0
2014-10-01,Mexico,Paseo,Enterprise,,GROSS_PROFIT,ACTUAL_WITH_EVENTS,USD,controlled_event_benchmark_v1,-21560.0
2014-10-01,Mexico,Paseo,Enterprise,,GROSS_SALES,ACTUAL_WITH_EVENTS,USD,controlled_event_benchmark_v1,269500.0
2014-10-01,Mexico,Paseo,Enterprise,,REVENUE,ACTUAL_WITH_EVENTS,USD,controlled_event_benchmark_v1,237160.0
2014-10-01,Mexico,Paseo,Government,,COGS,ACTUAL_WITH_EVENTS,USD,controlled_event_benchmark_v1,22495.0
2014-10-01,Mexico,Paseo,Government,,DISCOUNT,ACTUAL_WITH_EVENTS,USD,controlled_event_benchmark_v1,3113.1499999999983
2014-10-01,Mexico,Paseo,Government,,GROSS_PROFIT,ACTUAL_WITH_EVENTS,USD,controlled_event_benchmark_v1,11314.849999999999
2014-10-01,Mexico,Paseo,Government,,GROSS_SALES,ACTUAL_WITH_EVENTS,USD,controlled_event_benchmark_v1,36923.0
2014-10-01,Mexico,Paseo,Government,,REVENUE,ACTUAL_WITH_EVENTS,USD,controlled_event_benchmark_v1,33809.85
2014-10-01,Mexico,Paseo,Midmarket,,COGS,ACTUAL_WITH_EVENTS,USD,controlled_event_benchmark_v1,20310.0
2014-10-01,Mexico,Paseo,Midmarket,,DISCOUNT,ACTUAL_WITH_EVENTS,USD,controlled_event_benchmark_v1,1218.599999999997
2014-10-01,Mexico,Paseo,Midmarket,,GROSS_PROFIT,ACTUAL_WITH_EVENTS,USD,controlled_event_benchmark_v1,8936.400000000001
2014-10-01,Mexico,Paseo,Midmarket,,GROSS_SALES,ACTUAL_WITH_EVENTS,USD,controlled_event_benchmark_v1,30465.0
2014-10-01,Mexico,Paseo,Midmarket,,REVENUE,ACTUAL_WITH_EVENTS,USD,controlled_event_benchmark_v1,29246.4
2014-10-01,Mexico,VTT,Government,,COGS,ACTUAL_WITH_EVENTS,USD,controlled_event_benchmark_v1,376665.0
2014-10-01,Mexico,VTT,Government,,DISCOUNT,ACTUAL_WITH_EVENTS,USD,controlled_event_benchmark_v1,5830.64999999997
2014-10-01,Mexico,VTT,Government,,GROSS_PROFIT,ACTUAL_WITH_EVENTS,USD,controlled_event_benchmark_v1,125277.35000000003
2014-10-01,Mexico,VTT,Government,,GROSS_SALES,ACTUAL_WITH_EVENTS,USD,controlled_event_benchmark_v1,507773.0
2014-10-01,Mexico,VTT,Government,,REVENUE,ACTUAL_WITH_EVENTS,USD,controlled_event_benchmark_v1,501942.35000000003
2014-10-01,Mexico,Velo,Channel Partners,,COGS,ACTUAL_WITH_EVENTS,USD,controlled_event_benchmark_v1,1230.0
2014-10-01,Mexico,Velo,Channel Partners,,DISCOUNT,ACTUAL_WITH_EVENTS,USD,controlled_event_benchmark_v1,639.6
2014-10-01,Mexico,Velo,Channel Partners,,GROSS_PROFIT,ACTUAL_WITH_EVENTS,USD,controlled_event_benchmark_v1,3050.3999999999996
2014-10-01,Mexico,Velo,Channel Partners,,GROSS_SALES,ACTUAL_WITH_EVENTS,USD,controlled_event_benchmark_v1,4920.0
2014-10-01,Mexico,Velo,Channel Partners,,REVENUE,ACTUAL_WITH_EVENTS,USD,controlled_event_benchmark_v1,4280.4
2014-10-01,Mexico,Velo,Government,,COGS,ACTUAL_WITH_EVENTS,USD,controlled_event_benchmark_v1,9050.0
2014-10-01,Mexico,Velo,Government,,DISCOUNT,ACTUAL_WITH_EVENTS,USD,controlled_event_benchmark_v1,2172.0
2014-10-01,Mexico,Velo,Government,,GROSS_PROFIT,ACTUAL_WITH_EVENTS,USD,controlled_event_benchmark_v1,6878.0
2014-10-01,Mexico,Velo,Government,,GROSS_SALES,ACTUAL_WITH_EVENTS,USD,controlled_event_benchmark_v1,18100.0
2014-10-01,Mexico,Velo,Government,,REVENUE,ACTUAL_WITH_EVENTS,USD,controlled_event_benchmark_v1,15928.0
2014-10-01,Mexico,,,Finance & G&A,OPEX_GNA,ACTUAL_WITH_EVENTS,USD,controlled_event_opex_v1,56461.36825445374
2014-10-01,Mexico,,,Marketing,OPEX_MARKETING,ACTUAL_WITH_EVENTS,USD,controlled_event_opex_v1,87545.69540002174
2014-10-01,Mexico,,,Operations,OPEX_OPERATIONS,ACTUAL_WITH_EVENTS,USD,controlled_event_opex_v1,57748.173146684225
2014-10-01,Mexico,,,R&D,OPEX_RND,ACTUAL_WITH_EVENTS,USD,controlled_event_opex_v1,62431.34612706693
2014-10-01,Mexico,,,Sales,OPEX_SALES,ACTUAL_WITH_EVENTS,USD,controlled_event_opex_v1,79087.71437606298
2014-10-01,Mexico,,,,EBITDA,ACTUAL_WITH_EVENTS,USD,derived_controlled_event_v1,-92649.99730428957
2014-10-01,Mexico,,,,OPEX_TOTAL,ACTUAL_WITH_EVENTS,USD,controlled_event_opex_v1,343274.2973042896
2014-10-01,United States of America,Amarilla,Channel Partners,,COGS,ACTUAL_WITH_EVENTS,USD,controlled_event_benchmark_v1,8742.0
2014-10-01,United States of America,Amarilla,Channel Partners,,DISCOUNT,ACTUAL_WITH_EVENTS,USD,controlled_event_benchmark_v1,4895.52
2014-10-01,United States of America,Amarilla,Channel Partners,,GROSS_PROFIT,ACTUAL_WITH_EVENTS,USD,controlled_event_benchmark_v1,21330.48
2014-10-01,United States of America,Amarilla,Channel Partners,,GROSS_SALES,ACTUAL_WITH_EVENTS,USD,controlled_event_benchmark_v1,34968.0
2014-10-01,United States of America,Amarilla,Channel Partners,,REVENUE,ACTUAL_WITH_EVENTS,USD,controlled_event_benchmark_v1,30072.48
2014-10-01,United States of America,Amarilla,Government,,COGS,ACTUAL_WITH_EVENTS,USD,controlled_event_benchmark_v1,5715.0
2014-10-01,United States of America,Amarilla,Government,,DISCOUNT,ACTUAL_WITH_EVENTS,USD,controlled_event_benchmark_v1,0.0
2014-10-01,United States of America,Amarilla,Government,,GROSS_PROFIT,ACTUAL_WITH_EVENTS,USD,controlled_event_benchmark_v1,2286.0
2014-10-01,United States of America,Amarilla,Government,,GROSS_SALES,ACTUAL_WITH_EVENTS,USD,controlled_event_benchmark_v1,8001.0
2014-10-01,United States of America,Amarilla,Government,,REVENUE,ACTUAL_WITH_EVENTS,USD,controlled_event_benchmark_v1,8001.0
2014-10-01,United States of America,Carretera,Small Business,,COGS,ACTUAL_WITH_EVENTS,USD,controlled_event_benchmark_v1,252500.0
2014-10-01,United States of America,Carretera,Small Business,,DISCOUNT,ACTUAL_WITH_EVENTS,USD,controlled_event_benchmark_v1,42420.00000000001
2014-10-01,United States of America,Carretera,Small Business,,GROSS_PROFIT,ACTUAL_WITH_EVENTS,USD,controlled_event_benchmark_v1,8080.0
2014-10-01,United States of America,Carretera,Small Business,,GROSS_SALES,ACTUAL_WITH_EVENTS,USD,controlled_event_benchmark_v1,303000.0
2014-10-01,United States of America,Carretera,Small Business,,REVENUE,ACTUAL_WITH_EVENTS,USD,controlled_event_benchmark_v1,260580.0
2014-10-01,United States of America,Montana,Government,,COGS,ACTUAL_WITH_EVENTS,USD,controlled_event_benchmark_v1,15660.0
2014-10-01,United States of America,Montana,Government,,DISCOUNT,ACTUAL_WITH_EVENTS,USD,controlled_event_benchmark_v1,626.4
2014-10-01,United States of America,Montana,Government,,GROSS_PROFIT,ACTUAL_WITH_EVENTS,USD,controlled_event_benchmark_v1,15033.599999999999
2014-10-01,United States of America,Montana,Government,,GROSS_SALES,ACTUAL_WITH_EVENTS,USD,controlled_event_benchmark_v1,31320.0
2014-10-01,United States of America,Montana,Government,,REVENUE,ACTUAL_WITH_EVENTS,USD,controlled_event_benchmark_v1,30693.6
2014-10-01,United States of America,Paseo,Channel Partners,,COGS,ACTUAL_WITH_EVENTS,USD,controlled_event_benchmark_v1,8742.0
2014-10-01,United States of America,Paseo,Channel Partners,,DISCOUNT,ACTUAL_WITH_EVENTS,USD,controlled_event_benchmark_v1,4895.52
2014-10-01,United States of America,Paseo,Channel Partners,,GROSS_PROFIT,ACTUAL_WITH_EVENTS,USD,controlled_event_benchmark_v1,21330.48
2014-10-01,United States of America,Paseo,Channel Partners,,GROSS_SALES,ACTUAL_WITH_EVENTS,USD,controlled_event_benchmark_v1,34968.0
2014-10-01,United States of America,Paseo,Channel Partners,,REVENUE,ACTUAL_WITH_EVENTS,USD,controlled_event_benchmark_v1,30072.48
2014-10-01,United States of America,Paseo,Enterprise,,COGS,ACTUAL_WITH_EVENTS,USD,controlled_event_benchmark_v1,103320.0
2014-10-01,United States of America,Paseo,Enterprise,,DISCOUNT,ACTUAL_WITH_EVENTS,USD,controlled_event_benchmark_v1,5381.25
2014-10-01,United States of America,Paseo,Enterprise,,GROSS_PROFIT,ACTUAL_WITH_EVENTS,USD,controlled_event_benchmark_v1,-1076.25
2014-10-01,United States of America,Paseo,Enterprise,,GROSS_SALES,ACTUAL_WITH_EVENTS,USD,controlled_event_benchmark_v1,107625.0
2014-10-01,United States of America,Paseo,Enterprise,,REVENUE,ACTUAL_WITH_EVENTS,USD,controlled_event_benchmark_v1,102243.75
2014-10-01,United States of America,Paseo,Government,,COGS,ACTUAL_WITH_EVENTS,USD,controlled_event_benchmark_v1,5715.0
2014-10-01,United States of America,Paseo,Government,,DISCOUNT,ACTUAL_WITH_EVENTS,USD,controlled_event_benchmark_v1,0.0
2014-10-01,United States of America,Paseo,Government,,GROSS_PROFIT,ACTUAL_WITH_EVENTS,USD,controlled_event_benchmark_v1,2286.0
2014-10-01,United States of America,Paseo,Government,,GROSS_SALES,ACTUAL_WITH_EVENTS,USD,controlled_event_benchmark_v1,8001.0
2014-10-01,United States of America,Paseo,Government,,REVENUE,ACTUAL_WITH_EVENTS,USD,controlled_event_benchmark_v1,8001.0
2014-10-01,United States of America,Paseo,Midmarket,,COGS,ACTUAL_WITH_EVENTS,USD,controlled_event_benchmark_v1,11530.0
2014-10-01,United States of America,Paseo,Midmarket,,DISCOUNT,ACTUAL_WITH_EVENTS,USD,controlled_event_benchmark_v1,1037.7
2014-10-01,United States of America,Paseo,Midmarket,,GROSS_PROFIT,ACTUAL_WITH_EVENTS,USD,controlled_event_benchmark_v1,4727.299999999999
2014-10-01,United States of America,Paseo,Midmarket,,GROSS_SALES,ACTUAL_WITH_EVENTS,USD,controlled_event_benchmark_v1,17295.0
2014-10-01,United States of America,Paseo,Midmarket,,REVENUE,ACTUAL_WITH_EVENTS,USD,controlled_event_benchmark_v1,16257.3
2014-10-01,United States of America,VTT,Government,,COGS,ACTUAL_WITH_EVENTS,USD,controlled_event_benchmark_v1,256360.0
2014-10-01,United States of America,VTT,Government,,DISCOUNT,ACTUAL_WITH_EVENTS,USD,controlled_event_benchmark_v1,41412.0
2014-10-01,United States of America,VTT,Government,,GROSS_PROFIT,ACTUAL_WITH_EVENTS,USD,controlled_event_benchmark_v1,47328.0
2014-10-01,United States of America,VTT,Government,,GROSS_SALES,ACTUAL_WITH_EVENTS,USD,controlled_event_benchmark_v1,345100.0
2014-10-01,United States of America,VTT,Government,,REVENUE,ACTUAL_WITH_EVENTS,USD,controlled_event_benchmark_v1,303688.0
2014-10-01,United States of America,VTT,Midmarket,,COGS,ACTUAL_WITH_EVENTS,USD,controlled_event_benchmark_v1,11530.0
2014-10-01,United States of America,VTT,Midmarket,,DISCOUNT,ACTUAL_WITH_EVENTS,USD,controlled_event_benchmark_v1,1037.7
2014-10-01,United States of America,VTT,Midmarket,,GROSS_PROFIT,ACTUAL_WITH_EVENTS,USD,controlled_event_benchmark_v1,4727.299999999999
2014-10-01,United States of America,VTT,Midmarket,,GROSS_SALES,ACTUAL_WITH_EVENTS,USD,controlled_event_benchmark_v1,17295.0
2014-10-01,United States of America,VTT,Midmarket,,REVENUE,ACTUAL_WITH_EVENTS,USD,controlled_event_benchmark_v1,16257.3
2014-10-01,United States of America,VTT,Small Business,,COGS,ACTUAL_WITH_EVENTS,USD,controlled_event_benchmark_v1,252500.0
2014-10-01,United States of America,VTT,Small Business,,DISCOUNT,ACTUAL_WITH_EVENTS,USD,controlled_event_benchmark_v1,42420.00000000001
2014-10-01,United States of America,VTT,Small Business,,GROSS_PROFIT,ACTUAL_WITH_EVENTS,USD,controlled_event_benchmark_v1,8080.0
2014-10-01,United States of America,VTT,Small Business,,GROSS_SALES,ACTUAL_WITH_EVENTS,USD,controlled_event_benchmark_v1,303000.0
2014-10-01,United States of America,VTT,Small Business,,REVENUE,ACTUAL_WITH_EVENTS,USD,controlled_event_benchmark_v1,260580.0
2014-10-01,United States of America,Velo,Enterprise,,COGS,ACTUAL_WITH_EVENTS,USD,controlled_event_benchmark_v1,103320.0
2014-10-01,United States of America,Velo,Enterprise,,DISCOUNT,ACTUAL_WITH_EVENTS,USD,controlled_event_benchmark_v1,5381.25
2014-10-01,United States of America,Velo,Enterprise,,GROSS_PROFIT,ACTUAL_WITH_EVENTS,USD,controlled_event_benchmark_v1,-1076.25
2014-10-01,United States of America,Velo,Enterprise,,GROSS_SALES,ACTUAL_WITH_EVENTS,USD,controlled_event_benchmark_v1,107625.0
2014-10-01,United States of America,Velo,Enterprise,,REVENUE,ACTUAL_WITH_EVENTS,USD,controlled_event_benchmark_v1,102243.75
2014-10-01,United States of America,Velo,Government,,COGS,ACTUAL_WITH_EVENTS,USD,controlled_event_benchmark_v1,272020.0
2014-10-01,United States of America,Velo,Government,,DISCOUNT,ACTUAL_WITH_EVENTS,USD,controlled_event_benchmark_v1,42038.399999999994
2014-10-01,United States of America,Velo,Government,,GROSS_PROFIT,ACTUAL_WITH_EVENTS,USD,controlled_event_benchmark_v1,62361.59999999998
2014-10-01,United States of America,Velo,Government,,GROSS_SALES,ACTUAL_WITH_EVENTS,USD,controlled_event_benchmark_v1,376420.0
2014-10-01,United States of America,Velo,Government,,REVENUE,ACTUAL_WITH_EVENTS,USD,controlled_event_benchmark_v1,334381.6
2014-10-01,United States of America,,,Finance & G&A,OPEX_GNA,ACTUAL_WITH_EVENTS,USD,controlled_event_opex_v1,54636.26810249771
2014-10-01,United States of America,,,Marketing,OPEX_MARKETING,ACTUAL_WITH_EVENTS,USD,controlled_event_opex_v1,85800.92706634941
2014-10-01,United States of America,,,Operations,OPEX_OPERATIONS,ACTUAL_WITH_EVENTS,USD,controlled_event_opex_v1,55643.05857119477
2014-10-01,United States of America,,,R&D,OPEX_RND,ACTUAL_WITH_EVENTS,USD,controlled_event_opex_v1,58893.34417685115
2014-10-01,United States of America,,,Sales,OPEX_SALES,ACTUAL_WITH_EVENTS,USD,controlled_event_opex_v1,76793.16339162595
2014-10-01,United States of America,,,,EBITDA,ACTUAL_WITH_EVENTS,USD,derived_controlled_event_v1,-136348.50130851901
2014-10-01,United States of America,,,,OPEX_TOTAL,ACTUAL_WITH_EVENTS,USD,controlled_event_opex_v1,331766.761308519
2014-11-01,Canada,Amarilla,Government,,COGS,ACTUAL_WITH_EVENTS,USD,controlled_event_benchmark_v1,11180.0
2014-11-01,Canada,Amarilla,Government,,DISCOUNT,ACTUAL_WITH_EVENTS,USD,controlled_event_benchmark_v1,1565.2
2014-11-01,Canada,Amarilla,Government,,GROSS_PROFIT,ACTUAL_WITH_EVENTS,USD,controlled_event_benchmark_v1,9614.8
2014-11-01,Canada,Amarilla,Government,,GROSS_SALES,ACTUAL_WITH_EVENTS,USD,controlled_event_benchmark_v1,22360.0
2014-11-01,Canada,Amarilla,Government,,REVENUE,ACTUAL_WITH_EVENTS,USD,controlled_event_benchmark_v1,20794.8
2014-11-01,Canada,Carretera,Midmarket,,COGS,ACTUAL_WITH_EVENTS,USD,controlled_event_benchmark_v1,26890.0
2014-11-01,Canada,Carretera,Midmarket,,DISCOUNT,ACTUAL_WITH_EVENTS,USD,controlled_event_benchmark_v1,4840.2
2014-11-01,Canada,Carretera,Midmarket,,GROSS_PROFIT,ACTUAL_WITH_EVENTS,USD,controlled_event_benchmark_v1,8604.800000000003
2014-11-01,Canada,Carretera,Midmarket,,GROSS_SALES,ACTUAL_WITH_EVENTS,USD,controlled_event_benchmark_v1,40335.0
2014-11-01,Canada,Carretera,Midmarket,,REVENUE,ACTUAL_WITH_EVENTS,USD,controlled_event_benchmark_v1,35494.8
2014-11-01,Canada,Montana,Channel Partners,,COGS,ACTUAL_WITH_EVENTS,USD,controlled_event_benchmark_v1,6963.0
2014-11-01,Canada,Montana,Channel Partners,,DISCOUNT,ACTUAL_WITH_EVENTS,USD,controlled_event_benchmark_v1,2506.68
2014-11-01,Canada,Montana,Channel Partners,,GROSS_PROFIT,ACTUAL_WITH_EVENTS,USD,controlled_event_benchmark_v1,18382.32
2014-11-01,Canada,Montana,Channel Partners,,GROSS_SALES,ACTUAL_WITH_EVENTS,USD,controlled_event_benchmark_v1,27852.0
2014-11-01,Canada,Montana,Channel Partners,,REVENUE,ACTUAL_WITH_EVENTS,USD,controlled_event_benchmark_v1,25345.32
2014-11-01,Canada,Paseo,Government,,COGS,ACTUAL_WITH_EVENTS,USD,controlled_event_benchmark_v1,182000.0
2014-11-01,Canada,Paseo,Government,,DISCOUNT,ACTUAL_WITH_EVENTS,USD,controlled_event_benchmark_v1,34300.0
2014-11-01,Canada,Paseo,Government,,GROSS_PROFIT,ACTUAL_WITH_EVENTS,USD,controlled_event_benchmark_v1,28700.0
2014-11-01,Canada,Paseo,Government,,GROSS_SALES,ACTUAL_WITH_EVENTS,USD,controlled_event_benchmark_v1,245000.0
2014-11-01,Canada,Paseo,Government,,REVENUE,ACTUAL_WITH_EVENTS,USD,controlled_event_benchmark_v1,210700.0
2014-11-01,Canada,Paseo,Small Business,,COGS,ACTUAL_WITH_EVENTS,USD,controlled_event_benchmark_v1,341500.0
2014-11-01,Canada,Paseo,Small Business,,DISCOUNT,ACTUAL_WITH_EVENTS,USD,controlled_event_benchmark_v1,45078.0
2014-11-01,Canada,Paseo,Small Business,,GROSS_PROFIT,ACTUAL_WITH_EVENTS,USD,controlled_event_benchmark_v1,23222.0
2014-11-01,Canada,Paseo,Small Business,,GROSS_SALES,ACTUAL_WITH_EVENTS,USD,controlled_event_benchmark_v1,409800.0
2014-11-01,Canada,Paseo,Small Business,,REVENUE,ACTUAL_WITH_EVENTS,USD,controlled_event_benchmark_v1,364722.0
2014-11-01,Canada,VTT,Enterprise,,COGS,ACTUAL_WITH_EVENTS,USD,controlled_event_benchmark_v1,303480.0
2014-11-01,Canada,VTT,Enterprise,,DISCOUNT,ACTUAL_WITH_EVENTS,USD,controlled_event_benchmark_v1,31612.5
2014-11-01,Canada,VTT,Enterprise,,GROSS_PROFIT,ACTUAL_WITH_EVENTS,USD,controlled_event_benchmark_v1,-18967.5
2014-11-01,Canada,VTT,Enterprise,,GROSS_SALES,ACTUAL_WITH_EVENTS,USD,controlled_event_benchmark_v1,316125.0
2014-11-01,Canada,VTT,Enterprise,,REVENUE,ACTUAL_WITH_EVENTS,USD,controlled_event_benchmark_v1,284512.5
2014-11-01,Canada,Velo,Government,,COGS,ACTUAL_WITH_EVENTS,USD,controlled_event_benchmark_v1,9040.0
2014-11-01,Canada,Velo,Government,,DISCOUNT,ACTUAL_WITH_EVENTS,USD,controlled_event_benchmark_v1,1392.16
2014-11-01,Canada,Velo,Government,,GROSS_PROFIT,ACTUAL_WITH_EVENTS,USD,controlled_event_benchmark_v1,2223.84
2014-11-01,Canada,Velo,Government,,GROSS_SALES,ACTUAL_WITH_EVENTS,USD,controlled_event_benchmark_v1,12656.0
2014-11-01,Canada,Velo,Government,,REVENUE,ACTUAL_WITH_EVENTS,USD,controlled_event_benchmark_v1,11263.84
2014-11-01,Canada,,,Finance & G&A,OPEX_GNA,ACTUAL_WITH_EVENTS,USD,controlled_event_opex_v1,53623.37694964283
2014-11-01,Canada,,,Marketing,OPEX_MARKETING,ACTUAL_WITH_EVENTS,USD,controlled_event_opex_v1,70636.90445666129
2014-11-01,Canada,,,Operations,OPEX_OPERATIONS,ACTUAL_WITH_EVENTS,USD,controlled_event_opex_v1,48489.552055232496
2014-11-01,Canada,,,R&D,OPEX_RND,ACTUAL_WITH_EVENTS,USD,controlled_event_opex_v1,68386.76472576265
2014-11-01,Canada,,,Sales,OPEX_SALES,ACTUAL_WITH_EVENTS,USD,controlled_event_opex_v1,72477.14200168033
2014-11-01,Canada,,,,EBITDA,ACTUAL_WITH_EVENTS,USD,derived_controlled_event_v1,-241833.4801889796
2014-11-01,Canada,,,,OPEX_TOTAL,ACTUAL_WITH_EVENTS,USD,controlled_event_opex_v1,313613.7401889796
2014-11-01,France,Amarilla,Government,,COGS,ACTUAL_WITH_EVENTS,USD,controlled_event_benchmark_v1,9410.0
2014-11-01,France,Amarilla,Government,,DISCOUNT,ACTUAL_WITH_EVENTS,USD,controlled_event_benchmark_v1,376.40000000000003
2014-11-01,France,Amarilla,Government,,GROSS_PROFIT,ACTUAL_WITH_EVENTS,USD,controlled_event_benchmark_v1,9033.599999999999
2014-11-01,France,Amarilla,Government,,GROSS_SALES,ACTUAL_WITH_EVENTS,USD,controlled_event_benchmark_v1,18820.0
2014-11-01,France,Amarilla,Government,,REVENUE,ACTUAL_WITH_EVENTS,USD,controlled_event_benchmark_v1,18443.6
2014-11-01,France,Carretera,Midmarket,,COGS,ACTUAL_WITH_EVENTS,USD,controlled_event_benchmark_v1,4900.0
2014-11-01,France,Carretera,Midmarket,,DISCOUNT,ACTUAL_WITH_EVENTS,USD,controlled_event_benchmark_v1,588.0
2014-11-01,France,Carretera,Midmarket,,GROSS_PROFIT,ACTUAL_WITH_EVENTS,USD,controlled_event_benchmark_v1,1862.0
2014-11-01,France,Carretera,Midmarket,,GROSS_SALES,ACTUAL_WITH_EVENTS,USD,controlled_event_benchmark_v1,7350.0
2014-11-01,France,Carretera,Midmarket,,REVENUE,ACTUAL_WITH_EVENTS,USD,controlled_event_benchmark_v1,6762.0
2014-11-01,France,Montana,Channel Partners,,COGS,ACTUAL_WITH_EVENTS,USD,controlled_event_benchmark_v1,7026.0
2014-11-01,France,Montana,Channel Partners,,DISCOUNT,ACTUAL_WITH_EVENTS,USD,controlled_event_benchmark_v1,1967.279999999997
2014-11-01,France,Montana,Channel Partners,,GROSS_PROFIT,ACTUAL_WITH_EVENTS,USD,controlled_event_benchmark_v1,19110.72
2014-11-01,France,Montana,Channel Partners,,GROSS_SALES,ACTUAL_WITH_EVENTS,USD,controlled_event_benchmark_v1,28104.0
2014-11-01,France,Montana,Channel Partners,,REVENUE,ACTUAL_WITH_EVENTS,USD,controlled_event_benchmark_v1,26136.72
2014-11-01,France,Paseo,Government,,COGS,ACTUAL_WITH_EVENTS,USD,controlled_event_benchmark_v1,414440.0
2014-11-01,France,Paseo,Government,,DISCOUNT,ACTUAL_WITH_EVENTS,USD,controlled_event_benchmark_v1,66948.0
2014-11-01,France,Paseo,Government,,GROSS_PROFIT,ACTUAL_WITH_EVENTS,USD,controlled_event_benchmark_v1,76512.0
2014-11-01,France,Paseo,Government,,GROSS_SALES,ACTUAL_WITH_EVENTS,USD,controlled_event_benchmark_v1,557900.0
2014-11-01,France,Paseo,Government,,REVENUE,ACTUAL_WITH_EVENTS,USD,controlled_event_benchmark_v1,490952.0
2014-11-01,France,Paseo,Small Business,,COGS,ACTUAL_WITH_EVENTS,USD,controlled_event_benchmark_v1,331000.0
2014-11-01,France,Paseo,Small Business,,DISCOUNT,ACTUAL_WITH_EVENTS,USD,controlled_event_benchmark_v1,35748.0
2014-11-01,France,Paseo,Small Business,,GROSS_PROFIT,ACTUAL_WITH_EVENTS,USD,controlled_event_benchmark_v1,30452.0
2014-11-01,France,Paseo,Small Business,,GROSS_SALES,ACTUAL_WITH_EVENTS,USD,controlled_event_benchmark_v1,397200.0
2014-11-01,France,Paseo,Small Business,,REVENUE,ACTUAL_WITH_EVENTS,USD,controlled_event_benchmark_v1,361452.0
2014-11-01,France,VTT,Enterprise,,COGS,ACTUAL_WITH_EVENTS,USD,controlled_event_benchmark_v1,209280.0
2014-11-01,France,VTT,Enterprise,,DISCOUNT,ACTUAL_WITH_EVENTS,USD,controlled_event_benchmark_v1,2180.0
2014-11-01,France,VTT,Enterprise,,GROSS_PROFIT,ACTUAL_WITH_EVENTS,USD,controlled_event_benchmark_v1,6540.0
2014-11-01,France,VTT,Enterprise,,GROSS_SALES,ACTUAL_WITH_EVENTS,USD,controlled_event_benchmark_v1,218000.0
2014-11-01,France,VTT,Enterprise,,REVENUE,ACTUAL_WITH_EVENTS,USD,controlled_event_benchmark_v1,215820.0
2014-11-01,France,Velo,Government,,COGS,ACTUAL_WITH_EVENTS,USD,controlled_event_benchmark_v1,3195.0
2014-11-01,France,Velo,Government,,DISCOUNT,ACTUAL_WITH_EVENTS,USD,controlled_event_benchmark_v1,44.72999999999955
2014-11-01,France,Velo,Government,,GROSS_PROFIT,ACTUAL_WITH_EVENTS,USD,controlled_event_benchmark_v1,1233.2700000000004
2014-11-01,France,Velo,Government,,GROSS_SALES,ACTUAL_WITH_EVENTS,USD,controlled_event_benchmark_v1,4473.0
2014-11-01,France,Velo,Government,,REVENUE,ACTUAL_WITH_EVENTS,USD,controlled_event_benchmark_v1,4428.27
2014-11-01,France,,,Finance & G&A,OPEX_GNA,ACTUAL_WITH_EVENTS,USD,controlled_event_opex_v1,65097.7096732768
2014-11-01,France,,,Marketing,OPEX_MARKETING,ACTUAL_WITH_EVENTS,USD,controlled_event_opex_v1,98965.46847248764
2014-11-01,France,,,Operations,OPEX_OPERATIONS,ACTUAL_WITH_EVENTS,USD,controlled_event_opex_v1,61296.77900125627
2014-11-01,France,,,R&D,OPEX_RND,ACTUAL_WITH_EVENTS,USD,controlled_event_opex_v1,82240.2820390105
2014-11-01,France,,,Sales,OPEX_SALES,ACTUAL_WITH_EVENTS,USD,controlled_event_opex_v1,89945.32128190069
2014-11-01,France,,,,EBITDA,ACTUAL_WITH_EVENTS,USD,derived_controlled_event_v1,-252801.9704679319
2014-11-01,France,,,,OPEX_TOTAL,ACTUAL_WITH_EVENTS,USD,controlled_event_opex_v1,397545.5604679319
2014-11-01,Germany,Amarilla,Government,,COGS,ACTUAL_WITH_EVENTS,USD,controlled_event_benchmark_v1,15200.0
2014-11-01,Germany,Amarilla,Government,,DISCOUNT,ACTUAL_WITH_EVENTS,USD,controlled_event_benchmark_v1,2432.0
2014-11-01,Germany,Amarilla,Government,,GROSS_PROFIT,ACTUAL_WITH_EVENTS,USD,controlled_event_benchmark_v1,12768.0
2014-11-01,Germany,Amarilla,Government,,GROSS_SALES,ACTUAL_WITH_EVENTS,USD,controlled_event_benchmark_v1,30400.0
2014-11-01,Germany,Amarilla,Government,,REVENUE,ACTUAL_WITH_EVENTS,USD,controlled_event_benchmark_v1,27968.0
2014-11-01,Germany,Carretera,Midmarket,,COGS,ACTUAL_WITH_EVENTS,USD,controlled_event_benchmark_v1,15130.0
2014-11-01,Germany,Carretera,Midmarket,,DISCOUNT,ACTUAL_WITH_EVENTS,USD,controlled_event_benchmark_v1,3177.3
2014-11-01,Germany,Carretera,Midmarket,,GROSS_PROFIT,ACTUAL_WITH_EVENTS,USD,controlled_event_benchmark_v1,4387.700000000001
2014-11-01,Germany,Carretera,Midmarket,,GROSS_SALES,ACTUAL_WITH_EVENTS,USD,controlled_event_benchmark_v1,22695.0
2014-11-01,Germany,Carretera,Midmarket,,REVENUE,ACTUAL_WITH_EVENTS,USD,controlled_event_benchmark_v1,19517.7
2014-11-01,Germany,Montana,Channel Partners,,COGS,ACTUAL_WITH_EVENTS,USD,controlled_event_benchmark_v1,7026.0
2014-11-01,Germany,Montana,Channel Partners,,DISCOUNT,ACTUAL_WITH_EVENTS,USD,controlled_event_benchmark_v1,1405.2
2014-11-01,Germany,Montana,Channel Partners,,GROSS_PROFIT,ACTUAL_WITH_EVENTS,USD,controlled_event_benchmark_v1,19672.8
2014-11-01,Germany,Montana,Channel Partners,,GROSS_SALES,ACTUAL_WITH_EVENTS,USD,controlled_event_benchmark_v1,28104.0
2014-11-01,Germany,Montana,Channel Partners,,REVENUE,ACTUAL_WITH_EVENTS,USD,controlled_event_benchmark_v1,26698.8
2014-11-01,Germany,Paseo,Government,,COGS,ACTUAL_WITH_EVENTS,USD,controlled_event_benchmark_v1,92820.0
2014-11-01,Germany,Paseo,Government,,DISCOUNT,ACTUAL_WITH_EVENTS,USD,controlled_event_benchmark_v1,16243.5
2014-11-01,Germany,Paseo,Government,,GROSS_PROFIT,ACTUAL_WITH_EVENTS,USD,controlled_event_benchmark_v1,15886.5
2014-11-01,Germany,Paseo,Government,,GROSS_SALES,ACTUAL_WITH_EVENTS,USD,controlled_event_benchmark_v1,124950.0
2014-11-01,Germany,Paseo,Government,,REVENUE,ACTUAL_WITH_EVENTS,USD,controlled_event_benchmark_v1,108706.5
2014-11-01,Germany,Paseo,Small Business,,COGS,ACTUAL_WITH_EVENTS,USD,controlled_event_benchmark_v1,339750.0
2014-11-01,Germany,Paseo,Small Business,,DISCOUNT,ACTUAL_WITH_EVENTS,USD,controlled_event_benchmark_v1,48924.0
2014-11-01,Germany,Paseo,Small Business,,GROSS_PROFIT,ACTUAL_WITH_EVENTS,USD,controlled_event_benchmark_v1,19026.0
2014-11-01,Germany,Paseo,Small Business,,GROSS_SALES,ACTUAL_WITH_EVENTS,USD,controlled_event_benchmark_v1,407700.0
2014-11-01,Germany,Paseo,Small Business,,REVENUE,ACTUAL_WITH_EVENTS,USD,controlled_event_benchmark_v1,358776.0
2014-11-01,Germany,VTT,Enterprise,,COGS,ACTUAL_WITH_EVENTS,USD,controlled_event_benchmark_v1,71539.20000000001
2014-11-01,Germany,VTT,Enterprise,,DISCOUNT,ACTUAL_WITH_EVENTS,USD,controlled_event_benchmark_v1,10350.0
2014-11-01,Germany,VTT,Enterprise,,GROSS_PROFIT,ACTUAL_WITH_EVENTS,USD,controlled_event_benchmark_v1,-12889.200000000012
2014-11-01,Germany,VTT,Enterprise,,GROSS_SALES,ACTUAL_WITH_EVENTS,USD,controlled_event_benchmark_v1,69000.0
2014-11-01,Germany,VTT,Enterprise,,REVENUE,ACTUAL_WITH_EVENTS,USD,controlled_event_benchmark_v1,58650.0
2014-11-01,Germany,Velo,Government,,COGS,ACTUAL_WITH_EVENTS,USD,controlled_event_benchmark_v1,13325.0
2014-11-01,Germany,Velo,Government,,DISCOUNT,ACTUAL_WITH_EVENTS,USD,controlled_event_benchmark_v1,1865.5
2014-11-01,Germany,Velo,Government,,GROSS_PROFIT,ACTUAL_WITH_EVENTS,USD,controlled_event_benchmark_v1,3464.5
2014-11-01,Germany,Velo,Government,,GROSS_SALES,ACTUAL_WITH_EVENTS,USD,controlled_event_benchmark_v1,18655.0
2014-11-01,Germany,Velo,Government,,REVENUE,ACTUAL_WITH_EVENTS,USD,controlled_event_benchmark_v1,16789.5
2014-11-01,Germany,,,Finance & G&A,OPEX_GNA,ACTUAL_WITH_EVENTS,USD,controlled_event_opex_v1,36853.54967364083
2014-11-01,Germany,,,Marketing,OPEX_MARKETING,ACTUAL_WITH_EVENTS,USD,controlled_event_opex_v1,49106.86646536516
2014-11-01,Germany,,,Operations,OPEX_OPERATIONS,ACTUAL_WITH_EVENTS,USD,controlled_event_opex_v1,33989.08768762904
2014-11-01,Germany,,,R&D,OPEX_RND,ACTUAL_WITH_EVENTS,USD,controlled_event_opex_v1,46205.65119860861
2014-11-01,Germany,,,Sales,OPEX_SALES,ACTUAL_WITH_EVENTS,USD,controlled_event_opex_v1,50721.02594541383
2014-11-01,Germany,,,,EBITDA,ACTUAL_WITH_EVENTS,USD,derived_controlled_event_v1,-154559.88097065748
2014-11-01,Germany,,,,OPEX_TOTAL,ACTUAL_WITH_EVENTS,USD,controlled_event_opex_v1,216876.18097065747
2014-11-01,Mexico,Amarilla,Government,,COGS,ACTUAL_WITH_EVENTS,USD,controlled_event_benchmark_v1,16940.0
2014-11-01,Mexico,Amarilla,Government,,DISCOUNT,ACTUAL_WITH_EVENTS,USD,controlled_event_benchmark_v1,3049.2
2014-11-01,Mexico,Amarilla,Government,,GROSS_PROFIT,ACTUAL_WITH_EVENTS,USD,controlled_event_benchmark_v1,13890.8
2014-11-01,Mexico,Amarilla,Government,,GROSS_SALES,ACTUAL_WITH_EVENTS,USD,controlled_event_benchmark_v1,33880.0
2014-11-01,Mexico,Amarilla,Government,,REVENUE,ACTUAL_WITH_EVENTS,USD,controlled_event_benchmark_v1,30830.8
2014-11-01,Mexico,Carretera,Midmarket,,COGS,ACTUAL_WITH_EVENTS,USD,controlled_event_benchmark_v1,27910.0
2014-11-01,Mexico,Carretera,Midmarket,,DISCOUNT,ACTUAL_WITH_EVENTS,USD,controlled_event_benchmark_v1,2093.25
2014-11-01,Mexico,Carretera,Midmarket,,GROSS_PROFIT,ACTUAL_WITH_EVENTS,USD,controlled_event_benchmark_v1,11861.75
2014-11-01,Mexico,Carretera,Midmarket,,GROSS_SALES,ACTUAL_WITH_EVENTS,USD,controlled_event_benchmark_v1,41865.0
2014-11-01,Mexico,Carretera,Midmarket,,REVENUE,ACTUAL_WITH_EVENTS,USD,controlled_event_benchmark_v1,39771.75
2014-11-01,Mexico,Montana,Channel Partners,,COGS,ACTUAL_WITH_EVENTS,USD,controlled_event_benchmark_v1,2070.0
2014-11-01,Mexico,Montana,Channel Partners,,DISCOUNT,ACTUAL_WITH_EVENTS,USD,controlled_event_benchmark_v1,165.6
2014-11-01,Mexico,Montana,Channel Partners,,GROSS_PROFIT,ACTUAL_WITH_EVENTS,USD,controlled_event_benchmark_v1,6044.4
2014-11-01,Mexico,Montana,Channel Partners,,GROSS_SALES,ACTUAL_WITH_EVENTS,USD,controlled_event_benchmark_v1,8280.0
2014-11-01,Mexico,Montana,Channel Partners,,REVENUE,ACTUAL_WITH_EVENTS,USD,controlled_event_benchmark_v1,8114.4
2014-11-01,Mexico,Paseo,Government,,COGS,ACTUAL_WITH_EVENTS,USD,controlled_event_benchmark_v1,311220.0
2014-11-01,Mexico,Paseo,Government,,DISCOUNT,ACTUAL_WITH_EVENTS,USD,controlled_event_benchmark_v1,50274.0
2014-11-01,Mexico,Paseo,Government,,GROSS_PROFIT,ACTUAL_WITH_EVENTS,USD,controlled_event_benchmark_v1,57456.0
2014-11-01,Mexico,Paseo,Government,,GROSS_SALES,ACTUAL_WITH_EVENTS,USD,controlled_event_benchmark_v1,418950.0
2014-11-01,Mexico,Paseo,Government,,REVENUE,ACTUAL_WITH_EVENTS,USD,controlled_event_benchmark_v1,368676.0
2014-11-01,Mexico,Paseo,Small Business,,COGS,ACTUAL_WITH_EVENTS,USD,controlled_event_benchmark_v1,537500.0
2014-11-01,Mexico,Paseo,Small Business,,DISCOUNT,ACTUAL_WITH_EVENTS,USD,controlled_event_benchmark_v1,77400.0
2014-11-01,Mexico,Paseo,Small Business,,GROSS_PROFIT,ACTUAL_WITH_EVENTS,USD,controlled_event_benchmark_v1,30100.0
2014-11-01,Mexico,Paseo,Small Business,,GROSS_SALES,ACTUAL_WITH_EVENTS,USD,controlled_event_benchmark_v1,645000.0
2014-11-01,Mexico,Paseo,Small Business,,REVENUE,ACTUAL_WITH_EVENTS,USD,controlled_event_benchmark_v1,567600.0
2014-11-01,Mexico,VTT,Enterprise,,COGS,ACTUAL_WITH_EVENTS,USD,controlled_event_benchmark_v1,105240.0
2014-11-01,Mexico,VTT,Enterprise,,DISCOUNT,ACTUAL_WITH_EVENTS,USD,controlled_event_benchmark_v1,9866.25
2014-11-01,Mexico,VTT,Enterprise,,GROSS_PROFIT,ACTUAL_WITH_EVENTS,USD,controlled_event_benchmark_v1,-5481.25
2014-11-01,Mexico,VTT,Enterprise,,GROSS_SALES,ACTUAL_WITH_EVENTS,USD,controlled_event_benchmark_v1,109625.0
2014-11-01,Mexico,VTT,Enterprise,,REVENUE,ACTUAL_WITH_EVENTS,USD,controlled_event_benchmark_v1,99758.75
2014-11-01,Mexico,Velo,Government,,COGS,ACTUAL_WITH_EVENTS,USD,controlled_event_benchmark_v1,6665.0
2014-11-01,Mexico,Velo,Government,,DISCOUNT,ACTUAL_WITH_EVENTS,USD,controlled_event_benchmark_v1,559.86
2014-11-01,Mexico,Velo,Government,,GROSS_PROFIT,ACTUAL_WITH_EVENTS,USD,controlled_event_benchmark_v1,2106.1399999999994
2014-11-01,Mexico,Velo,Government,,GROSS_SALES,ACTUAL_WITH_EVENTS,USD,controlled_event_benchmark_v1,9331.0
2014-11-01,Mexico,Velo,Government,,REVENUE,ACTUAL_WITH_EVENTS,USD,controlled_event_benchmark_v1,8771.14
2014-11-01,Mexico,,,Finance & G&A,OPEX_GNA,ACTUAL_WITH_EVENTS,USD,controlled_event_opex_v1,58423.54281724722
2014-11-01,Mexico,,,Marketing,OPEX_MARKETING,ACTUAL_WITH_EVENTS,USD,controlled_event_opex_v1,78618.9292322114
2014-11-01,Mexico,,,Operations,OPEX_OPERATIONS,ACTUAL_WITH_EVENTS,USD,controlled_event_opex_v1,54553.40408826933
2014-11-01,Mexico,,,R&D,OPEX_RND,ACTUAL_WITH_EVENTS,USD,controlled_event_opex_v1,72862.78859405474
2014-11-01,Mexico,,,Sales,OPEX_SALES,ACTUAL_WITH_EVENTS,USD,controlled_event_opex_v1,79845.35670014027
2014-11-01,Mexico,,,,EBITDA,ACTUAL_WITH_EVENTS,USD,derived_controlled_event_v1,-228326.18143192297
2014-11-01,Mexico,,,,OPEX_TOTAL,ACTUAL_WITH_EVENTS,USD,controlled_event_opex_v1,344304.02143192297
2014-11-01,United States of America,Amarilla,Government,,COGS,ACTUAL_WITH_EVENTS,USD,controlled_event_benchmark_v1,12360.0
2014-11-01,United States of America,Amarilla,Government,,DISCOUNT,ACTUAL_WITH_EVENTS,USD,controlled_event_benchmark_v1,494.40000000000003
2014-11-01,United States of America,Amarilla,Government,,GROSS_PROFIT,ACTUAL_WITH_EVENTS,USD,controlled_event_benchmark_v1,11865.599999999999
2014-11-01,United States of America,Amarilla,Government,,GROSS_SALES,ACTUAL_WITH_EVENTS,USD,controlled_event_benchmark_v1,24720.0
2014-11-01,United States of America,Amarilla,Government,,REVENUE,ACTUAL_WITH_EVENTS,USD,controlled_event_benchmark_v1,24225.6
2014-11-01,United States of America,Carretera,Midmarket,,COGS,ACTUAL_WITH_EVENTS,USD,controlled_event_benchmark_v1,20300.0
2014-11-01,United States of America,Carretera,Midmarket,,DISCOUNT,ACTUAL_WITH_EVENTS,USD,controlled_event_benchmark_v1,1827.0
2014-11-01,United States of America,Carretera,Midmarket,,GROSS_PROFIT,ACTUAL_WITH_EVENTS,USD,controlled_event_benchmark_v1,8323.0
2014-11-01,United States of America,Carretera,Midmarket,,GROSS_SALES,ACTUAL_WITH_EVENTS,USD,controlled_event_benchmark_v1,30450.0
2014-11-01,United States of America,Carretera,Midmarket,,REVENUE,ACTUAL_WITH_EVENTS,USD,controlled_event_benchmark_v1,28623.0
2014-11-01,United States of America,Montana,Channel Partners,,COGS,ACTUAL_WITH_EVENTS,USD,controlled_event_benchmark_v1,8169.0
2014-11-01,United States of America,Montana,Channel Partners,,DISCOUNT,ACTUAL_WITH_EVENTS,USD,controlled_event_benchmark_v1,1960.56
2014-11-01,United States of America,Montana,Channel Partners,,GROSS_PROFIT,ACTUAL_WITH_EVENTS,USD,controlled_event_benchmark_v1,22546.44
2014-11-01,United States of America,Montana,Channel Partners,,GROSS_SALES,ACTUAL_WITH_EVENTS,USD,controlled_event_benchmark_v1,32676.0
2014-11-01,United States of America,Montana,Channel Partners,,REVENUE,ACTUAL_WITH_EVENTS,USD,controlled_event_benchmark_v1,30715.44
2014-11-01,United States of America,Paseo,Government,,COGS,ACTUAL_WITH_EVENTS,USD,controlled_event_benchmark_v1,306020.0
2014-11-01,United States of America,Paseo,Government,,DISCOUNT,ACTUAL_WITH_EVENTS,USD,controlled_event_benchmark_v1,57673.00000000001
2014-11-01,United States of America,Paseo,Government,,GROSS_PROFIT,ACTUAL_WITH_EVENTS,USD,controlled_event_benchmark_v1,48257.0
2014-11-01,United States of America,Paseo,Government,,GROSS_SALES,ACTUAL_WITH_EVENTS,USD,controlled_event_benchmark_v1,411950.0
2014-11-01,United States of America,Paseo,Government,,REVENUE,ACTUAL_WITH_EVENTS,USD,controlled_event_benchmark_v1,354277.0
2014-11-01,United States of America,Paseo,Small Business,,COGS,ACTUAL_WITH_EVENTS,USD,controlled_event_benchmark_v1,726250.0
2014-11-01,United States of America,Paseo,Small Business,,DISCOUNT,ACTUAL_WITH_EVENTS,USD,controlled_event_benchmark_v1,8715.0
2014-11-01,United States of America,Paseo,Small Business,,GROSS_PROFIT,ACTUAL_WITH_EVENTS,USD,controlled_event_benchmark_v1,136535.0
2014-11-01,United States of America,Paseo,Small Business,,GROSS_SALES,ACTUAL_WITH_EVENTS,USD,controlled_event_benchmark_v1,871500.0
2014-11-01,United States of America,Paseo,Small Business,,REVENUE,ACTUAL_WITH_EVENTS,USD,controlled_event_benchmark_v1,862785.0
2014-11-01,United States of America,VTT,Enterprise,,COGS,ACTUAL_WITH_EVENTS,USD,controlled_event_benchmark_v1,286440.0
2014-11-01,United States of America,VTT,Enterprise,,DISCOUNT,ACTUAL_WITH_EVENTS,USD,controlled_event_benchmark_v1,35805.0
2014-11-01,United States of America,VTT,Enterprise,,GROSS_PROFIT,ACTUAL_WITH_EVENTS,USD,controlled_event_benchmark_v1,-23870.0
2014-11-01,United States of America,VTT,Enterprise,,GROSS_SALES,ACTUAL_WITH_EVENTS,USD,controlled_event_benchmark_v1,298375.0
2014-11-01,United States of America,VTT,Enterprise,,REVENUE,ACTUAL_WITH_EVENTS,USD,controlled_event_benchmark_v1,262570.0
2014-11-01,United States of America,Velo,Government,,COGS,ACTUAL_WITH_EVENTS,USD,controlled_event_benchmark_v1,2735.0
2014-11-01,United States of America,Velo,Government,,DISCOUNT,ACTUAL_WITH_EVENTS,USD,controlled_event_benchmark_v1,268.0299999999996
2014-11-01,United States of America,Velo,Government,,GROSS_PROFIT,ACTUAL_WITH_EVENTS,USD,controlled_event_benchmark_v1,825.9700000000003
2014-11-01,United States of America,Velo,Government,,GROSS_SALES,ACTUAL_WITH_EVENTS,USD,controlled_event_benchmark_v1,3829.0
2014-11-01,United States of America,Velo,Government,,REVENUE,ACTUAL_WITH_EVENTS,USD,controlled_event_benchmark_v1,3560.9700000000003
2014-11-01,United States of America,,,Finance & G&A,OPEX_GNA,ACTUAL_WITH_EVENTS,USD,controlled_event_opex_v1,97709.83076066102
2014-11-01,United States of America,,,Marketing,OPEX_MARKETING,ACTUAL_WITH_EVENTS,USD,controlled_event_opex_v1,128901.71426966923
2014-11-01,United States of America,,,Operations,OPEX_OPERATIONS,ACTUAL_WITH_EVENTS,USD,controlled_event_opex_v1,89200.02732876943
2014-11-01,United States of America,,,R&D,OPEX_RND,ACTUAL_WITH_EVENTS,USD,controlled_event_opex_v1,119910.74449576708
2014-11-01,United States of America,,,Sales,OPEX_SALES,ACTUAL_WITH_EVENTS,USD,controlled_event_opex_v1,135053.11846774214
2014-11-01,United States of America,,,,EBITDA,ACTUAL_WITH_EVENTS,USD,derived_controlled_event_v1,-366292.4253226089
2014-11-01,United States of America,,,,OPEX_TOTAL,ACTUAL_WITH_EVENTS,USD,controlled_event_opex_v1,570775.4353226089
2014-12-01,Canada,Amarilla,Small Business,,COGS,ACTUAL_WITH_EVENTS,USD,controlled_event_benchmark_v1,479000.0
2014-12-01,Canada,Amarilla,Small Business,,DISCOUNT,ACTUAL_WITH_EVENTS,USD,controlled_event_benchmark_v1,11496.0
2014-12-01,Canada,Amarilla,Small Business,,GROSS_PROFIT,ACTUAL_WITH_EVENTS,USD,controlled_event_benchmark_v1,84304.0
2014-12-01,Canada,Amarilla,Small Business,,GROSS_SALES,ACTUAL_WITH_EVENTS,USD,controlled_event_benchmark_v1,574800.0
2014-12-01,Canada,Amarilla,Small Business,,REVENUE,ACTUAL_WITH_EVENTS,USD,controlled_event_benchmark_v1,563304.0
2014-12-01,Canada,Carretera,Government,,COGS,ACTUAL_WITH_EVENTS,USD,controlled_event_benchmark_v1,741520.0
2014-12-01,Canada,Carretera,Government,,DISCOUNT,ACTUAL_WITH_EVENTS,USD,controlled_event_benchmark_v1,19964.0
2014-12-01,Canada,Carretera,Government,,GROSS_PROFIT,ACTUAL_WITH_EVENTS,USD,controlled_event_benchmark_v1,236716.0
2014-12-01,Canada,Carretera,Government,,GROSS_SALES,ACTUAL_WITH_EVENTS,USD,controlled_event_benchmark_v1,998200.0
2014-12-01,Canada,Carretera,Government,,REVENUE,ACTUAL_WITH_EVENTS,USD,controlled_event_benchmark_v1,978236.0
2014-12-01,Canada,Carretera,Midmarket,,COGS,ACTUAL_WITH_EVENTS,USD,controlled_event_benchmark_v1,23000.0
2014-12-01,Canada,Carretera,Midmarket,,DISCOUNT,ACTUAL_WITH_EVENTS,USD,controlled_event_benchmark_v1,4830.000000000001
2014-12-01,Canada,Carretera,Midmarket,,GROSS_PROFIT,ACTUAL_WITH_EVENTS,USD,controlled_event_benchmark_v1,6670.0
2014-12-01,Canada,Carretera,Midmarket,,GROSS_SALES,ACTUAL_WITH_EVENTS,USD,controlled_event_benchmark_v1,34500.0
2014-12-01,Canada,Carretera,Midmarket,,REVENUE,ACTUAL_WITH_EVENTS,USD,controlled_event_benchmark_v1,29670.0
2014-12-01,Canada,Montana,Midmarket,,COGS,ACTUAL_WITH_EVENTS,USD,controlled_event_benchmark_v1,23000.0
2014-12-01,Canada,Montana,Midmarket,,DISCOUNT,ACTUAL_WITH_EVENTS,USD,controlled_event_benchmark_v1,4830.000000000001
2014-12-01,Canada,Montana,Midmarket,,GROSS_PROFIT,ACTUAL_WITH_EVENTS,USD,controlled_event_benchmark_v1,6670.0
2014-12-01,Canada,Montana,Midmarket,,GROSS_SALES,ACTUAL_WITH_EVENTS,USD,controlled_event_benchmark_v1,34500.0
2014-12-01,Canada,Montana,Midmarket,,REVENUE,ACTUAL_WITH_EVENTS,USD,controlled_event_benchmark_v1,29670.0
2014-12-01,Canada,Paseo,Channel Partners,,COGS,ACTUAL_WITH_EVENTS,USD,controlled_event_benchmark_v1,7293.0
2014-12-01,Canada,Paseo,Channel Partners,,DISCOUNT,ACTUAL_WITH_EVENTS,USD,controlled_event_benchmark_v1,1458.599999999997
2014-12-01,Canada,Paseo,Channel Partners,,GROSS_PROFIT,ACTUAL_WITH_EVENTS,USD,controlled_event_benchmark_v1,20420.4
2014-12-01,Canada,Paseo,Channel Partners,,GROSS_SALES,ACTUAL_WITH_EVENTS,USD,controlled_event_benchmark_v1,29172.0
2014-12-01,Canada,Paseo,Channel Partners,,REVENUE,ACTUAL_WITH_EVENTS,USD,controlled_event_benchmark_v1,27713.4
2014-12-01,Canada,Paseo,Enterprise,,COGS,ACTUAL_WITH_EVENTS,USD,controlled_event_benchmark_v1,327480.0
2014-12-01,Canada,Paseo,Enterprise,,DISCOUNT,ACTUAL_WITH_EVENTS,USD,controlled_event_benchmark_v1,6822.5
2014-12-01,Canada,Paseo,Enterprise,,GROSS_PROFIT,ACTUAL_WITH_EVENTS,USD,controlled_event_benchmark_v1,6822.5
2014-12-01,Canada,Paseo,Enterprise,,GROSS_SALES,ACTUAL_WITH_EVENTS,USD,controlled_event_benchmark_v1,341125.0
2014-12-01,Canada,Paseo,Enterprise,,REVENUE,ACTUAL_WITH_EVENTS,USD,controlled_event_benchmark_v1,334302.5
2014-12-01,Canada,Paseo,Government,,COGS,ACTUAL_WITH_EVENTS,USD,controlled_event_benchmark_v1,759689.9999999999
2014-12-01,Canada,Paseo,Government,,DISCOUNT,ACTUAL_WITH_EVENTS,USD,controlled_event_benchmark_v1,19963.999999999993
2014-12-01,Canada,Paseo,Government,,GROSS_PROFIT,ACTUAL_WITH_EVENTS,USD,controlled_event_benchmark_v1,254886.00000000012
2014-12-01,Canada,Paseo,Government,,GROSS_SALES,ACTUAL_WITH_EVENTS,USD,controlled_event_benchmark_v1,1034540.0
2014-12-01,Canada,Paseo,Government,,REVENUE,ACTUAL_WITH_EVENTS,USD,controlled_event_benchmark_v1,1014576.0
2014-12-01,Canada,Paseo,Small Business,,COGS,ACTUAL_WITH_EVENTS,USD,controlled_event_benchmark_v1,479000.0
2014-12-01,Canada,Paseo,Small Business,,DISCOUNT,ACTUAL_WITH_EVENTS,USD,controlled_event_benchmark_v1,11496.0
2014-12-01,Canada,Paseo,Small Business,,GROSS_PROFIT,ACTUAL_WITH_EVENTS,USD,controlled_event_benchmark_v1,84304.0
2014-12-01,Canada,Paseo,Small Business,,GROSS_SALES,ACTUAL_WITH_EVENTS,USD,controlled_event_benchmark_v1,574800.0
2014-12-01,Canada,Paseo,Small Business,,REVENUE,ACTUAL_WITH_EVENTS,USD,controlled_event_benchmark_v1,563304.0
2014-12-01,Canada,VTT,Enterprise,,COGS,ACTUAL_WITH_EVENTS,USD,controlled_event_benchmark_v1,327480.0
2014-12-01,Canada,VTT,Enterprise,,DISCOUNT,ACTUAL_WITH_EVENTS,USD,controlled_event_benchmark_v1,6822.5
2014-12-01,Canada,VTT,Enterprise,,GROSS_PROFIT,ACTUAL_WITH_EVENTS,USD,controlled_event_benchmark_v1,6822.5
2014-12-01,Canada,VTT,Enterprise,,GROSS_SALES,ACTUAL_WITH_EVENTS,USD,controlled_event_benchmark_v1,341125.0
2014-12-01,Canada,VTT,Enterprise,,REVENUE,ACTUAL_WITH_EVENTS,USD,controlled_event_benchmark_v1,334302.5
2014-12-01,Canada,VTT,Government,,COGS,ACTUAL_WITH_EVENTS,USD,controlled_event_benchmark_v1,26080.0
2014-12-01,Canada,VTT,Government,,DISCOUNT,ACTUAL_WITH_EVENTS,USD,controlled_event_benchmark_v1,775.1799999999985
2014-12-01,Canada,VTT,Government,,GROSS_PROFIT,ACTUAL_WITH_EVENTS,USD,controlled_event_benchmark_v1,20558.82
2014-12-01,Canada,VTT,Government,,GROSS_SALES,ACTUAL_WITH_EVENTS,USD,controlled_event_benchmark_v1,47414.0
2014-12-01,Canada,VTT,Government,,REVENUE,ACTUAL_WITH_EVENTS,USD,controlled_event_benchmark_v1,46638.82
2014-12-01,Canada,Velo,Channel Partners,,COGS,ACTUAL_WITH_EVENTS,USD,controlled_event_benchmark_v1,7293.0
2014-12-01,Canada,Velo,Channel Partners,,DISCOUNT,ACTUAL_WITH_EVENTS,USD,controlled_event_benchmark_v1,1458.599999999997
2014-12-01,Canada,Velo,Channel Partners,,GROSS_PROFIT,ACTUAL_WITH_EVENTS,USD,controlled_event_benchmark_v1,20420.4
2014-12-01,Canada,Velo,Channel Partners,,GROSS_SALES,ACTUAL_WITH_EVENTS,USD,controlled_event_benchmark_v1,29172.0
2014-12-01,Canada,Velo,Channel Partners,,REVENUE,ACTUAL_WITH_EVENTS,USD,controlled_event_benchmark_v1,27713.4
2014-12-01,Canada,Velo,Government,,COGS,ACTUAL_WITH_EVENTS,USD,controlled_event_benchmark_v1,7910.0
2014-12-01,Canada,Velo,Government,,DISCOUNT,ACTUAL_WITH_EVENTS,USD,controlled_event_benchmark_v1,775.1799999999988
2014-12-01,Canada,Velo,Government,,GROSS_PROFIT,ACTUAL_WITH_EVENTS,USD,controlled_event_benchmark_v1,2388.8200000000015
2014-12-01,Canada,Velo,Government,,GROSS_SALES,ACTUAL_WITH_EVENTS,USD,controlled_event_benchmark_v1,11074.0
2014-12-01,Canada,Velo,Government,,REVENUE,ACTUAL_WITH_EVENTS,USD,controlled_event_benchmark_v1,10298.820000000002
2014-12-01,Canada,,,Finance & G&A,OPEX_GNA,ACTUAL_WITH_EVENTS,USD,controlled_event_opex_v1,141334.17148305534
2014-12-01,Canada,,,Marketing,OPEX_MARKETING,ACTUAL_WITH_EVENTS,USD,controlled_event_opex_v1,223454.2444954453
2014-12-01,Canada,,,Operations,OPEX_OPERATIONS,ACTUAL_WITH_EVENTS,USD,controlled_event_opex_v1,140796.11887204705
2014-12-01,Canada,,,R&D,OPEX_RND,ACTUAL_WITH_EVENTS,USD,controlled_event_opex_v1,155927.87787562775
2014-12-01,Canada,,,Sales,OPEX_SALES,ACTUAL_WITH_EVENTS,USD,controlled_event_opex_v1,199978.68435321224
2014-12-01,Canada,,,,EBITDA,ACTUAL_WITH_EVENTS,USD,derived_controlled_event_v1,-110507.65707938757
2014-12-01,Canada,,,,OPEX_TOTAL,ACTUAL_WITH_EVENTS,USD,controlled_event_opex_v1,861491.0970793876
2014-12-01,France,Amarilla,Midmarket,,COGS,ACTUAL_WITH_EVENTS,USD,controlled_event_benchmark_v1,20720.0
2014-12-01,France,Amarilla,Midmarket,,DISCOUNT,ACTUAL_WITH_EVENTS,USD,controlled_event_benchmark_v1,3108.0
2014-12-01,France,Amarilla,Midmarket,,GROSS_PROFIT,ACTUAL_WITH_EVENTS,USD,controlled_event_benchmark_v1,7252.0
2014-12-01,France,Amarilla,Midmarket,,GROSS_SALES,ACTUAL_WITH_EVENTS,USD,controlled_event_benchmark_v1,31080.0
2014-12-01,France,Amarilla,Midmarket,,REVENUE,ACTUAL_WITH_EVENTS,USD,controlled_event_benchmark_v1,27972.0
2014-12-01,France,Amarilla,Small Business,,COGS,ACTUAL_WITH_EVENTS,USD,controlled_event_benchmark_v1,213250.0
2014-12-01,France,Amarilla,Small Business,,DISCOUNT,ACTUAL_WITH_EVENTS,USD,controlled_event_benchmark_v1,25590.0
2014-12-01,France,Amarilla,Small Business,,GROSS_PROFIT,ACTUAL_WITH_EVENTS,USD,controlled_event_benchmark_v1,17060.0
2014-12-01,France,Amarilla,Small Business,,GROSS_SALES,ACTUAL_WITH_EVENTS,USD,controlled_event_benchmark_v1,255900.0
2014-12-01,France,Amarilla,Small Business,,REVENUE,ACTUAL_WITH_EVENTS,USD,controlled_event_benchmark_v1,230310.0
2014-12-01,France,Carretera,Government,,COGS,ACTUAL_WITH_EVENTS,USD,controlled_event_benchmark_v1,572735.0
2014-12-01,France,Carretera,Government,,DISCOUNT,ACTUAL_WITH_EVENTS,USD,controlled_event_benchmark_v1,8412.949999999953
2014-12-01,France,Carretera,Government,,GROSS_PROFIT,ACTUAL_WITH_EVENTS,USD,controlled_event_benchmark_v1,190511.05000000005
2014-12-01,France,Carretera,Government,,GROSS_SALES,ACTUAL_WITH_EVENTS,USD,controlled_event_benchmark_v1,771659.0
2014-12-01,France,Carretera,Government,,REVENUE,ACTUAL_WITH_EVENTS,USD,controlled_event_benchmark_v1,763246.05
2014-12-01,France,Montana,Enterprise,,COGS,ACTUAL_WITH_EVENTS,USD,controlled_event_benchmark_v1,154440.0
2014-12-01,France,Montana,Enterprise,,DISCOUNT,ACTUAL_WITH_EVENTS,USD,controlled_event_benchmark_v1,4826.25
2014-12-01,France,Montana,Enterprise,,GROSS_PROFIT,ACTUAL_WITH_EVENTS,USD,controlled_event_benchmark_v1,1608.75
2014-12-01,France,Montana,Enterprise,,GROSS_SALES,ACTUAL_WITH_EVENTS,USD,controlled_event_benchmark_v1,160875.0
2014-12-01,France,Montana,Enterprise,,REVENUE,ACTUAL_WITH_EVENTS,USD,controlled_event_benchmark_v1,156048.75
2014-12-01,France,Montana,Midmarket,,COGS,ACTUAL_WITH_EVENTS,USD,controlled_event_benchmark_v1,20720.0
2014-12-01,France,Montana,Midmarket,,DISCOUNT,ACTUAL_WITH_EVENTS,USD,controlled_event_benchmark_v1,3108.0
2014-12-01,France,Montana,Midmarket,,GROSS_PROFIT,ACTUAL_WITH_EVENTS,USD,controlled_event_benchmark_v1,7252.0
2014-12-01,France,Montana,Midmarket,,GROSS_SALES,ACTUAL_WITH_EVENTS,USD,controlled_event_benchmark_v1,31080.0
2014-12-01,France,Montana,Midmarket,,REVENUE,ACTUAL_WITH_EVENTS,USD,controlled_event_benchmark_v1,27972.0
2014-12-01,France,Paseo,Channel Partners,,COGS,ACTUAL_WITH_EVENTS,USD,controlled_event_benchmark_v1,3165.0
2014-12-01,France,Paseo,Channel Partners,,DISCOUNT,ACTUAL_WITH_EVENTS,USD,controlled_event_benchmark_v1,253.20000000000002
2014-12-01,France,Paseo,Channel Partners,,GROSS_PROFIT,ACTUAL_WITH_EVENTS,USD,controlled_event_benchmark_v1,9241.8
2014-12-01,France,Paseo,Channel Partners,,GROSS_SALES,ACTUAL_WITH_EVENTS,USD,controlled_event_benchmark_v1,12660.0
2014-12-01,France,Paseo,Channel Partners,,REVENUE,ACTUAL_WITH_EVENTS,USD,controlled_event_benchmark_v1,12406.8
2014-12-01,France,Paseo,Enterprise,,COGS,ACTUAL_WITH_EVENTS,USD,controlled_event_benchmark_v1,154440.0
2014-12-01,France,Paseo,Enterprise,,DISCOUNT,ACTUAL_WITH_EVENTS,USD,controlled_event_benchmark_v1,4826.25
2014-12-01,France,Paseo,Enterprise,,GROSS_PROFIT,ACTUAL_WITH_EVENTS,USD,controlled_event_benchmark_v1,1608.75
2014-12-01,France,Paseo,Enterprise,,GROSS_SALES,ACTUAL_WITH_EVENTS,USD,controlled_event_benchmark_v1,160875.0
2014-12-01,France,Paseo,Enterprise,,REVENUE,ACTUAL_WITH_EVENTS,USD,controlled_event_benchmark_v1,156048.75
2014-12-01,France,Paseo,Government,,COGS,ACTUAL_WITH_EVENTS,USD,controlled_event_benchmark_v1,563230.0
2014-12-01,France,Paseo,Government,,DISCOUNT,ACTUAL_WITH_EVENTS,USD,controlled_event_benchmark_v1,8421.499999999927
2014-12-01,France,Paseo,Government,,GROSS_PROFIT,ACTUAL_WITH_EVENTS,USD,controlled_event_benchmark_v1,188458.5
2014-12-01,France,Paseo,Government,,GROSS_SALES,ACTUAL_WITH_EVENTS,USD,controlled_event_benchmark_v1,760109.9999999999
2014-12-01,France,Paseo,Government,,REVENUE,ACTUAL_WITH_EVENTS,USD,controlled_event_benchmark_v1,751688.5
2014-12-01,France,VTT,Government,,COGS,ACTUAL_WITH_EVENTS,USD,controlled_event_benchmark_v1,15364.999999999998
2014-12-01,France,VTT,Government,,DISCOUNT,ACTUAL_WITH_EVENTS,USD,controlled_event_benchmark_v1,1749.449999999999
2014-12-01,France,VTT,Government,,GROSS_PROFIT,ACTUAL_WITH_EVENTS,USD,controlled_event_benchmark_v1,6154.549999999997
2014-12-01,France,VTT,Government,,GROSS_SALES,ACTUAL_WITH_EVENTS,USD,controlled_event_benchmark_v1,23268.999999999996
2014-12-01,France,VTT,Government,,REVENUE,ACTUAL_WITH_EVENTS,USD,controlled_event_benchmark_v1,21519.549999999996
2014-12-01,France,Velo,Channel Partners,,COGS,ACTUAL_WITH_EVENTS,USD,controlled_event_benchmark_v1,3165.0
2014-12-01,France,Velo,Channel Partners,,DISCOUNT,ACTUAL_WITH_EVENTS,USD,controlled_event_benchmark_v1,253.20000000000002
2014-12-01,France,Velo,Channel Partners,,GROSS_PROFIT,ACTUAL_WITH_EVENTS,USD,controlled_event_benchmark_v1,9241.8
2014-12-01,France,Velo,Channel Partners,,GROSS_SALES,ACTUAL_WITH_EVENTS,USD,controlled_event_benchmark_v1,12660.0
2014-12-01,France,Velo,Channel Partners,,REVENUE,ACTUAL_WITH_EVENTS,USD,controlled_event_benchmark_v1,12406.8
2014-12-01,France,Velo,Small Business,,COGS,ACTUAL_WITH_EVENTS,USD,controlled_event_benchmark_v1,213250.0
2014-12-01,France,Velo,Small Business,,DISCOUNT,ACTUAL_WITH_EVENTS,USD,controlled_event_benchmark_v1,25590.0
2014-12-01,France,Velo,Small Business,,GROSS_PROFIT,ACTUAL_WITH_EVENTS,USD,controlled_event_benchmark_v1,17060.0
2014-12-01,France,Velo,Small Business,,GROSS_SALES,ACTUAL_WITH_EVENTS,USD,controlled_event_benchmark_v1,255900.0
2014-12-01,France,Velo,Small Business,,REVENUE,ACTUAL_WITH_EVENTS,USD,controlled_event_benchmark_v1,230310.0
2014-12-01,France,,,Finance & G&A,OPEX_GNA,ACTUAL_WITH_EVENTS,USD,controlled_event_opex_v1,88615.08693054733
2014-12-01,France,,,Marketing,OPEX_MARKETING,ACTUAL_WITH_EVENTS,USD,controlled_event_opex_v1,158433.76319004263
2014-12-01,France,,,Operations,OPEX_OPERATIONS,ACTUAL_WITH_EVENTS,USD,controlled_event_opex_v1,89989.18124459246
2014-12-01,France,,,R&D,OPEX_RND,ACTUAL_WITH_EVENTS,USD,controlled_event_opex_v1,95998.66317930377
2014-12-01,France,,,Sales,OPEX_SALES,ACTUAL_WITH_EVENTS,USD,controlled_event_opex_v1,124527.9633784509
2014-12-01,France,,,,EBITDA,ACTUAL_WITH_EVENTS,USD,derived_controlled_event_v1,-102115.45792293706
2014-12-01,France,,,,OPEX_TOTAL,ACTUAL_WITH_EVENTS,USD,controlled_event_opex_v1,557564.6579229371
2014-12-01,Germany,Amarilla,Midmarket,,COGS,ACTUAL_WITH_EVENTS,USD,controlled_event_benchmark_v1,7110.0
2014-12-01,Germany,Amarilla,Midmarket,,DISCOUNT,ACTUAL_WITH_EVENTS,USD,controlled_event_benchmark_v1,853.2
2014-12-01,Germany,Amarilla,Midmarket,,GROSS_PROFIT,ACTUAL_WITH_EVENTS,USD,controlled_event_benchmark_v1,2701.7999999999993
2014-12-01,Germany,Amarilla,Midmarket,,GROSS_SALES,ACTUAL_WITH_EVENTS,USD,controlled_event_benchmark_v1,10665.0
2014-12-01,Germany,Amarilla,Midmarket,,REVENUE,ACTUAL_WITH_EVENTS,USD,controlled_event_benchmark_v1,9811.8
2014-12-01,Germany,Amarilla,Small Business,,COGS,ACTUAL_WITH_EVENTS,USD,controlled_event_benchmark_v1,312500.0
2014-12-01,Germany,Amarilla,Small Business,,DISCOUNT,ACTUAL_WITH_EVENTS,USD,controlled_event_benchmark_v1,18750.0
2014-12-01,Germany,Amarilla,Small Business,,GROSS_PROFIT,ACTUAL_WITH_EVENTS,USD,controlled_event_benchmark_v1,43750.0
2014-12-01,Germany,Amarilla,Small Business,,GROSS_SALES,ACTUAL_WITH_EVENTS,USD,controlled_event_benchmark_v1,375000.0
2014-12-01,Germany,Amarilla,Small Business,,REVENUE,ACTUAL_WITH_EVENTS,USD,controlled_event_benchmark_v1,356250.0
2014-12-01,Germany,Carretera,Government,,COGS,ACTUAL_WITH_EVENTS,USD,controlled_event_benchmark_v1,394780.0
2014-12-01,Germany,Carretera,Government,,DISCOUNT,ACTUAL_WITH_EVENTS,USD,controlled_event_benchmark_v1,274.3999999999661
2014-12-01,Germany,Carretera,Government,,GROSS_PROFIT,ACTUAL_WITH_EVENTS,USD,controlled_event_benchmark_v1,136455.59999999998
2014-12-01,Germany,Carretera,Government,,GROSS_SALES,ACTUAL_WITH_EVENTS,USD,controlled_event_benchmark_v1,531510.0
2014-12-01,Germany,Carretera,Government,,REVENUE,ACTUAL_WITH_EVENTS,USD,controlled_event_benchmark_v1,531235.6
2014-12-01,Germany,Montana,Enterprise,,COGS,ACTUAL_WITH_EVENTS,USD,controlled_event_benchmark_v1,204720.0
2014-12-01,Germany,Montana,Enterprise,,DISCOUNT,ACTUAL_WITH_EVENTS,USD,controlled_event_benchmark_v1,6397.5
2014-12-01,Germany,Montana,Enterprise,,GROSS_PROFIT,ACTUAL_WITH_EVENTS,USD,controlled_event_benchmark_v1,2132.5
2014-12-01,Germany,Montana,Enterprise,,GROSS_SALES,ACTUAL_WITH_EVENTS,USD,controlled_event_benchmark_v1,213250.0
2014-12-01,Germany,Montana,Enterprise,,REVENUE,ACTUAL_WITH_EVENTS,USD,controlled_event_benchmark_v1,206852.5
2014-12-01,Germany,Montana,Midmarket,,COGS,ACTUAL_WITH_EVENTS,USD,controlled_event_benchmark_v1,7110.0
2014-12-01,Germany,Montana,Midmarket,,DISCOUNT,ACTUAL_WITH_EVENTS,USD,controlled_event_benchmark_v1,853.2
2014-12-01,Germany,Montana,Midmarket,,GROSS_PROFIT,ACTUAL_WITH_EVENTS,USD,controlled_event_benchmark_v1,2701.7999999999993
2014-12-01,Germany,Montana,Midmarket,,GROSS_SALES,ACTUAL_WITH_EVENTS,USD,controlled_event_benchmark_v1,10665.0
2014-12-01,Germany,Montana,Midmarket,,REVENUE,ACTUAL_WITH_EVENTS,USD,controlled_event_benchmark_v1,9811.8
2014-12-01,Germany,Paseo,Channel Partners,,COGS,ACTUAL_WITH_EVENTS,USD,controlled_event_benchmark_v1,3039.0
2014-12-01,Germany,Paseo,Channel Partners,,DISCOUNT,ACTUAL_WITH_EVENTS,USD,controlled_event_benchmark_v1,1580.28
2014-12-01,Germany,Paseo,Channel Partners,,GROSS_PROFIT,ACTUAL_WITH_EVENTS,USD,controlled_event_benchmark_v1,7536.719999999999
2014-12-01,Germany,Paseo,Channel Partners,,GROSS_SALES,ACTUAL_WITH_EVENTS,USD,controlled_event_benchmark_v1,12156.0
2014-12-01,Germany,Paseo,Channel Partners,,REVENUE,ACTUAL_WITH_EVENTS,USD,controlled_event_benchmark_v1,10575.72
2014-12-01,Germany,Paseo,Enterprise,,COGS,ACTUAL_WITH_EVENTS,USD,controlled_event_benchmark_v1,204720.0
2014-12-01,Germany,Paseo,Enterprise,,DISCOUNT,ACTUAL_WITH_EVENTS,USD,controlled_event_benchmark_v1,6397.5
2014-12-01,Germany,Paseo,Enterprise,,GROSS_PROFIT,ACTUAL_WITH_EVENTS,USD,controlled_event_benchmark_v1,2132.5
2014-12-01,Germany,Paseo,Enterprise,,GROSS_SALES,ACTUAL_WITH_EVENTS,USD,controlled_event_benchmark_v1,213250.0
2014-12-01,Germany,Paseo,Enterprise,,REVENUE,ACTUAL_WITH_EVENTS,USD,controlled_event_benchmark_v1,206852.5
2014-12-01,Germany,Paseo,Government,,COGS,ACTUAL_WITH_EVENTS,USD,controlled_event_benchmark_v1,408690.00000000006
2014-12-01,Germany,Paseo,Government,,DISCOUNT,ACTUAL_WITH_EVENTS,USD,controlled_event_benchmark_v1,3674.39999999998
2014-12-01,Germany,Paseo,Government,,GROSS_PROFIT,ACTUAL_WITH_EVENTS,USD,controlled_event_benchmark_v1,147805.59999999992
2014-12-01,Germany,Paseo,Government,,GROSS_SALES,ACTUAL_WITH_EVENTS,USD,controlled_event_benchmark_v1,560170.0
2014-12-01,Germany,Paseo,Government,,REVENUE,ACTUAL_WITH_EVENTS,USD,controlled_event_benchmark_v1,556495.6
2014-12-01,Germany,VTT,Government,,COGS,ACTUAL_WITH_EVENTS,USD,controlled_event_benchmark_v1,18046.8
2014-12-01,Germany,VTT,Government,,DISCOUNT,ACTUAL_WITH_EVENTS,USD,controlled_event_benchmark_v1,3948.799999999998
2014-12-01,Germany,VTT,Government,,GROSS_PROFIT,ACTUAL_WITH_EVENTS,USD,controlled_event_benchmark_v1,10584.399999999998
2014-12-01,Germany,VTT,Government,,GROSS_SALES,ACTUAL_WITH_EVENTS,USD,controlled_event_benchmark_v1,32579.999999999996
2014-12-01,Germany,VTT,Government,,REVENUE,ACTUAL_WITH_EVENTS,USD,controlled_event_benchmark_v1,28631.199999999997
2014-12-01,Germany,Velo,Channel Partners,,COGS,ACTUAL_WITH_EVENTS,USD,controlled_event_benchmark_v1,3039.0
2014-12-01,Germany,Velo,Channel Partners,,DISCOUNT,ACTUAL_WITH_EVENTS,USD,controlled_event_benchmark_v1,1580.28
2014-12-01,Germany,Velo,Channel Partners,,GROSS_PROFIT,ACTUAL_WITH_EVENTS,USD,controlled_event_benchmark_v1,7536.719999999999
2014-12-01,Germany,Velo,Channel Partners,,GROSS_SALES,ACTUAL_WITH_EVENTS,USD,controlled_event_benchmark_v1,12156.0
2014-12-01,Germany,Velo,Channel Partners,,REVENUE,ACTUAL_WITH_EVENTS,USD,controlled_event_benchmark_v1,10575.72
2014-12-01,Germany,Velo,Small Business,,COGS,ACTUAL_WITH_EVENTS,USD,controlled_event_benchmark_v1,312500.0
2014-12-01,Germany,Velo,Small Business,,DISCOUNT,ACTUAL_WITH_EVENTS,USD,controlled_event_benchmark_v1,18750.0
2014-12-01,Germany,Velo,Small Business,,GROSS_PROFIT,ACTUAL_WITH_EVENTS,USD,controlled_event_benchmark_v1,43750.0
2014-12-01,Germany,Velo,Small Business,,GROSS_SALES,ACTUAL_WITH_EVENTS,USD,controlled_event_benchmark_v1,375000.0
2014-12-01,Germany,Velo,Small Business,,REVENUE,ACTUAL_WITH_EVENTS,USD,controlled_event_benchmark_v1,356250.0
2014-12-01,Germany,,,Finance & G&A,OPEX_GNA,ACTUAL_WITH_EVENTS,USD,controlled_event_opex_v1,86909.06112478586
2014-12-01,Germany,,,Marketing,OPEX_MARKETING,ACTUAL_WITH_EVENTS,USD,controlled_event_opex_v1,134270.58173958585
2014-12-01,Germany,,,Operations,OPEX_OPERATIONS,ACTUAL_WITH_EVENTS,USD,controlled_event_opex_v1,87912.29455565022
2014-12-01,Germany,,,R&D,OPEX_RND,ACTUAL_WITH_EVENTS,USD,controlled_event_opex_v1,93612.02969986924
2014-12-01,Germany,,,Sales,OPEX_SALES,ACTUAL_WITH_EVENTS,USD,controlled_event_opex_v1,119874.16836977379
2014-12-01,Germany,,,,EBITDA,ACTUAL_WITH_EVENTS,USD,derived_controlled_event_v1,-115490.49548966507
2014-12-01,Germany,,,,OPEX_TOTAL,ACTUAL_WITH_EVENTS,USD,controlled_event_opex_v1,522578.135489665
2014-12-01,Mexico,Amarilla,Midmarket,,COGS,ACTUAL_WITH_EVENTS,USD,controlled_event_benchmark_v1,21570.0
2014-12-01,Mexico,Amarilla,Midmarket,,DISCOUNT,ACTUAL_WITH_EVENTS,USD,controlled_event_benchmark_v1,3559.05
2014-12-01,Mexico,Amarilla,Midmarket,,GROSS_PROFIT,ACTUAL_WITH_EVENTS,USD,controlled_event_benchmark_v1,7225.950000000001
2014-12-01,Mexico,Amarilla,Midmarket,,GROSS_SALES,ACTUAL_WITH_EVENTS,USD,controlled_event_benchmark_v1,32355.0
2014-12-01,Mexico,Amarilla,Midmarket,,REVENUE,ACTUAL_WITH_EVENTS,USD,controlled_event_benchmark_v1,28795.95
2014-12-01,Mexico,Amarilla,Small Business,,COGS,ACTUAL_WITH_EVENTS,USD,controlled_event_benchmark_v1,158750.0
2014-12-01,Mexico,Amarilla,Small Business,,DISCOUNT,ACTUAL_WITH_EVENTS,USD,controlled_event_benchmark_v1,15240.0
2014-12-01,Mexico,Amarilla,Small Business,,GROSS_PROFIT,ACTUAL_WITH_EVENTS,USD,controlled_event_benchmark_v1,16510.0
2014-12-01,Mexico,Amarilla,Small Business,,GROSS_SALES,ACTUAL_WITH_EVENTS,USD,controlled_event_benchmark_v1,190500.0
2014-12-01,Mexico,Amarilla,Small Business,,REVENUE,ACTUAL_WITH_EVENTS,USD,controlled_event_benchmark_v1,175260.0
2014-12-01,Mexico,Carretera,Government,,COGS,ACTUAL_WITH_EVENTS,USD,controlled_event_benchmark_v1,356725.00000000006
2014-12-01,Mexico,Carretera,Government,,DISCOUNT,ACTUAL_WITH_EVENTS,USD,controlled_event_benchmark_v1,38464.22999999998
2014-12-01,Mexico,Carretera,Government,,GROSS_PROFIT,ACTUAL_WITH_EVENTS,USD,controlled_event_benchmark_v1,85157.76999999996
2014-12-01,Mexico,Carretera,Government,,GROSS_SALES,ACTUAL_WITH_EVENTS,USD,controlled_event_benchmark_v1,480347.0
2014-12-01,Mexico,Carretera,Government,,REVENUE,ACTUAL_WITH_EVENTS,USD,controlled_event_benchmark_v1,441882.77
2014-12-01,Mexico,Montana,Enterprise,,COGS,ACTUAL_WITH_EVENTS,USD,controlled_event_benchmark_v1,136560.0
2014-12-01,Mexico,Montana,Enterprise,,DISCOUNT,ACTUAL_WITH_EVENTS,USD,controlled_event_benchmark_v1,5690.0
2014-12-01,Mexico,Montana,Enterprise,,GROSS_PROFIT,ACTUAL_WITH_EVENTS,USD,controlled_event_benchmark_v1,0.0
2014-12-01,Mexico,Montana,Enterprise,,GROSS_SALES,ACTUAL_WITH_EVENTS,USD,controlled_event_benchmark_v1,142250.0
2014-12-01,Mexico,Montana,Enterprise,,REVENUE,ACTUAL_WITH_EVENTS,USD,controlled_event_benchmark_v1,136560.0
2014-12-01,Mexico,Montana,Midmarket,,COGS,ACTUAL_WITH_EVENTS,USD,controlled_event_benchmark_v1,21570.0
2014-12-01,Mexico,Montana,Midmarket,,DISCOUNT,ACTUAL_WITH_EVENTS,USD,controlled_event_benchmark_v1,3559.05
2014-12-01,Mexico,Montana,Midmarket,,GROSS_PROFIT,ACTUAL_WITH_EVENTS,USD,controlled_event_benchmark_v1,7225.950000000001
2014-12-01,Mexico,Montana,Midmarket,,GROSS_SALES,ACTUAL_WITH_EVENTS,USD,controlled_event_benchmark_v1,32355.0
2014-12-01,Mexico,Montana,Midmarket,,REVENUE,ACTUAL_WITH_EVENTS,USD,controlled_event_benchmark_v1,28795.95
2014-12-01,Mexico,Paseo,Channel Partners,,COGS,ACTUAL_WITH_EVENTS,USD,controlled_event_benchmark_v1,3252.0
2014-12-01,Mexico,Paseo,Channel Partners,,DISCOUNT,ACTUAL_WITH_EVENTS,USD,controlled_event_benchmark_v1,260.16
2014-12-01,Mexico,Paseo,Channel Partners,,GROSS_PROFIT,ACTUAL_WITH_EVENTS,USD,controlled_event_benchmark_v1,9495.84
2014-12-01,Mexico,Paseo,Channel Partners,,GROSS_SALES,ACTUAL_WITH_EVENTS,USD,controlled_event_benchmark_v1,13008.0
2014-12-01,Mexico,Paseo,Channel Partners,,REVENUE,ACTUAL_WITH_EVENTS,USD,controlled_event_benchmark_v1,12747.84
2014-12-01,Mexico,Paseo,Enterprise,,COGS,ACTUAL_WITH_EVENTS,USD,controlled_event_benchmark_v1,136560.0
2014-12-01,Mexico,Paseo,Enterprise,,DISCOUNT,ACTUAL_WITH_EVENTS,USD,controlled_event_benchmark_v1,5690.0
2014-12-01,Mexico,Paseo,Enterprise,,GROSS_PROFIT,ACTUAL_WITH_EVENTS,USD,controlled_event_benchmark_v1,0.0
2014-12-01,Mexico,Paseo,Enterprise,,GROSS_SALES,ACTUAL_WITH_EVENTS,USD,controlled_event_benchmark_v1,142250.0
2014-12-01,Mexico,Paseo,Enterprise,,REVENUE,ACTUAL_WITH_EVENTS,USD,controlled_event_benchmark_v1,136560.0
2014-12-01,Mexico,Paseo,Government,,COGS,ACTUAL_WITH_EVENTS,USD,controlled_event_benchmark_v1,366449.99999999994
2014-12-01,Mexico,Paseo,Government,,DISCOUNT,ACTUAL_WITH_EVENTS,USD,controlled_event_benchmark_v1,41095.199999999975
2014-12-01,Mexico,Paseo,Government,,GROSS_PROFIT,ACTUAL_WITH_EVENTS,USD,controlled_event_benchmark_v1,93814.80000000022
2014-12-01,Mexico,Paseo,Government,,GROSS_SALES,ACTUAL_WITH_EVENTS,USD,controlled_event_benchmark_v1,501360.0000000001
2014-12-01,Mexico,Paseo,Government,,REVENUE,ACTUAL_WITH_EVENTS,USD,controlled_event_benchmark_v1,460264.80000000016
2014-12-01,Mexico,VTT,Government,,COGS,ACTUAL_WITH_EVENTS,USD,controlled_event_benchmark_v1,14935.0
2014-12-01,Mexico,VTT,Government,,DISCOUNT,ACTUAL_WITH_EVENTS,USD,controlled_event_benchmark_v1,3287.429999999999
2014-12-01,Mexico,VTT,Government,,GROSS_PROFIT,ACTUAL_WITH_EVENTS,USD,controlled_event_benchmark_v1,10084.57
2014-12-01,Mexico,VTT,Government,,GROSS_SALES,ACTUAL_WITH_EVENTS,USD,controlled_event_benchmark_v1,28307.0
2014-12-01,Mexico,VTT,Government,,REVENUE,ACTUAL_WITH_EVENTS,USD,controlled_event_benchmark_v1,25019.57
2014-12-01,Mexico,Velo,Channel Partners,,COGS,ACTUAL_WITH_EVENTS,USD,controlled_event_benchmark_v1,3252.0
2014-12-01,Mexico,Velo,Channel Partners,,DISCOUNT,ACTUAL_WITH_EVENTS,USD,controlled_event_benchmark_v1,260.16
2014-12-01,Mexico,Velo,Channel Partners,,GROSS_PROFIT,ACTUAL_WITH_EVENTS,USD,controlled_event_benchmark_v1,9495.84
2014-12-01,Mexico,Velo,Channel Partners,,GROSS_SALES,ACTUAL_WITH_EVENTS,USD,controlled_event_benchmark_v1,13008.0
2014-12-01,Mexico,Velo,Channel Partners,,REVENUE,ACTUAL_WITH_EVENTS,USD,controlled_event_benchmark_v1,12747.84
2014-12-01,Mexico,Velo,Small Business,,COGS,ACTUAL_WITH_EVENTS,USD,controlled_event_benchmark_v1,158750.0
2014-12-01,Mexico,Velo,Small Business,,DISCOUNT,ACTUAL_WITH_EVENTS,USD,controlled_event_benchmark_v1,15240.0
2014-12-01,Mexico,Velo,Small Business,,GROSS_PROFIT,ACTUAL_WITH_EVENTS,USD,controlled_event_benchmark_v1,16510.0
2014-12-01,Mexico,Velo,Small Business,,GROSS_SALES,ACTUAL_WITH_EVENTS,USD,controlled_event_benchmark_v1,190500.0
2014-12-01,Mexico,Velo,Small Business,,REVENUE,ACTUAL_WITH_EVENTS,USD,controlled_event_benchmark_v1,175260.0
2014-12-01,Mexico,,,Finance & G&A,OPEX_GNA,ACTUAL_WITH_EVENTS,USD,controlled_event_opex_v1,53088.566644471706
2014-12-01,Mexico,,,Marketing,OPEX_MARKETING,ACTUAL_WITH_EVENTS,USD,controlled_event_opex_v1,83413.8000848533
2014-12-01,Mexico,,,Operations,OPEX_OPERATIONS,ACTUAL_WITH_EVENTS,USD,controlled_event_opex_v1,54244.355755350894
2014-12-01,Mexico,,,R&D,OPEX_RND,ACTUAL_WITH_EVENTS,USD,controlled_event_opex_v1,59193.138313491945
2014-12-01,Mexico,,,Sales,OPEX_SALES,ACTUAL_WITH_EVENTS,USD,controlled_event_opex_v1,77491.32478514132
2014-12-01,Mexico,,,,EBITDA,ACTUAL_WITH_EVENTS,USD,derived_controlled_event_v1,-71910.46558330898
2014-12-01,Mexico,,,,OPEX_TOTAL,ACTUAL_WITH_EVENTS,USD,controlled_event_opex_v1,327431.18558330915
2014-12-01,United States of America,Amarilla,Midmarket,,COGS,ACTUAL_WITH_EVENTS,USD,controlled_event_benchmark_v1,6150.0
2014-12-01,United States of America,Amarilla,Midmarket,,DISCOUNT,ACTUAL_WITH_EVENTS,USD,controlled_event_benchmark_v1,0.0
2014-12-01,United States of America,Amarilla,Midmarket,,GROSS_PROFIT,ACTUAL_WITH_EVENTS,USD,controlled_event_benchmark_v1,3075.0
2014-12-01,United States of America,Amarilla,Midmarket,,GROSS_SALES,ACTUAL_WITH_EVENTS,USD,controlled_event_benchmark_v1,9225.0
2014-12-01,United States of America,Amarilla,Midmarket,,REVENUE,ACTUAL_WITH_EVENTS,USD,controlled_event_benchmark_v1,9225.0
2014-12-01,United States of America,Amarilla,Small Business,,COGS,ACTUAL_WITH_EVENTS,USD,controlled_event_benchmark_v1,343000.0
2014-12-01,United States of America,Amarilla,Small Business,,DISCOUNT,ACTUAL_WITH_EVENTS,USD,controlled_event_benchmark_v1,28812.000000000004
2014-12-01,United States of America,Amarilla,Small Business,,GROSS_PROFIT,ACTUAL_WITH_EVENTS,USD,controlled_event_benchmark_v1,39788.0
2014-12-01,United States of America,Amarilla,Small Business,,GROSS_SALES,ACTUAL_WITH_EVENTS,USD,controlled_event_benchmark_v1,411600.0
2014-12-01,United States of America,Amarilla,Small Business,,REVENUE,ACTUAL_WITH_EVENTS,USD,controlled_event_benchmark_v1,382788.0
2014-12-01,United States of America,Carretera,Government,,COGS,ACTUAL_WITH_EVENTS,USD,controlled_event_benchmark_v1,74090.0
2014-12-01,United States of America,Carretera,Government,,DISCOUNT,ACTUAL_WITH_EVENTS,USD,controlled_event_benchmark_v1,4035.499999999994
2014-12-01,United States of America,Carretera,Government,,GROSS_PROFIT,ACTUAL_WITH_EVENTS,USD,controlled_event_benchmark_v1,21764.499999999985
2014-12-01,United States of America,Carretera,Government,,GROSS_SALES,ACTUAL_WITH_EVENTS,USD,controlled_event_benchmark_v1,99889.99999999999
2014-12-01,United States of America,Carretera,Government,,REVENUE,ACTUAL_WITH_EVENTS,USD,controlled_event_benchmark_v1,95854.49999999999
2014-12-01,United States of America,Montana,Enterprise,,COGS,ACTUAL_WITH_EVENTS,USD,controlled_event_benchmark_v1,335640.0
2014-12-01,United States of America,Montana,Enterprise,,DISCOUNT,ACTUAL_WITH_EVENTS,USD,controlled_event_benchmark_v1,31466.25
2014-12-01,United States of America,Montana,Enterprise,,GROSS_PROFIT,ACTUAL_WITH_EVENTS,USD,controlled_event_benchmark_v1,-17481.25
2014-12-01,United States of America,Montana,Enterprise,,GROSS_SALES,ACTUAL_WITH_EVENTS,USD,controlled_event_benchmark_v1,349625.0
2014-12-01,United States of America,Montana,Enterprise,,REVENUE,ACTUAL_WITH_EVENTS,USD,controlled_event_benchmark_v1,318158.75
2014-12-01,United States of America,Montana,Midmarket,,COGS,ACTUAL_WITH_EVENTS,USD,controlled_event_benchmark_v1,6150.0
2014-12-01,United States of America,Montana,Midmarket,,DISCOUNT,ACTUAL_WITH_EVENTS,USD,controlled_event_benchmark_v1,0.0
2014-12-01,United States of America,Montana,Midmarket,,GROSS_PROFIT,ACTUAL_WITH_EVENTS,USD,controlled_event_benchmark_v1,3075.0
2014-12-01,United States of America,Montana,Midmarket,,GROSS_SALES,ACTUAL_WITH_EVENTS,USD,controlled_event_benchmark_v1,9225.0
2014-12-01,United States of America,Montana,Midmarket,,REVENUE,ACTUAL_WITH_EVENTS,USD,controlled_event_benchmark_v1,9225.0
2014-12-01,United States of America,Paseo,Channel Partners,,COGS,ACTUAL_WITH_EVENTS,USD,controlled_event_benchmark_v1,2742.0
2014-12-01,United States of America,Paseo,Channel Partners,,DISCOUNT,ACTUAL_WITH_EVENTS,USD,controlled_event_benchmark_v1,1645.2
2014-12-01,United States of America,Paseo,Channel Partners,,GROSS_PROFIT,ACTUAL_WITH_EVENTS,USD,controlled_event_benchmark_v1,6580.799999999999
2014-12-01,United States of America,Paseo,Channel Partners,,GROSS_SALES,ACTUAL_WITH_EVENTS,USD,controlled_event_benchmark_v1,10968.0
2014-12-01,United States of America,Paseo,Channel Partners,,REVENUE,ACTUAL_WITH_EVENTS,USD,controlled_event_benchmark_v1,9322.8
2014-12-01,United States of America,Paseo,Enterprise,,COGS,ACTUAL_WITH_EVENTS,USD,controlled_event_benchmark_v1,335640.0
2014-12-01,United States of America,Paseo,Enterprise,,DISCOUNT,ACTUAL_WITH_EVENTS,USD,controlled_event_benchmark_v1,31466.25
2014-12-01,United States of America,Paseo,Enterprise,,GROSS_PROFIT,ACTUAL_WITH_EVENTS,USD,controlled_event_benchmark_v1,-17481.25
2014-12-01,United States of America,Paseo,Enterprise,,GROSS_SALES,ACTUAL_WITH_EVENTS,USD,controlled_event_benchmark_v1,349625.0
2014-12-01,United States of America,Paseo,Enterprise,,REVENUE,ACTUAL_WITH_EVENTS,USD,controlled_event_benchmark_v1,318158.75
2014-12-01,United States of America,Paseo,Government,,COGS,ACTUAL_WITH_EVENTS,USD,controlled_event_benchmark_v1,97869.99999999999
2014-12-01,United States of America,Paseo,Government,,DISCOUNT,ACTUAL_WITH_EVENTS,USD,controlled_event_benchmark_v1,6498.999999999998
2014-12-01,United States of America,Paseo,Government,,GROSS_PROFIT,ACTUAL_WITH_EVENTS,USD,controlled_event_benchmark_v1,44791.000000000015
2014-12-01,United States of America,Paseo,Government,,GROSS_SALES,ACTUAL_WITH_EVENTS,USD,controlled_event_benchmark_v1,149160.0
2014-12-01,United States of America,Paseo,Government,,REVENUE,ACTUAL_WITH_EVENTS,USD,controlled_event_benchmark_v1,142661.0
2014-12-01,United States of America,VTT,Government,,COGS,ACTUAL_WITH_EVENTS,USD,controlled_event_benchmark_v1,29480.000000000007
2014-12-01,United States of America,VTT,Government,,DISCOUNT,ACTUAL_WITH_EVENTS,USD,controlled_event_benchmark_v1,2862.5000000000005
2014-12-01,United States of America,VTT,Government,,GROSS_PROFIT,ACTUAL_WITH_EVENTS,USD,controlled_event_benchmark_v1,24907.5
2014-12-01,United States of America,VTT,Government,,GROSS_SALES,ACTUAL_WITH_EVENTS,USD,controlled_event_benchmark_v1,57250.00000000001
2014-12-01,United States of America,VTT,Government,,REVENUE,ACTUAL_WITH_EVENTS,USD,controlled_event_benchmark_v1,54387.50000000001
2014-12-01,United States of America,Velo,Channel Partners,,COGS,ACTUAL_WITH_EVENTS,USD,controlled_event_benchmark_v1,2742.0
2014-12-01,United States of America,Velo,Channel Partners,,DISCOUNT,ACTUAL_WITH_EVENTS,USD,controlled_event_benchmark_v1,1645.2
2014-12-01,United States of America,Velo,Channel Partners,,GROSS_PROFIT,ACTUAL_WITH_EVENTS,USD,controlled_event_benchmark_v1,6580.799999999999
2014-12-01,United States of America,Velo,Channel Partners,,GROSS_SALES,ACTUAL_WITH_EVENTS,USD,controlled_event_benchmark_v1,10968.0
2014-12-01,United States of America,Velo,Channel Partners,,REVENUE,ACTUAL_WITH_EVENTS,USD,controlled_event_benchmark_v1,9322.8
2014-12-01,United States of America,Velo,Small Business,,COGS,ACTUAL_WITH_EVENTS,USD,controlled_event_benchmark_v1,343000.0
2014-12-01,United States of America,Velo,Small Business,,DISCOUNT,ACTUAL_WITH_EVENTS,USD,controlled_event_benchmark_v1,28812.000000000004
2014-12-01,United States of America,Velo,Small Business,,GROSS_PROFIT,ACTUAL_WITH_EVENTS,USD,controlled_event_benchmark_v1,39788.0
2014-12-01,United States of America,Velo,Small Business,,GROSS_SALES,ACTUAL_WITH_EVENTS,USD,controlled_event_benchmark_v1,411600.0
2014-12-01,United States of America,Velo,Small Business,,REVENUE,ACTUAL_WITH_EVENTS,USD,controlled_event_benchmark_v1,382788.0
2014-12-01,United States of America,,,Finance & G&A,OPEX_GNA,ACTUAL_WITH_EVENTS,USD,controlled_event_opex_v1,69178.69052394269
2014-12-01,United States of America,,,Marketing,OPEX_MARKETING,ACTUAL_WITH_EVENTS,USD,controlled_event_opex_v1,106276.19149781264
2014-12-01,United States of America,,,Operations,OPEX_OPERATIONS,ACTUAL_WITH_EVENTS,USD,controlled_event_opex_v1,67701.95480035222
2014-12-01,United States of America,,,R&D,OPEX_RND,ACTUAL_WITH_EVENTS,USD,controlled_event_opex_v1,75126.87635842705
2014-12-01,United States of America,,,Sales,OPEX_SALES,ACTUAL_WITH_EVENTS,USD,controlled_event_opex_v1,98233.95331489222
2014-12-01,United States of America,,,,EBITDA,ACTUAL_WITH_EVENTS,USD,derived_controlled_event_v1,-261129.56649542678
2014-12-01,United States of America,,,,OPEX_TOTAL,ACTUAL_WITH_EVENTS,USD,controlled_event_opex_v1,416517.6664954268
