scenario_id,scenario_name,base_version,period_date,country,product,segment,version,units,average_sale_price,unit_cogs,discount_rate,average_manufacturing_price,source
SCN_001,Canada Paseo Q1 Price Increase,FORECAST,2015-01-01,Canada,Amarilla,Enterprise,SCENARIO,1789.032958984375,125.0,120.0,0.13,,scenario_engine_v1
SCN_001,Canada Paseo Q1 Price Increase,FORECAST,2015-01-01,Canada,Carretera,Government,SCENARIO,2160.936279296875,20.0,10.0,0.0,,scenario_engine_v1
SCN_001,Canada Paseo Q1 Price Increase,FORECAST,2015-01-01,Canada,Montana,Government,SCENARIO,1621.55908203125,350.0,260.0,0.14,,scenario_engine_v1
SCN_001,Canada Paseo Q1 Price Increase,FORECAST,2015-01-01,Canada,Paseo,Government,SCENARIO,1781.8594970703125,7.21,5.0,0.04,,scenario_engine_v1
SCN_001,Canada Paseo Q1 Price Increase,FORECAST,2015-01-01,Canada,Paseo,Small Business,SCENARIO,1682.72021484375,309.0,250.0,0.11,,scenario_engine_v1
SCN_001,Canada Paseo Q1 Price Increase,FORECAST,2015-01-01,Canada,VTT,Channel Partners,SCENARIO,1457.2059326171875,12.0,3.0,0.07,,scenario_engine_v1
SCN_001,Canada Paseo Q1 Price Increase,FORECAST,2015-01-01,Canada,Velo,Midmarket,SCENARIO,1292.6082763671875,15.0,10.0,0.1099999999999999,,scenario_engine_v1
SCN_001,Canada Paseo Q1 Price Increase,FORECAST,2015-01-01,France,Amarilla,Enterprise,SCENARIO,1989.0201416015625,125.0,120.0,0.06,,scenario_engine_v1
SCN_001,Canada Paseo Q1 Price Increase,FORECAST,2015-01-01,France,Carretera,Government,SCENARIO,1578.4130859375,20.0,10.0,0.12,,scenario_engine_v1
SCN_001,Canada Paseo Q1 Price Increase,FORECAST,2015-01-01,France,Montana,Government,SCENARIO,2061.78564453125,350.0,260.0,0.05,,scenario_engine_v1
SCN_001,Canada Paseo Q1 Price Increase,FORECAST,2015-01-01,France,Paseo,Government,SCENARIO,1574.826171875,7.0,5.0,0.0099999999999999,,scenario_engine_v1
SCN_001,Canada Paseo Q1 Price Increase,FORECAST,2015-01-01,France,Paseo,Small Business,SCENARIO,1406.73095703125,300.0,250.0,0.03,,scenario_engine_v1
SCN_001,Canada Paseo Q1 Price Increase,FORECAST,2015-01-01,France,VTT,Channel Partners,SCENARIO,1618.6741943359375,12.0,3.0,0.11,,scenario_engine_v1
SCN_001,Canada Paseo Q1 Price Increase,FORECAST,2015-01-01,France,Velo,Midmarket,SCENARIO,1961.3250732421875,15.0,10.0,0.13,,scenario_engine_v1
SCN_001,Canada Paseo Q1 Price Increase,FORECAST,2015-01-01,Germany,Amarilla,Enterprise,SCENARIO,1675.8673095703125,125.0,120.0,0.11,,scenario_engine_v1
SCN_001,Canada Paseo Q1 Price Increase,FORECAST,2015-01-01,Germany,Carretera,Government,SCENARIO,2114.961669921875,20.0,10.0,0.0,,scenario_engine_v1
SCN_001,Canada Paseo Q1 Price Increase,FORECAST,2015-01-01,Germany,Montana,Government,SCENARIO,2079.87841796875,350.0,260.0,0.11,,scenario_engine_v1
SCN_001,Canada Paseo Q1 Price Increase,FORECAST,2015-01-01,Germany,Paseo,Government,SCENARIO,1527.6524658203125,7.0,5.0,0.0499999999999999,,scenario_engine_v1
SCN_001,Canada Paseo Q1 Price Increase,FORECAST,2015-01-01,Germany,Paseo,Small Business,SCENARIO,1668.3631591796875,300.0,250.0,0.13,,scenario_engine_v1
SCN_001,Canada Paseo Q1 Price Increase,FORECAST,2015-01-01,Germany,VTT,Channel Partners,SCENARIO,1917.331787109375,12.0,3.0,0.03,,scenario_engine_v1
SCN_001,Canada Paseo Q1 Price Increase,FORECAST,2015-01-01,Germany,Velo,Midmarket,SCENARIO,1178.7801513671875,15.0,10.0,0.1,,scenario_engine_v1
SCN_001,Canada Paseo Q1 Price Increase,FORECAST,2015-01-01,Mexico,Amarilla,Government,SCENARIO,1238.6558837890625,20.0,10.0,0.11,,scenario_engine_v1
SCN_001,Canada Paseo Q1 Price Increase,FORECAST,2015-01-01,Mexico,Montana,Channel Partners,SCENARIO,1933.2977294921875,12.0,3.0,0.0699999999999999,,scenario_engine_v1
SCN_001,Canada Paseo Q1 Price Increase,FORECAST,2015-01-01,Mexico,Paseo,Government,SCENARIO,1756.71728515625,350.0,260.0,0.09,,scenario_engine_v1
SCN_001,Canada Paseo Q1 Price Increase,FORECAST,2015-01-01,Mexico,Paseo,Small Business,SCENARIO,1273.9197998046875,300.0,250.0,0.09,,scenario_engine_v1
SCN_001,Canada Paseo Q1 Price Increase,FORECAST,2015-01-01,Mexico,VTT,Enterprise,SCENARIO,1482.142578125,125.0,120.0,0.11,,scenario_engine_v1
SCN_001,Canada Paseo Q1 Price Increase,FORECAST,2015-01-01,Mexico,Velo,Government,SCENARIO,2016.3892822265625,7.0,5.0,0.0,,scenario_engine_v1
SCN_001,Canada Paseo Q1 Price Increase,FORECAST,2015-01-01,Mexico,Velo,Midmarket,SCENARIO,1906.58837890625,15.0,10.0,0.05,,scenario_engine_v1
SCN_001,Canada Paseo Q1 Price Increase,FORECAST,2015-01-01,United States of America,Amarilla,Enterprise,SCENARIO,1912.79736328125,125.0,120.0,0.1,,scenario_engine_v1
SCN_001,Canada Paseo Q1 Price Increase,FORECAST,2015-01-01,United States of America,Carretera,Government,SCENARIO,1718.789794921875,20.0,10.0,0.06,,scenario_engine_v1
SCN_001,Canada Paseo Q1 Price Increase,FORECAST,2015-01-01,United States of America,Montana,Government,SCENARIO,1685.25830078125,350.0,260.0,0.13,,scenario_engine_v1
SCN_001,Canada Paseo Q1 Price Increase,FORECAST,2015-01-01,United States of America,Paseo,Government,SCENARIO,2039.66845703125,7.0,5.0,0.13,,scenario_engine_v1
SCN_001,Canada Paseo Q1 Price Increase,FORECAST,2015-01-01,United States of America,Paseo,Small Business,SCENARIO,1818.3084716796875,300.0,250.0,0.12,,scenario_engine_v1
SCN_001,Canada Paseo Q1 Price Increase,FORECAST,2015-01-01,United States of America,VTT,Channel Partners,SCENARIO,1583.9173583984375,12.0,3.0,0.09,,scenario_engine_v1
SCN_001,Canada Paseo Q1 Price Increase,FORECAST,2015-01-01,United States of America,Velo,Midmarket,SCENARIO,1947.654541015625,15.0,10.0,0.05,,scenario_engine_v1
SCN_001,Canada Paseo Q1 Price Increase,FORECAST,2015-02-01,Canada,Amarilla,Government,SCENARIO,1477.0206298828125,350.0,260.0,0.1,,scenario_engine_v1
SCN_001,Canada Paseo Q1 Price Increase,FORECAST,2015-02-01,Canada,Carretera,Channel Partners,SCENARIO,1512.1624755859375,12.0,3.0,0.11,,scenario_engine_v1
SCN_001,Canada Paseo Q1 Price Increase,FORECAST,2015-02-01,Canada,Montana,Government,SCENARIO,1529.8531494140625,7.0,5.0,0.0799999999999999,,scenario_engine_v1
SCN_001,Canada Paseo Q1 Price Increase,FORECAST,2015-02-01,Canada,Paseo,Government,SCENARIO,1483.6915283203125,20.6,10.0,0.0,,scenario_engine_v1
SCN_001,Canada Paseo Q1 Price Increase,FORECAST,2015-02-01,Canada,Paseo,Midmarket,SCENARIO,1761.2095947265625,15.450000000000001,10.0,0.02,,scenario_engine_v1
SCN_001,Canada Paseo Q1 Price Increase,FORECAST,2015-02-01,Canada,VTT,Small Business,SCENARIO,1336.7364501953125,300.0,250.0,0.0,,scenario_engine_v1
SCN_001,Canada Paseo Q1 Price Increase,FORECAST,2015-02-01,Canada,Velo,Enterprise,SCENARIO,1785.7667236328125,125.0,120.0,0.06,,scenario_engine_v1
SCN_001,Canada Paseo Q1 Price Increase,FORECAST,2015-02-01,France,Amarilla,Government,SCENARIO,1815.4757080078125,350.0,260.0,0.0,,scenario_engine_v1
SCN_001,Canada Paseo Q1 Price Increase,FORECAST,2015-02-01,France,Carretera,Channel Partners,SCENARIO,1683.64453125,12.0,3.0,0.05,,scenario_engine_v1
SCN_001,Canada Paseo Q1 Price Increase,FORECAST,2015-02-01,France,Montana,Government,SCENARIO,1771.2247314453125,7.0,5.0,0.1399999999999999,,scenario_engine_v1
SCN_001,Canada Paseo Q1 Price Increase,FORECAST,2015-02-01,France,Paseo,Government,SCENARIO,1594.8953857421875,20.0,10.0,0.05,,scenario_engine_v1
SCN_001,Canada Paseo Q1 Price Increase,FORECAST,2015-02-01,France,Paseo,Midmarket,SCENARIO,1554.2906494140625,15.0,10.0,0.0099999999999999,,scenario_engine_v1
SCN_001,Canada Paseo Q1 Price Increase,FORECAST,2015-02-01,France,VTT,Small Business,SCENARIO,1630.1224365234375,300.0,250.0,0.07,,scenario_engine_v1
SCN_001,Canada Paseo Q1 Price Increase,FORECAST,2015-02-01,France,Velo,Enterprise,SCENARIO,1841.8748779296875,125.0,120.0,0.0,,scenario_engine_v1
SCN_001,Canada Paseo Q1 Price Increase,FORECAST,2015-02-01,Germany,Amarilla,Government,SCENARIO,1388.7628173828125,350.0,260.0,0.05,,scenario_engine_v1
SCN_001,Canada Paseo Q1 Price Increase,FORECAST,2015-02-01,Germany,Carretera,Channel Partners,SCENARIO,1757.0181884765625,12.0,3.0,0.05,,scenario_engine_v1
SCN_001,Canada Paseo Q1 Price Increase,FORECAST,2015-02-01,Germany,Montana,Government,SCENARIO,1568.257568359375,7.0,5.0,0.03,,scenario_engine_v1
SCN_001,Canada Paseo Q1 Price Increase,FORECAST,2015-02-01,Germany,Paseo,Government,SCENARIO,1613.5479736328125,20.0,10.0,0.13,,scenario_engine_v1
SCN_001,Canada Paseo Q1 Price Increase,FORECAST,2015-02-01,Germany,Paseo,Midmarket,SCENARIO,1509.1048583984375,15.0,10.0,0.1399999999999999,,scenario_engine_v1
SCN_001,Canada Paseo Q1 Price Increase,FORECAST,2015-02-01,Germany,VTT,Small Business,SCENARIO,1532.94482421875,300.0,250.0,0.09,,scenario_engine_v1
SCN_001,Canada Paseo Q1 Price Increase,FORECAST,2015-02-01,Germany,Velo,Enterprise,SCENARIO,1744.822509765625,125.0,120.0,0.05,,scenario_engine_v1
SCN_001,Canada Paseo Q1 Price Increase,FORECAST,2015-02-01,Mexico,Amarilla,Government,SCENARIO,1257.847412109375,350.0,260.0,0.04,,scenario_engine_v1
SCN_001,Canada Paseo Q1 Price Increase,FORECAST,2015-02-01,Mexico,Carretera,Channel Partners,SCENARIO,1200.2596435546875,12.0,3.0,0.0699999999999999,,scenario_engine_v1
SCN_001,Canada Paseo Q1 Price Increase,FORECAST,2015-02-01,Mexico,Montana,Government,SCENARIO,1564.1175537109375,7.0,5.0,0.15,,scenario_engine_v1
SCN_001,Canada Paseo Q1 Price Increase,FORECAST,2015-02-01,Mexico,Paseo,Government,SCENARIO,1585.853271484375,20.0,10.0,0.14,,scenario_engine_v1
SCN_001,Canada Paseo Q1 Price Increase,FORECAST,2015-02-01,Mexico,Paseo,Midmarket,SCENARIO,1526.2412109375,15.0,10.0,0.0,,scenario_engine_v1
SCN_001,Canada Paseo Q1 Price Increase,FORECAST,2015-02-01,Mexico,VTT,Small Business,SCENARIO,1357.9654541015625,300.0,250.0,0.07,,scenario_engine_v1
SCN_001,Canada Paseo Q1 Price Increase,FORECAST,2015-02-01,Mexico,Velo,Enterprise,SCENARIO,1803.222900390625,125.0,120.0,0.14,,scenario_engine_v1
SCN_001,Canada Paseo Q1 Price Increase,FORECAST,2015-02-01,United States of America,Amarilla,Government,SCENARIO,1776.5338134765625,350.0,260.0,0.12,,scenario_engine_v1
SCN_001,Canada Paseo Q1 Price Increase,FORECAST,2015-02-01,United States of America,Carretera,Channel Partners,SCENARIO,1681.50341796875,12.0,3.0,0.01,,scenario_engine_v1
SCN_001,Canada Paseo Q1 Price Increase,FORECAST,2015-02-01,United States of America,Montana,Government,SCENARIO,1513.6568603515625,7.0,5.0,0.13,,scenario_engine_v1
SCN_001,Canada Paseo Q1 Price Increase,FORECAST,2015-02-01,United States of America,Paseo,Government,SCENARIO,1450.78076171875,20.0,10.0,0.13,,scenario_engine_v1
SCN_001,Canada Paseo Q1 Price Increase,FORECAST,2015-02-01,United States of America,Paseo,Midmarket,SCENARIO,1512.0391845703125,15.0,10.0,0.01,,scenario_engine_v1
SCN_001,Canada Paseo Q1 Price Increase,FORECAST,2015-02-01,United States of America,VTT,Small Business,SCENARIO,1802.767822265625,300.0,250.0,0.03,,scenario_engine_v1
SCN_001,Canada Paseo Q1 Price Increase,FORECAST,2015-02-01,United States of America,Velo,Enterprise,SCENARIO,1836.86669921875,125.0,120.0,0.06,,scenario_engine_v1
SCN_001,Canada Paseo Q1 Price Increase,FORECAST,2015-03-01,Canada,Amarilla,Small Business,SCENARIO,1636.054443359375,300.0,250.0,0.14,,scenario_engine_v1
SCN_001,Canada Paseo Q1 Price Increase,FORECAST,2015-03-01,Canada,Carretera,Government,SCENARIO,1528.1685791015625,350.0,260.0,0.13,,scenario_engine_v1
SCN_001,Canada Paseo Q1 Price Increase,FORECAST,2015-03-01,Canada,Montana,Midmarket,SCENARIO,1605.9288330078125,15.0,10.0,0.04,,scenario_engine_v1
SCN_001,Canada Paseo Q1 Price Increase,FORECAST,2015-03-01,Canada,Paseo,Enterprise,SCENARIO,1466.040283203125,128.75,120.0,0.03,,scenario_engine_v1
SCN_001,Canada Paseo Q1 Price Increase,FORECAST,2015-03-01,Canada,Paseo,Government,SCENARIO,1574.1253662109375,20.6,10.0,0.1399999999999999,,scenario_engine_v1
SCN_001,Canada Paseo Q1 Price Increase,FORECAST,2015-03-01,Canada,VTT,Government,SCENARIO,1838.4930419921875,7.0,5.0,0.0099999999999999,,scenario_engine_v1
SCN_001,Canada Paseo Q1 Price Increase,FORECAST,2015-03-01,Canada,Velo,Channel Partners,SCENARIO,1767.7861328125,12.0,3.0,0.08,,scenario_engine_v1
SCN_001,Canada Paseo Q1 Price Increase,FORECAST,2015-03-01,France,Amarilla,Small Business,SCENARIO,1380.2845458984375,300.0,250.0,0.15,,scenario_engine_v1
SCN_001,Canada Paseo Q1 Price Increase,FORECAST,2015-03-01,France,Carretera,Government,SCENARIO,1615.2325439453125,350.0,260.0,0.13,,scenario_engine_v1
SCN_001,Canada Paseo Q1 Price Increase,FORECAST,2015-03-01,France,Montana,Midmarket,SCENARIO,1470.6182861328125,15.0,10.0,0.08,,scenario_engine_v1
SCN_001,Canada Paseo Q1 Price Increase,FORECAST,2015-03-01,France,Paseo,Enterprise,SCENARIO,1634.60546875,125.0,120.0,0.05,,scenario_engine_v1
SCN_001,Canada Paseo Q1 Price Increase,FORECAST,2015-03-01,France,Paseo,Government,SCENARIO,1874.7227783203125,20.0,10.0,0.1,,scenario_engine_v1
SCN_001,Canada Paseo Q1 Price Increase,FORECAST,2015-03-01,France,VTT,Government,SCENARIO,1405.618408203125,7.0,5.0,0.12,,scenario_engine_v1
SCN_001,Canada Paseo Q1 Price Increase,FORECAST,2015-03-01,France,Velo,Channel Partners,SCENARIO,1354.230224609375,12.0,3.0,0.09,,scenario_engine_v1
SCN_001,Canada Paseo Q1 Price Increase,FORECAST,2015-03-01,Germany,Amarilla,Small Business,SCENARIO,1307.18798828125,300.0,250.0,0.02,,scenario_engine_v1
SCN_001,Canada Paseo Q1 Price Increase,FORECAST,2015-03-01,Germany,Carretera,Government,SCENARIO,1320.1241455078125,350.0,260.0,0.11,,scenario_engine_v1
SCN_001,Canada Paseo Q1 Price Increase,FORECAST,2015-03-01,Germany,Montana,Midmarket,SCENARIO,1471.0400390625,15.0,10.0,0.0,,scenario_engine_v1
SCN_001,Canada Paseo Q1 Price Increase,FORECAST,2015-03-01,Germany,Paseo,Enterprise,SCENARIO,1456.765869140625,125.0,120.0,0.04,,scenario_engine_v1
SCN_001,Canada Paseo Q1 Price Increase,FORECAST,2015-03-01,Germany,Paseo,Government,SCENARIO,1294.0611572265625,20.0,10.0,0.15,,scenario_engine_v1
SCN_001,Canada Paseo Q1 Price Increase,FORECAST,2015-03-01,Germany,VTT,Government,SCENARIO,1243.3612060546875,7.0,5.0,0.01,,scenario_engine_v1
SCN_001,Canada Paseo Q1 Price Increase,FORECAST,2015-03-01,Germany,Velo,Channel Partners,SCENARIO,1044.1390380859375,12.0,3.0,0.0,,scenario_engine_v1
SCN_001,Canada Paseo Q1 Price Increase,FORECAST,2015-03-01,Mexico,Amarilla,Small Business,SCENARIO,1518.0450439453125,300.0,250.0,0.02,,scenario_engine_v1
SCN_001,Canada Paseo Q1 Price Increase,FORECAST,2015-03-01,Mexico,Carretera,Government,SCENARIO,1449.756591796875,350.0,260.0,0.01,,scenario_engine_v1
SCN_001,Canada Paseo Q1 Price Increase,FORECAST,2015-03-01,Mexico,Montana,Midmarket,SCENARIO,1478.004150390625,15.0,10.0,0.01,,scenario_engine_v1
SCN_001,Canada Paseo Q1 Price Increase,FORECAST,2015-03-01,Mexico,Paseo,Enterprise,SCENARIO,1407.54736328125,125.0,120.0,0.08,,scenario_engine_v1
SCN_001,Canada Paseo Q1 Price Increase,FORECAST,2015-03-01,Mexico,Paseo,Government,SCENARIO,1692.7867431640625,20.0,10.0,0.11,,scenario_engine_v1
SCN_001,Canada Paseo Q1 Price Increase,FORECAST,2015-03-01,Mexico,VTT,Government,SCENARIO,1323.8714599609375,7.0,5.0,0.14,,scenario_engine_v1
SCN_001,Canada Paseo Q1 Price Increase,FORECAST,2015-03-01,Mexico,Velo,Channel Partners,SCENARIO,1133.4698486328125,12.0,3.0,0.15,,scenario_engine_v1
SCN_001,Canada Paseo Q1 Price Increase,FORECAST,2015-03-01,United States of America,Amarilla,Small Business,SCENARIO,1456.1376953125,300.0,250.0,0.1,,scenario_engine_v1
SCN_001,Canada Paseo Q1 Price Increase,FORECAST,2015-03-01,United States of America,Carretera,Government,SCENARIO,1986.92041015625,350.0,260.0,0.07,,scenario_engine_v1
SCN_001,Canada Paseo Q1 Price Increase,FORECAST,2015-03-01,United States of America,Montana,Midmarket,SCENARIO,1806.076171875,15.0,10.0,0.12,,scenario_engine_v1
SCN_001,Canada Paseo Q1 Price Increase,FORECAST,2015-03-01,United States of America,Paseo,Enterprise,SCENARIO,1630.119384765625,125.0,120.0,0.05,,scenario_engine_v1
SCN_001,Canada Paseo Q1 Price Increase,FORECAST,2015-03-01,United States of America,Paseo,Government,SCENARIO,1473.3736572265625,20.0,10.0,0.09,,scenario_engine_v1
SCN_001,Canada Paseo Q1 Price Increase,FORECAST,2015-03-01,United States of America,VTT,Government,SCENARIO,1769.2813720703125,7.0,5.0,0.1099999999999999,,scenario_engine_v1
SCN_001,Canada Paseo Q1 Price Increase,FORECAST,2015-03-01,United States of America,Velo,Channel Partners,SCENARIO,1479.5599365234375,12.0,3.0,0.04,,scenario_engine_v1
SCN_001,Canada Paseo Q1 Price Increase,FORECAST,2015-04-01,Canada,Amarilla,Channel Partners,SCENARIO,1561.45849609375,12.0,3.0,0.1,,scenario_engine_v1
SCN_001,Canada Paseo Q1 Price Increase,FORECAST,2015-04-01,Canada,Carretera,Enterprise,SCENARIO,1601.8919677734375,125.0,120.0,0.02,,scenario_engine_v1
SCN_001,Canada Paseo Q1 Price Increase,FORECAST,2015-04-01,Canada,Montana,Small Business,SCENARIO,1497.5545654296875,300.0,250.0,0.09,,scenario_engine_v1
SCN_001,Canada Paseo Q1 Price Increase,FORECAST,2015-04-01,Canada,Paseo,Government,SCENARIO,1642.8536376953125,7.0,5.0,0.15,,scenario_engine_v1
SCN_001,Canada Paseo Q1 Price Increase,FORECAST,2015-04-01,Canada,Paseo,Midmarket,SCENARIO,1008.7206420898438,15.0,10.0,0.15,,scenario_engine_v1
SCN_001,Canada Paseo Q1 Price Increase,FORECAST,2015-04-01,Canada,VTT,Government,SCENARIO,1525.15869140625,350.0,260.0,0.01,,scenario_engine_v1
SCN_001,Canada Paseo Q1 Price Increase,FORECAST,2015-04-01,Canada,Velo,Government,SCENARIO,1607.1246337890625,20.0,10.0,0.03,,scenario_engine_v1
SCN_001,Canada Paseo Q1 Price Increase,FORECAST,2015-04-01,France,Carretera,Enterprise,SCENARIO,1934.17333984375,125.0,120.0,0.03,,scenario_engine_v1
SCN_001,Canada Paseo Q1 Price Increase,FORECAST,2015-04-01,France,Montana,Small Business,SCENARIO,1746.514892578125,300.0,250.0,0.12,,scenario_engine_v1
SCN_001,Canada Paseo Q1 Price Increase,FORECAST,2015-04-01,France,Paseo,Government,SCENARIO,1667.630126953125,7.0,5.0,0.1099999999999999,,scenario_engine_v1
SCN_001,Canada Paseo Q1 Price Increase,FORECAST,2015-04-01,France,Paseo,Midmarket,SCENARIO,2179.221923828125,15.0,10.0,0.0599999999999999,,scenario_engine_v1
SCN_001,Canada Paseo Q1 Price Increase,FORECAST,2015-04-01,France,VTT,Channel Partners,SCENARIO,1806.1192626953125,12.0,3.0,0.0699999999999999,,scenario_engine_v1
SCN_001,Canada Paseo Q1 Price Increase,FORECAST,2015-04-01,France,VTT,Government,SCENARIO,1563.082763671875,350.0,260.0,0.08,,scenario_engine_v1
SCN_001,Canada Paseo Q1 Price Increase,FORECAST,2015-04-01,France,Velo,Government,SCENARIO,1732.3865966796875,20.0,10.0,0.01,,scenario_engine_v1
SCN_001,Canada Paseo Q1 Price Increase,FORECAST,2015-04-01,Germany,Amarilla,Enterprise,SCENARIO,1542.845947265625,125.0,120.0,0.0,,scenario_engine_v1
SCN_001,Canada Paseo Q1 Price Increase,FORECAST,2015-04-01,Germany,Carretera,Government,SCENARIO,1369.6365966796875,20.0,10.0,0.03,,scenario_engine_v1
SCN_001,Canada Paseo Q1 Price Increase,FORECAST,2015-04-01,Germany,Montana,Government,SCENARIO,1696.0301513671875,350.0,260.0,0.14,,scenario_engine_v1
SCN_001,Canada Paseo Q1 Price Increase,FORECAST,2015-04-01,Germany,Paseo,Government,SCENARIO,1515.7498779296875,7.0,5.0,0.08,,scenario_engine_v1
SCN_001,Canada Paseo Q1 Price Increase,FORECAST,2015-04-01,Germany,Paseo,Small Business,SCENARIO,1498.3094482421875,300.0,250.0,0.04,,scenario_engine_v1
SCN_001,Canada Paseo Q1 Price Increase,FORECAST,2015-04-01,Germany,VTT,Channel Partners,SCENARIO,1674.37744140625,12.0,3.0,0.0,,scenario_engine_v1
SCN_001,Canada Paseo Q1 Price Increase,FORECAST,2015-04-01,Germany,Velo,Midmarket,SCENARIO,1198.92578125,15.0,10.0,0.1,,scenario_engine_v1
SCN_001,Canada Paseo Q1 Price Increase,FORECAST,2015-04-01,Mexico,Amarilla,Enterprise,SCENARIO,1715.5340576171875,125.0,120.0,0.04,,scenario_engine_v1
SCN_001,Canada Paseo Q1 Price Increase,FORECAST,2015-04-01,Mexico,Carretera,Government,SCENARIO,1495.56298828125,20.0,10.0,0.1399999999999999,,scenario_engine_v1
SCN_001,Canada Paseo Q1 Price Increase,FORECAST,2015-04-01,Mexico,Montana,Government,SCENARIO,1439.8380126953125,350.0,260.0,0.06,,scenario_engine_v1
SCN_001,Canada Paseo Q1 Price Increase,FORECAST,2015-04-01,Mexico,Paseo,Government,SCENARIO,1397.905517578125,7.0,5.0,0.15,,scenario_engine_v1
SCN_001,Canada Paseo Q1 Price Increase,FORECAST,2015-04-01,Mexico,Paseo,Small Business,SCENARIO,1451.0272216796875,300.0,250.0,0.05,,scenario_engine_v1
SCN_001,Canada Paseo Q1 Price Increase,FORECAST,2015-04-01,Mexico,VTT,Channel Partners,SCENARIO,1352.9332275390625,12.0,3.0,0.03,,scenario_engine_v1
SCN_001,Canada Paseo Q1 Price Increase,FORECAST,2015-04-01,Mexico,Velo,Midmarket,SCENARIO,1790.48193359375,15.0,10.0,0.09,,scenario_engine_v1
SCN_001,Canada Paseo Q1 Price Increase,FORECAST,2015-04-01,United States of America,Amarilla,Channel Partners,SCENARIO,1512.2093505859375,12.0,3.0,0.0,,scenario_engine_v1
SCN_001,Canada Paseo Q1 Price Increase,FORECAST,2015-04-01,United States of America,Carretera,Enterprise,SCENARIO,1363.050048828125,125.0,120.0,0.1,,scenario_engine_v1
SCN_001,Canada Paseo Q1 Price Increase,FORECAST,2015-04-01,United States of America,Montana,Small Business,SCENARIO,1571.256591796875,300.0,250.0,0.01,,scenario_engine_v1
SCN_001,Canada Paseo Q1 Price Increase,FORECAST,2015-04-01,United States of America,Paseo,Government,SCENARIO,1648.322998046875,7.0,5.0,0.01,,scenario_engine_v1
SCN_001,Canada Paseo Q1 Price Increase,FORECAST,2015-04-01,United States of America,Paseo,Midmarket,SCENARIO,1858.110595703125,15.0,10.0,0.09,,scenario_engine_v1
SCN_001,Canada Paseo Q1 Price Increase,FORECAST,2015-04-01,United States of America,VTT,Government,SCENARIO,1592.1119384765625,350.0,260.0,0.09,,scenario_engine_v1
SCN_001,Canada Paseo Q1 Price Increase,FORECAST,2015-04-01,United States of America,Velo,Government,SCENARIO,1684.8780517578125,20.0,10.0,0.14,,scenario_engine_v1
SCN_001,Canada Paseo Q1 Price Increase,FORECAST,2015-05-01,Canada,Amarilla,Enterprise,SCENARIO,1593.98095703125,125.0,120.0,0.07,,scenario_engine_v1
SCN_001,Canada Paseo Q1 Price Increase,FORECAST,2015-05-01,Canada,Carretera,Government,SCENARIO,1395.341064453125,20.0,10.0,0.03,,scenario_engine_v1
SCN_001,Canada Paseo Q1 Price Increase,FORECAST,2015-05-01,Canada,Montana,Government,SCENARIO,1485.15625,350.0,260.0,0.14,,scenario_engine_v1
SCN_001,Canada Paseo Q1 Price Increase,FORECAST,2015-05-01,Canada,Paseo,Government,SCENARIO,1670.9521484375,7.0,5.0,0.0799999999999999,,scenario_engine_v1
SCN_001,Canada Paseo Q1 Price Increase,FORECAST,2015-05-01,Canada,Paseo,Small Business,SCENARIO,1514.859130859375,300.0,250.0,0.07,,scenario_engine_v1
SCN_001,Canada Paseo Q1 Price Increase,FORECAST,2015-05-01,Canada,VTT,Channel Partners,SCENARIO,1613.8035888671875,12.0,3.0,0.12,,scenario_engine_v1
SCN_001,Canada Paseo Q1 Price Increase,FORECAST,2015-05-01,Canada,Velo,Midmarket,SCENARIO,1628.571533203125,15.0,10.0,0.0699999999999999,,scenario_engine_v1
SCN_001,Canada Paseo Q1 Price Increase,FORECAST,2015-05-01,France,Amarilla,Enterprise,SCENARIO,2034.7166748046875,125.0,120.0,0.11,,scenario_engine_v1
SCN_001,Canada Paseo Q1 Price Increase,FORECAST,2015-05-01,France,Carretera,Government,SCENARIO,1701.192626953125,20.0,10.0,0.05,,scenario_engine_v1
SCN_001,Canada Paseo Q1 Price Increase,FORECAST,2015-05-01,France,Montana,Government,SCENARIO,1760.6575927734375,350.0,260.0,0.09,,scenario_engine_v1
SCN_001,Canada Paseo Q1 Price Increase,FORECAST,2015-05-01,France,Paseo,Government,SCENARIO,1733.1595458984375,7.0,5.0,0.0099999999999999,,scenario_engine_v1
SCN_001,Canada Paseo Q1 Price Increase,FORECAST,2015-05-01,France,Paseo,Small Business,SCENARIO,1533.50732421875,300.0,250.0,0.02,,scenario_engine_v1
SCN_001,Canada Paseo Q1 Price Increase,FORECAST,2015-05-01,France,VTT,Channel Partners,SCENARIO,1569.345947265625,12.0,3.0,0.04,,scenario_engine_v1
SCN_001,Canada Paseo Q1 Price Increase,FORECAST,2015-05-01,France,Velo,Midmarket,SCENARIO,1715.4644775390625,15.0,10.0,0.15,,scenario_engine_v1
SCN_001,Canada Paseo Q1 Price Increase,FORECAST,2015-05-01,Germany,Amarilla,Enterprise,SCENARIO,1347.2279052734375,125.0,120.0,0.02,,scenario_engine_v1
SCN_001,Canada Paseo Q1 Price Increase,FORECAST,2015-05-01,Germany,Carretera,Government,SCENARIO,1789.2489013671875,20.0,10.0,0.09,,scenario_engine_v1
SCN_001,Canada Paseo Q1 Price Increase,FORECAST,2015-05-01,Germany,Montana,Government,SCENARIO,1674.9879150390625,350.0,260.0,0.06,,scenario_engine_v1
SCN_001,Canada Paseo Q1 Price Increase,FORECAST,2015-05-01,Germany,Paseo,Government,SCENARIO,1539.0836181640625,7.0,5.0,0.08,,scenario_engine_v1
SCN_001,Canada Paseo Q1 Price Increase,FORECAST,2015-05-01,Germany,Paseo,Small Business,SCENARIO,1425.9134521484375,300.0,250.0,0.02,,scenario_engine_v1
SCN_001,Canada Paseo Q1 Price Increase,FORECAST,2015-05-01,Germany,VTT,Channel Partners,SCENARIO,1416.224853515625,12.0,3.0,0.09,,scenario_engine_v1
SCN_001,Canada Paseo Q1 Price Increase,FORECAST,2015-05-01,Germany,Velo,Midmarket,SCENARIO,1589.929443359375,15.0,10.0,0.06,,scenario_engine_v1
SCN_001,Canada Paseo Q1 Price Increase,FORECAST,2015-05-01,Mexico,Amarilla,Government,SCENARIO,1337.9598388671875,20.0,10.0,0.1,,scenario_engine_v1
SCN_001,Canada Paseo Q1 Price Increase,FORECAST,2015-05-01,Mexico,Montana,Channel Partners,SCENARIO,1242.443603515625,12.0,3.0,0.12,,scenario_engine_v1
SCN_001,Canada Paseo Q1 Price Increase,FORECAST,2015-05-01,Mexico,Paseo,Government,SCENARIO,1488.0433349609375,350.0,260.0,0.15,,scenario_engine_v1
SCN_001,Canada Paseo Q1 Price Increase,FORECAST,2015-05-01,Mexico,Paseo,Small Business,SCENARIO,1352.376220703125,300.0,250.0,0.1,,scenario_engine_v1
SCN_001,Canada Paseo Q1 Price Increase,FORECAST,2015-05-01,Mexico,VTT,Enterprise,SCENARIO,1916.7867431640625,125.0,120.0,0.1,,scenario_engine_v1
SCN_001,Canada Paseo Q1 Price Increase,FORECAST,2015-05-01,Mexico,Velo,Government,SCENARIO,1495.88916015625,7.0,5.0,0.01,,scenario_engine_v1
SCN_001,Canada Paseo Q1 Price Increase,FORECAST,2015-05-01,Mexico,Velo,Midmarket,SCENARIO,1127.344970703125,15.0,10.0,0.09,,scenario_engine_v1
SCN_001,Canada Paseo Q1 Price Increase,FORECAST,2015-05-01,United States of America,Amarilla,Enterprise,SCENARIO,1429.8876953125,125.0,120.0,0.14,,scenario_engine_v1
SCN_001,Canada Paseo Q1 Price Increase,FORECAST,2015-05-01,United States of America,Carretera,Government,SCENARIO,1474.576416015625,20.0,10.0,0.1399999999999999,,scenario_engine_v1
SCN_001,Canada Paseo Q1 Price Increase,FORECAST,2015-05-01,United States of America,Montana,Government,SCENARIO,1549.453125,350.0,260.0,0.1,,scenario_engine_v1
SCN_001,Canada Paseo Q1 Price Increase,FORECAST,2015-05-01,United States of America,Paseo,Government,SCENARIO,1506.1884765625,7.0,5.0,0.05,,scenario_engine_v1
SCN_001,Canada Paseo Q1 Price Increase,FORECAST,2015-05-01,United States of America,Paseo,Small Business,SCENARIO,1453.417236328125,300.0,250.0,0.04,,scenario_engine_v1
SCN_001,Canada Paseo Q1 Price Increase,FORECAST,2015-05-01,United States of America,VTT,Channel Partners,SCENARIO,1691.597412109375,12.0,3.0,0.15,,scenario_engine_v1
SCN_001,Canada Paseo Q1 Price Increase,FORECAST,2015-05-01,United States of America,Velo,Midmarket,SCENARIO,1549.4923095703125,15.0,10.0,0.1,,scenario_engine_v1
SCN_001,Canada Paseo Q1 Price Increase,FORECAST,2015-06-01,Canada,Amarilla,Government,SCENARIO,1755.8692626953125,11.994031470428649,6.92078133478025,0.0764057905451255,,scenario_engine_v1
SCN_001,Canada Paseo Q1 Price Increase,FORECAST,2015-06-01,Canada,Carretera,Midmarket,SCENARIO,1997.494873046875,15.0,10.0,0.06,,scenario_engine_v1
SCN_001,Canada Paseo Q1 Price Increase,FORECAST,2015-06-01,Canada,Carretera,Small Business,SCENARIO,2009.16162109375,300.0,250.0,0.09,,scenario_engine_v1
SCN_001,Canada Paseo Q1 Price Increase,FORECAST,2015-06-01,Canada,Montana,Channel Partners,SCENARIO,1843.30078125,12.0,3.0,0.0,,scenario_engine_v1
SCN_001,Canada Paseo Q1 Price Increase,FORECAST,2015-06-01,Canada,Montana,Government,SCENARIO,1526.239013671875,20.0,10.0,0.08,,scenario_engine_v1
SCN_001,Canada Paseo Q1 Price Increase,FORECAST,2015-06-01,Canada,Paseo,Channel Partners,SCENARIO,1778.8958740234375,12.0,3.0,0.0,,scenario_engine_v1
SCN_001,Canada Paseo Q1 Price Increase,FORECAST,2015-06-01,Canada,Paseo,Enterprise,SCENARIO,1493.1522216796875,125.0,120.0,0.13,,scenario_engine_v1
SCN_001,Canada Paseo Q1 Price Increase,FORECAST,2015-06-01,Canada,Paseo,Government,SCENARIO,1594.2525634765625,350.0,260.0,0.13,,scenario_engine_v1
SCN_001,Canada Paseo Q1 Price Increase,FORECAST,2015-06-01,Canada,Paseo,Small Business,SCENARIO,1480.162353515625,300.0,250.0,0.09,,scenario_engine_v1
SCN_001,Canada Paseo Q1 Price Increase,FORECAST,2015-06-01,Canada,VTT,Enterprise,SCENARIO,1570.61572265625,125.0,120.0,0.13,,scenario_engine_v1
SCN_001,Canada Paseo Q1 Price Increase,FORECAST,2015-06-01,Canada,VTT,Midmarket,SCENARIO,1572.4700927734375,15.0,10.0,0.06,,scenario_engine_v1
SCN_001,Canada Paseo Q1 Price Increase,FORECAST,2015-06-01,Canada,Velo,Government,SCENARIO,1479.1829833984375,246.6538359437218,183.1683036899389,0.1294869476777037,,scenario_engine_v1
SCN_001,Canada Paseo Q1 Price Increase,FORECAST,2015-06-01,France,Amarilla,Government,SCENARIO,1697.303466796875,14.991906765943671,8.07381029459372,0.0233837184193478,,scenario_engine_v1
SCN_001,Canada Paseo Q1 Price Increase,FORECAST,2015-06-01,France,Carretera,Midmarket,SCENARIO,1550.850341796875,15.0,10.0,0.0,,scenario_engine_v1
SCN_001,Canada Paseo Q1 Price Increase,FORECAST,2015-06-01,France,Carretera,Small Business,SCENARIO,1618.473388671875,300.0,250.0,0.07,,scenario_engine_v1
SCN_001,Canada Paseo Q1 Price Increase,FORECAST,2015-06-01,France,Montana,Channel Partners,SCENARIO,1714.7926025390625,12.0,3.0,0.03,,scenario_engine_v1
SCN_001,Canada Paseo Q1 Price Increase,FORECAST,2015-06-01,France,Montana,Government,SCENARIO,1651.6483154296875,20.0,10.0,0.0,,scenario_engine_v1
SCN_001,Canada Paseo Q1 Price Increase,FORECAST,2015-06-01,France,Paseo,Channel Partners,SCENARIO,1968.6015625,12.0,3.0,0.03,,scenario_engine_v1
SCN_001,Canada Paseo Q1 Price Increase,FORECAST,2015-06-01,France,Paseo,Enterprise,SCENARIO,1897.241455078125,125.0,120.0,0.01,,scenario_engine_v1
SCN_001,Canada Paseo Q1 Price Increase,FORECAST,2015-06-01,France,Paseo,Government,SCENARIO,1752.8543701171875,350.0,260.0,0.06,,scenario_engine_v1
SCN_001,Canada Paseo Q1 Price Increase,FORECAST,2015-06-01,France,Paseo,Small Business,SCENARIO,1520.25,300.0,250.0,0.07,,scenario_engine_v1
SCN_001,Canada Paseo Q1 Price Increase,FORECAST,2015-06-01,France,VTT,Enterprise,SCENARIO,1827.06103515625,125.0,120.0,0.01,,scenario_engine_v1
SCN_001,Canada Paseo Q1 Price Increase,FORECAST,2015-06-01,France,VTT,Midmarket,SCENARIO,1631.40625,15.0,10.0,0.0,,scenario_engine_v1
SCN_001,Canada Paseo Q1 Price Increase,FORECAST,2015-06-01,France,Velo,Government,SCENARIO,1870.908447265625,198.0379746835443,147.0253164556962,0.0610961968680089,,scenario_engine_v1
SCN_001,Canada Paseo Q1 Price Increase,FORECAST,2015-06-01,Germany,Amarilla,Government,SCENARIO,1739.360107421875,20.0,10.0,0.08,,scenario_engine_v1
SCN_001,Canada Paseo Q1 Price Increase,FORECAST,2015-06-01,Germany,Carretera,Midmarket,SCENARIO,1711.17529296875,15.0,10.0,0.0,,scenario_engine_v1
SCN_001,Canada Paseo Q1 Price Increase,FORECAST,2015-06-01,Germany,Carretera,Small Business,SCENARIO,1374.6068115234375,300.0,250.0,0.03,,scenario_engine_v1
SCN_001,Canada Paseo Q1 Price Increase,FORECAST,2015-06-01,Germany,Montana,Channel Partners,SCENARIO,1480.7535400390625,12.0,3.0,0.0,,scenario_engine_v1
SCN_001,Canada Paseo Q1 Price Increase,FORECAST,2015-06-01,Germany,Paseo,Enterprise,SCENARIO,1690.923583984375,125.0,120.0,0.03,,scenario_engine_v1
SCN_001,Canada Paseo Q1 Price Increase,FORECAST,2015-06-01,Germany,Paseo,Government,SCENARIO,1432.49169921875,159.95784148397976,116.02866779089376,0.0057603710927204,,scenario_engine_v1
SCN_001,Canada Paseo Q1 Price Increase,FORECAST,2015-06-01,Germany,Paseo,Small Business,SCENARIO,1285.580078125,300.0,250.0,0.03,,scenario_engine_v1
SCN_001,Canada Paseo Q1 Price Increase,FORECAST,2015-06-01,Germany,VTT,Enterprise,SCENARIO,1351.3292236328125,125.0,120.0,0.03,,scenario_engine_v1
SCN_001,Canada Paseo Q1 Price Increase,FORECAST,2015-06-01,Germany,VTT,Government,SCENARIO,1574.9058837890625,7.0,5.0,0.08,,scenario_engine_v1
SCN_001,Canada Paseo Q1 Price Increase,FORECAST,2015-06-01,Germany,VTT,Midmarket,SCENARIO,1416.4241943359375,15.0,10.0,0.0,,scenario_engine_v1
SCN_001,Canada Paseo Q1 Price Increase,FORECAST,2015-06-01,Germany,Velo,Channel Partners,SCENARIO,1612.0142822265625,12.0,3.0,0.0,,scenario_engine_v1
SCN_001,Canada Paseo Q1 Price Increase,FORECAST,2015-06-01,Germany,Velo,Government,SCENARIO,1555.851806640625,110.1872009569378,81.71351674641149,0.0035533264941677,,scenario_engine_v1
SCN_001,Canada Paseo Q1 Price Increase,FORECAST,2015-06-01,Mexico,Amarilla,Government,SCENARIO,1777.6817626953125,20.0,10.0,0.09,,scenario_engine_v1
SCN_001,Canada Paseo Q1 Price Increase,FORECAST,2015-06-01,Mexico,Amarilla,Small Business,SCENARIO,1363.104736328125,300.0,250.0,0.08,,scenario_engine_v1
SCN_001,Canada Paseo Q1 Price Increase,FORECAST,2015-06-01,Mexico,Carretera,Government,SCENARIO,1458.955810546875,350.0,260.0,0.12,,scenario_engine_v1
SCN_001,Canada Paseo Q1 Price Increase,FORECAST,2015-06-01,Mexico,Carretera,Midmarket,SCENARIO,1456.015380859375,15.0,10.0,0.0,,scenario_engine_v1
SCN_001,Canada Paseo Q1 Price Increase,FORECAST,2015-06-01,Mexico,Montana,Channel Partners,SCENARIO,1201.6431884765625,12.0,3.0,0.13,,scenario_engine_v1
SCN_001,Canada Paseo Q1 Price Increase,FORECAST,2015-06-01,Mexico,Montana,Midmarket,SCENARIO,1571.4454345703125,15.0,10.0,0.0,,scenario_engine_v1
SCN_001,Canada Paseo Q1 Price Increase,FORECAST,2015-06-01,Mexico,Paseo,Enterprise,SCENARIO,1595.8172607421875,125.0,120.0,0.02,,scenario_engine_v1
SCN_001,Canada Paseo Q1 Price Increase,FORECAST,2015-06-01,Mexico,Paseo,Government,SCENARIO,1311.5218505859375,171.96465696465697,125.12474012474011,0.1181176328356404,,scenario_engine_v1
SCN_001,Canada Paseo Q1 Price Increase,FORECAST,2015-06-01,Mexico,Paseo,Small Business,SCENARIO,1285.9481201171875,300.0,250.0,0.08,,scenario_engine_v1
SCN_001,Canada Paseo Q1 Price Increase,FORECAST,2015-06-01,Mexico,VTT,Enterprise,SCENARIO,1602.135009765625,125.0,120.0,0.02,,scenario_engine_v1
SCN_001,Canada Paseo Q1 Price Increase,FORECAST,2015-06-01,Mexico,VTT,Government,SCENARIO,1676.19677734375,7.0,5.0,0.06,,scenario_engine_v1
SCN_001,Canada Paseo Q1 Price Increase,FORECAST,2015-06-01,Mexico,Velo,Channel Partners,SCENARIO,1182.28955078125,12.0,3.0,0.13,,scenario_engine_v1
SCN_001,Canada Paseo Q1 Price Increase,FORECAST,2015-06-01,Mexico,Velo,Government,SCENARIO,1565.117919921875,7.0,5.0,0.06,,scenario_engine_v1
SCN_001,Canada Paseo Q1 Price Increase,FORECAST,2015-06-01,United States of America,Amarilla,Government,SCENARIO,1914.300048828125,10.978515158749104,6.530198137980425,0.08,,scenario_engine_v1
SCN_001,Canada Paseo Q1 Price Increase,FORECAST,2015-06-01,United States of America,Carretera,Midmarket,SCENARIO,1816.9140625,15.0,10.0,0.1299999999999999,,scenario_engine_v1
SCN_001,Canada Paseo Q1 Price Increase,FORECAST,2015-06-01,United States of America,Carretera,Small Business,SCENARIO,1995.3223876953125,300.0,250.0,0.05,,scenario_engine_v1
SCN_001,Canada Paseo Q1 Price Increase,FORECAST,2015-06-01,United States of America,Montana,Channel Partners,SCENARIO,1808.494873046875,12.0,3.0,0.02,,scenario_engine_v1
SCN_001,Canada Paseo Q1 Price Increase,FORECAST,2015-06-01,United States of America,Montana,Government,SCENARIO,1537.6441650390625,20.0,10.0,0.0799999999999999,,scenario_engine_v1
SCN_001,Canada Paseo Q1 Price Increase,FORECAST,2015-06-01,United States of America,Paseo,Channel Partners,SCENARIO,1608.8853759765625,12.0,3.0,0.02,,scenario_engine_v1
SCN_001,Canada Paseo Q1 Price Increase,FORECAST,2015-06-01,United States of America,Paseo,Enterprise,SCENARIO,1547.4420166015625,125.0,120.0,0.01,,scenario_engine_v1
SCN_001,Canada Paseo Q1 Price Increase,FORECAST,2015-06-01,United States of America,Paseo,Government,SCENARIO,1578.654052734375,350.0,260.0,0.05,,scenario_engine_v1
SCN_001,Canada Paseo Q1 Price Increase,FORECAST,2015-06-01,United States of America,Paseo,Small Business,SCENARIO,1564.49072265625,300.0,250.0,0.05,,scenario_engine_v1
SCN_001,Canada Paseo Q1 Price Increase,FORECAST,2015-06-01,United States of America,VTT,Enterprise,SCENARIO,1816.67138671875,125.0,120.0,0.01,,scenario_engine_v1
SCN_001,Canada Paseo Q1 Price Increase,FORECAST,2015-06-01,United States of America,VTT,Midmarket,SCENARIO,1559.0850830078125,15.0,10.0,0.1299999999999999,,scenario_engine_v1
SCN_001,Canada Paseo Q1 Price Increase,FORECAST,2015-06-01,United States of America,Velo,Government,SCENARIO,1691.821044921875,65.84468509546879,48.74750641208321,0.0526421668131002,,scenario_engine_v1
SCN_001,Canada Paseo Q1 Price Increase,FORECAST,2015-07-01,Canada,Amarilla,Midmarket,SCENARIO,1916.1448974609373,15.0,10.0,0.09,,scenario_engine_v1
SCN_001,Canada Paseo Q1 Price Increase,FORECAST,2015-07-01,Canada,Carretera,Government,SCENARIO,1472.9849853515625,7.0,5.0,0.09,,scenario_engine_v1
SCN_001,Canada Paseo Q1 Price Increase,FORECAST,2015-07-01,Canada,Montana,Enterprise,SCENARIO,1331.92919921875,125.0,120.0,0.0,,scenario_engine_v1
SCN_001,Canada Paseo Q1 Price Increase,FORECAST,2015-07-01,Canada,Paseo,Channel Partners,SCENARIO,1467.469482421875,12.0,3.0,0.11,,scenario_engine_v1
SCN_001,Canada Paseo Q1 Price Increase,FORECAST,2015-07-01,Canada,Paseo,Government,SCENARIO,1530.3365478515625,350.0,260.0,0.11,,scenario_engine_v1
SCN_001,Canada Paseo Q1 Price Increase,FORECAST,2015-07-01,Canada,VTT,Government,SCENARIO,1556.110107421875,20.0,10.0,0.15,,scenario_engine_v1
SCN_001,Canada Paseo Q1 Price Increase,FORECAST,2015-07-01,Canada,Velo,Small Business,SCENARIO,1480.5281982421875,300.0,250.0,0.09,,scenario_engine_v1
SCN_001,Canada Paseo Q1 Price Increase,FORECAST,2015-07-01,France,Amarilla,Government,SCENARIO,1509.2373046875,7.0,5.0,0.12,,scenario_engine_v1
SCN_001,Canada Paseo Q1 Price Increase,FORECAST,2015-07-01,France,Montana,Government,SCENARIO,1720.28466796875,20.0,10.0,0.01,,scenario_engine_v1
SCN_001,Canada Paseo Q1 Price Increase,FORECAST,2015-07-01,France,Paseo,Channel Partners,SCENARIO,1674.205810546875,12.0,3.0,0.11,,scenario_engine_v1
SCN_001,Canada Paseo Q1 Price Increase,FORECAST,2015-07-01,France,Paseo,Enterprise,SCENARIO,1778.005859375,125.0,120.0,0.04,,scenario_engine_v1
SCN_001,Canada Paseo Q1 Price Increase,FORECAST,2015-07-01,France,VTT,Midmarket,SCENARIO,1833.8763427734373,15.0,10.0,0.12,,scenario_engine_v1
SCN_001,Canada Paseo Q1 Price Increase,FORECAST,2015-07-01,France,Velo,Government,SCENARIO,1483.5159912109375,350.0,260.0,0.1,,scenario_engine_v1
SCN_001,Canada Paseo Q1 Price Increase,FORECAST,2015-07-01,France,Velo,Small Business,SCENARIO,1416.5120849609375,300.0,250.0,0.07,,scenario_engine_v1
SCN_001,Canada Paseo Q1 Price Increase,FORECAST,2015-07-01,Germany,Amarilla,Government,SCENARIO,1601.0743408203125,7.0,5.0,0.0,,scenario_engine_v1
SCN_001,Canada Paseo Q1 Price Increase,FORECAST,2015-07-01,Germany,Carretera,Small Business,SCENARIO,1382.1029052734375,300.0,250.0,0.11,,scenario_engine_v1
SCN_001,Canada Paseo Q1 Price Increase,FORECAST,2015-07-01,Germany,Montana,Government,SCENARIO,1537.695556640625,20.0,10.0,0.08,,scenario_engine_v1
SCN_001,Canada Paseo Q1 Price Increase,FORECAST,2015-07-01,Germany,Paseo,Channel Partners,SCENARIO,1424.201904296875,12.0,3.0,0.0,,scenario_engine_v1
SCN_001,Canada Paseo Q1 Price Increase,FORECAST,2015-07-01,Germany,Paseo,Enterprise,SCENARIO,1439.22265625,125.0,120.0,0.07,,scenario_engine_v1
SCN_001,Canada Paseo Q1 Price Increase,FORECAST,2015-07-01,Germany,VTT,Midmarket,SCENARIO,1567.4495849609375,15.0,10.0,0.15,,scenario_engine_v1
SCN_001,Canada Paseo Q1 Price Increase,FORECAST,2015-07-01,Germany,Velo,Government,SCENARIO,1405.2080078125,350.0,260.0,0.09,,scenario_engine_v1
SCN_001,Canada Paseo Q1 Price Increase,FORECAST,2015-07-01,Mexico,Amarilla,Government,SCENARIO,1942.6220703125,7.0,5.0,0.0499999999999999,,scenario_engine_v1
SCN_001,Canada Paseo Q1 Price Increase,FORECAST,2015-07-01,Mexico,Carretera,Small Business,SCENARIO,1177.9664306640625,300.0,250.0,0.14,,scenario_engine_v1
SCN_001,Canada Paseo Q1 Price Increase,FORECAST,2015-07-01,Mexico,Montana,Government,SCENARIO,1882.0462646484373,20.0,10.0,0.13,,scenario_engine_v1
SCN_001,Canada Paseo Q1 Price Increase,FORECAST,2015-07-01,Mexico,Paseo,Channel Partners,SCENARIO,1416.184326171875,12.0,3.0,0.13,,scenario_engine_v1
SCN_001,Canada Paseo Q1 Price Increase,FORECAST,2015-07-01,Mexico,Paseo,Enterprise,SCENARIO,1564.77001953125,125.0,120.0,0.01,,scenario_engine_v1
SCN_001,Canada Paseo Q1 Price Increase,FORECAST,2015-07-01,Mexico,VTT,Midmarket,SCENARIO,1370.465576171875,15.0,10.0,0.1,,scenario_engine_v1
SCN_001,Canada Paseo Q1 Price Increase,FORECAST,2015-07-01,Mexico,Velo,Government,SCENARIO,1611.4898681640625,350.0,260.0,0.12,,scenario_engine_v1
SCN_001,Canada Paseo Q1 Price Increase,FORECAST,2015-07-01,United States of America,Amarilla,Midmarket,SCENARIO,2035.8177490234373,15.0,10.0,0.1099999999999999,,scenario_engine_v1
SCN_001,Canada Paseo Q1 Price Increase,FORECAST,2015-07-01,United States of America,Carretera,Government,SCENARIO,1377.5413818359375,7.0,5.0,0.01,,scenario_engine_v1
SCN_001,Canada Paseo Q1 Price Increase,FORECAST,2015-07-01,United States of America,Montana,Enterprise,SCENARIO,1563.107421875,125.0,120.0,0.05,,scenario_engine_v1
SCN_001,Canada Paseo Q1 Price Increase,FORECAST,2015-07-01,United States of America,Paseo,Channel Partners,SCENARIO,1869.5628662109373,12.0,3.0,0.03,,scenario_engine_v1
SCN_001,Canada Paseo Q1 Price Increase,FORECAST,2015-07-01,United States of America,Paseo,Government,SCENARIO,1405.84375,350.0,260.0,0.04,,scenario_engine_v1
SCN_001,Canada Paseo Q1 Price Increase,FORECAST,2015-07-01,United States of America,VTT,Government,SCENARIO,1573.15966796875,20.0,10.0,0.08,,scenario_engine_v1
SCN_001,Canada Paseo Q1 Price Increase,FORECAST,2015-07-01,United States of America,Velo,Small Business,SCENARIO,1746.052490234375,300.0,250.0,0.14,,scenario_engine_v1
SCN_001,Canada Paseo Q1 Price Increase,FORECAST,2015-08-01,Canada,Amarilla,Government,SCENARIO,1811.3323974609373,350.0,260.0,0.05,,scenario_engine_v1
SCN_001,Canada Paseo Q1 Price Increase,FORECAST,2015-08-01,Canada,Carretera,Channel Partners,SCENARIO,2183.38427734375,12.0,3.0,0.0699999999999999,,scenario_engine_v1
SCN_001,Canada Paseo Q1 Price Increase,FORECAST,2015-08-01,Canada,Montana,Government,SCENARIO,1789.791015625,7.0,5.0,0.01,,scenario_engine_v1
SCN_001,Canada Paseo Q1 Price Increase,FORECAST,2015-08-01,Canada,Paseo,Government,SCENARIO,1456.177978515625,20.0,10.0,0.11,,scenario_engine_v1
SCN_001,Canada Paseo Q1 Price Increase,FORECAST,2015-08-01,Canada,Paseo,Midmarket,SCENARIO,1419.9736328125,15.0,10.0,0.15,,scenario_engine_v1
SCN_001,Canada Paseo Q1 Price Increase,FORECAST,2015-08-01,Canada,VTT,Small Business,SCENARIO,1354.94580078125,300.0,250.0,0.03,,scenario_engine_v1
SCN_001,Canada Paseo Q1 Price Increase,FORECAST,2015-08-01,Canada,Velo,Enterprise,SCENARIO,1474.4412841796875,125.0,120.0,0.01,,scenario_engine_v1
SCN_001,Canada Paseo Q1 Price Increase,FORECAST,2015-08-01,France,Amarilla,Channel Partners,SCENARIO,1162.04443359375,12.0,3.0,0.14,,scenario_engine_v1
SCN_001,Canada Paseo Q1 Price Increase,FORECAST,2015-08-01,France,Carretera,Enterprise,SCENARIO,1586.05078125,125.0,120.0,0.15,,scenario_engine_v1
SCN_001,Canada Paseo Q1 Price Increase,FORECAST,2015-08-01,France,Montana,Small Business,SCENARIO,1576.4095458984375,300.0,250.0,0.08,,scenario_engine_v1
SCN_001,Canada Paseo Q1 Price Increase,FORECAST,2015-08-01,France,Paseo,Government,SCENARIO,1517.118896484375,7.0,5.0,0.13,,scenario_engine_v1
SCN_001,Canada Paseo Q1 Price Increase,FORECAST,2015-08-01,France,Paseo,Midmarket,SCENARIO,1541.5552978515625,15.0,10.0,0.07,,scenario_engine_v1
SCN_001,Canada Paseo Q1 Price Increase,FORECAST,2015-08-01,France,VTT,Government,SCENARIO,1777.3994140625,350.0,260.0,0.08,,scenario_engine_v1
SCN_001,Canada Paseo Q1 Price Increase,FORECAST,2015-08-01,France,Velo,Government,SCENARIO,1581.6185302734375,20.0,10.0,0.05,,scenario_engine_v1
SCN_001,Canada Paseo Q1 Price Increase,FORECAST,2015-08-01,Germany,Amarilla,Channel Partners,SCENARIO,1288.112548828125,12.0,3.0,0.1,,scenario_engine_v1
SCN_001,Canada Paseo Q1 Price Increase,FORECAST,2015-08-01,Germany,Carretera,Enterprise,SCENARIO,1411.92724609375,125.0,120.0,0.15,,scenario_engine_v1
SCN_001,Canada Paseo Q1 Price Increase,FORECAST,2015-08-01,Germany,Montana,Small Business,SCENARIO,1008.4784545898438,300.0,250.0,0.04,,scenario_engine_v1
SCN_001,Canada Paseo Q1 Price Increase,FORECAST,2015-08-01,Germany,Paseo,Government,SCENARIO,1591.6136474609375,7.0,5.0,0.08,,scenario_engine_v1
SCN_001,Canada Paseo Q1 Price Increase,FORECAST,2015-08-01,Germany,Paseo,Midmarket,SCENARIO,1634.8309326171875,15.0,10.0,0.06,,scenario_engine_v1
SCN_001,Canada Paseo Q1 Price Increase,FORECAST,2015-08-01,Germany,VTT,Government,SCENARIO,1897.7420654296875,350.0,260.0,0.08,,scenario_engine_v1
SCN_001,Canada Paseo Q1 Price Increase,FORECAST,2015-08-01,Germany,Velo,Government,SCENARIO,1506.3236083984375,20.0,10.0,0.06,,scenario_engine_v1
SCN_001,Canada Paseo Q1 Price Increase,FORECAST,2015-08-01,Mexico,Amarilla,Channel Partners,SCENARIO,1396.5413818359375,12.0,3.0,0.0499999999999999,,scenario_engine_v1
SCN_001,Canada Paseo Q1 Price Increase,FORECAST,2015-08-01,Mexico,Carretera,Enterprise,SCENARIO,1455.1763916015625,125.0,120.0,0.08,,scenario_engine_v1
SCN_001,Canada Paseo Q1 Price Increase,FORECAST,2015-08-01,Mexico,Montana,Small Business,SCENARIO,1686.72802734375,300.0,250.0,0.0,,scenario_engine_v1
SCN_001,Canada Paseo Q1 Price Increase,FORECAST,2015-08-01,Mexico,Paseo,Government,SCENARIO,1516.6136474609375,7.0,5.0,0.0,,scenario_engine_v1
SCN_001,Canada Paseo Q1 Price Increase,FORECAST,2015-08-01,Mexico,Paseo,Midmarket,SCENARIO,1598.6904296875,15.0,10.0,0.11,,scenario_engine_v1
SCN_001,Canada Paseo Q1 Price Increase,FORECAST,2015-08-01,Mexico,VTT,Government,SCENARIO,1753.475830078125,350.0,260.0,0.03,,scenario_engine_v1
SCN_001,Canada Paseo Q1 Price Increase,FORECAST,2015-08-01,Mexico,Velo,Government,SCENARIO,1370.093505859375,20.0,10.0,0.07,,scenario_engine_v1
SCN_001,Canada Paseo Q1 Price Increase,FORECAST,2015-08-01,United States of America,Amarilla,Channel Partners,SCENARIO,1548.043212890625,12.0,3.0,0.0,,scenario_engine_v1
SCN_001,Canada Paseo Q1 Price Increase,FORECAST,2015-08-01,United States of America,Paseo,Government,SCENARIO,1578.654052734375,7.0,5.0,0.08,,scenario_engine_v1
SCN_001,Canada Paseo Q1 Price Increase,FORECAST,2015-08-01,United States of America,Paseo,Midmarket,SCENARIO,1679.1279296875,15.0,10.0,0.06,,scenario_engine_v1
SCN_001,Canada Paseo Q1 Price Increase,FORECAST,2015-08-01,United States of America,VTT,Government,SCENARIO,1480.85888671875,350.0,260.0,0.1,,scenario_engine_v1
SCN_001,Canada Paseo Q1 Price Increase,FORECAST,2015-08-01,United States of America,VTT,Small Business,SCENARIO,1610.897216796875,300.0,250.0,0.14,,scenario_engine_v1
SCN_001,Canada Paseo Q1 Price Increase,FORECAST,2015-08-01,United States of America,Velo,Enterprise,SCENARIO,1489.415771484375,125.0,120.0,0.0,,scenario_engine_v1
SCN_001,Canada Paseo Q1 Price Increase,FORECAST,2015-08-01,United States of America,Velo,Government,SCENARIO,1225.7738037109375,20.0,10.0,0.05,,scenario_engine_v1
SCN_001,Canada Paseo Q1 Price Increase,FORECAST,2015-09-01,Canada,Amarilla,Government,SCENARIO,1731.425537109375,350.0,260.0,0.1,,scenario_engine_v1
SCN_001,Canada Paseo Q1 Price Increase,FORECAST,2015-09-01,Canada,Carretera,Channel Partners,SCENARIO,1582.9495849609375,12.0,3.0,0.01,,scenario_engine_v1
SCN_001,Canada Paseo Q1 Price Increase,FORECAST,2015-09-01,Canada,Montana,Government,SCENARIO,1672.549072265625,7.0,5.0,0.14,,scenario_engine_v1
SCN_001,Canada Paseo Q1 Price Increase,FORECAST,2015-09-01,Canada,Paseo,Government,SCENARIO,1637.471923828125,20.0,10.0,0.04,,scenario_engine_v1
SCN_001,Canada Paseo Q1 Price Increase,FORECAST,2015-09-01,Canada,Paseo,Midmarket,SCENARIO,2116.96337890625,15.0,10.0,0.04,,scenario_engine_v1
SCN_001,Canada Paseo Q1 Price Increase,FORECAST,2015-09-01,Canada,VTT,Small Business,SCENARIO,1688.005615234375,300.0,250.0,0.08,,scenario_engine_v1
SCN_001,Canada Paseo Q1 Price Increase,FORECAST,2015-09-01,Canada,Velo,Enterprise,SCENARIO,1632.4114990234375,125.0,120.0,0.09,,scenario_engine_v1
SCN_001,Canada Paseo Q1 Price Increase,FORECAST,2015-09-01,France,Amarilla,Government,SCENARIO,1629.401611328125,350.0,260.0,0.07,,scenario_engine_v1
SCN_001,Canada Paseo Q1 Price Increase,FORECAST,2015-09-01,France,Carretera,Channel Partners,SCENARIO,1529.083984375,12.0,3.0,0.01,,scenario_engine_v1
SCN_001,Canada Paseo Q1 Price Increase,FORECAST,2015-09-01,France,Montana,Government,SCENARIO,1672.81640625,7.0,5.0,0.03,,scenario_engine_v1
SCN_001,Canada Paseo Q1 Price Increase,FORECAST,2015-09-01,France,Paseo,Government,SCENARIO,1703.567626953125,20.0,10.0,0.07,,scenario_engine_v1
SCN_001,Canada Paseo Q1 Price Increase,FORECAST,2015-09-01,France,Paseo,Midmarket,SCENARIO,1839.2159423828125,15.0,10.0,0.05,,scenario_engine_v1
SCN_001,Canada Paseo Q1 Price Increase,FORECAST,2015-09-01,France,VTT,Small Business,SCENARIO,1400.1993408203125,300.0,250.0,0.0,,scenario_engine_v1
SCN_001,Canada Paseo Q1 Price Increase,FORECAST,2015-09-01,France,Velo,Enterprise,SCENARIO,1708.7659912109375,125.0,120.0,0.15,,scenario_engine_v1
SCN_001,Canada Paseo Q1 Price Increase,FORECAST,2015-09-01,Germany,Amarilla,Government,SCENARIO,1491.861083984375,350.0,260.0,0.04,,scenario_engine_v1
SCN_001,Canada Paseo Q1 Price Increase,FORECAST,2015-09-01,Germany,Carretera,Channel Partners,SCENARIO,1497.3323974609375,12.0,3.0,0.09,,scenario_engine_v1
SCN_001,Canada Paseo Q1 Price Increase,FORECAST,2015-09-01,Germany,Montana,Government,SCENARIO,1341.31982421875,7.0,5.0,0.0,,scenario_engine_v1
SCN_001,Canada Paseo Q1 Price Increase,FORECAST,2015-09-01,Germany,Paseo,Government,SCENARIO,1448.0523681640625,20.0,10.0,0.08,,scenario_engine_v1
SCN_001,Canada Paseo Q1 Price Increase,FORECAST,2015-09-01,Germany,Paseo,Midmarket,SCENARIO,1391.138671875,15.0,10.0,0.01,,scenario_engine_v1
SCN_001,Canada Paseo Q1 Price Increase,FORECAST,2015-09-01,Germany,VTT,Small Business,SCENARIO,1546.4603271484375,300.0,250.0,0.01,,scenario_engine_v1
SCN_001,Canada Paseo Q1 Price Increase,FORECAST,2015-09-01,Germany,Velo,Enterprise,SCENARIO,1255.874755859375,125.0,120.0,0.07,,scenario_engine_v1
SCN_001,Canada Paseo Q1 Price Increase,FORECAST,2015-09-01,Mexico,Amarilla,Government,SCENARIO,1696.4136962890625,350.0,260.0,0.06,,scenario_engine_v1
SCN_001,Canada Paseo Q1 Price Increase,FORECAST,2015-09-01,Mexico,Carretera,Channel Partners,SCENARIO,1367.010498046875,12.0,3.0,0.06,,scenario_engine_v1
SCN_001,Canada Paseo Q1 Price Increase,FORECAST,2015-09-01,Mexico,Montana,Government,SCENARIO,1421.817138671875,7.0,5.0,0.12,,scenario_engine_v1
SCN_001,Canada Paseo Q1 Price Increase,FORECAST,2015-09-01,Mexico,Paseo,Government,SCENARIO,1630.60791015625,20.0,10.0,0.08,,scenario_engine_v1
SCN_001,Canada Paseo Q1 Price Increase,FORECAST,2015-09-01,Mexico,Paseo,Midmarket,SCENARIO,1445.971923828125,15.0,10.0,0.0,,scenario_engine_v1
SCN_001,Canada Paseo Q1 Price Increase,FORECAST,2015-09-01,Mexico,VTT,Small Business,SCENARIO,1357.636962890625,300.0,250.0,0.1,,scenario_engine_v1
SCN_001,Canada Paseo Q1 Price Increase,FORECAST,2015-09-01,Mexico,Velo,Enterprise,SCENARIO,1435.227783203125,125.0,120.0,0.09,,scenario_engine_v1
SCN_001,Canada Paseo Q1 Price Increase,FORECAST,2015-09-01,United States of America,Amarilla,Government,SCENARIO,1733.4903564453125,350.0,260.0,0.09,,scenario_engine_v1
SCN_001,Canada Paseo Q1 Price Increase,FORECAST,2015-09-01,United States of America,Carretera,Channel Partners,SCENARIO,1617.9901123046875,12.0,3.0,0.03,,scenario_engine_v1
SCN_001,Canada Paseo Q1 Price Increase,FORECAST,2015-09-01,United States of America,Montana,Government,SCENARIO,1514.3402099609375,7.0,5.0,0.0999999999999999,,scenario_engine_v1
SCN_001,Canada Paseo Q1 Price Increase,FORECAST,2015-09-01,United States of America,Paseo,Government,SCENARIO,1580.1627197265625,20.0,10.0,0.04,,scenario_engine_v1
SCN_001,Canada Paseo Q1 Price Increase,FORECAST,2015-09-01,United States of America,Paseo,Midmarket,SCENARIO,1651.4072265625,15.0,10.0,0.1399999999999999,,scenario_engine_v1
SCN_001,Canada Paseo Q1 Price Increase,FORECAST,2015-09-01,United States of America,VTT,Small Business,SCENARIO,1491.1785888671875,300.0,250.0,0.09,,scenario_engine_v1
SCN_001,Canada Paseo Q1 Price Increase,FORECAST,2015-09-01,United States of America,Velo,Enterprise,SCENARIO,1383.4384765625,125.0,120.0,0.1,,scenario_engine_v1
SCN_001,Canada Paseo Q1 Price Increase,FORECAST,2015-10-01,Canada,Amarilla,Government,SCENARIO,1608.2269287109375,115.73519860104922,85.8381214089433,0.0912392723316813,,scenario_engine_v1
SCN_001,Canada Paseo Q1 Price Increase,FORECAST,2015-10-01,Canada,Carretera,Channel Partners,SCENARIO,1652.9388427734375,12.0,3.0,0.02,,scenario_engine_v1
SCN_001,Canada Paseo Q1 Price Increase,FORECAST,2015-10-01,Canada,Carretera,Small Business,SCENARIO,1398.2730712890625,300.0,250.0,0.14,,scenario_engine_v1
SCN_001,Canada Paseo Q1 Price Increase,FORECAST,2015-10-01,Canada,Montana,Government,SCENARIO,1639.7117919921875,11.076575445643988,6.567913632939995,0.125662088036629,,scenario_engine_v1
SCN_001,Canada Paseo Q1 Price Increase,FORECAST,2015-10-01,Canada,Paseo,Channel Partners,SCENARIO,1707.74072265625,12.0,3.0,0.02,,scenario_engine_v1
SCN_001,Canada Paseo Q1 Price Increase,FORECAST,2015-10-01,Canada,Paseo,Enterprise,SCENARIO,1659.384521484375,125.0,120.0,0.03,,scenario_engine_v1
SCN_001,Canada Paseo Q1 Price Increase,FORECAST,2015-10-01,Canada,Paseo,Government,SCENARIO,1751.1107177734375,20.0,10.0,0.13,,scenario_engine_v1
SCN_001,Canada Paseo Q1 Price Increase,FORECAST,2015-10-01,Canada,Paseo,Midmarket,SCENARIO,1551.943603515625,15.0,10.0,0.13,,scenario_engine_v1
SCN_001,Canada Paseo Q1 Price Increase,FORECAST,2015-10-01,Canada,VTT,Midmarket,SCENARIO,1690.2742919921875,15.0,10.0,0.13,,scenario_engine_v1
SCN_001,Canada Paseo Q1 Price Increase,FORECAST,2015-10-01,Canada,VTT,Small Business,SCENARIO,1805.1492919921875,300.0,250.0,0.14,,scenario_engine_v1
SCN_001,Canada Paseo Q1 Price Increase,FORECAST,2015-10-01,Canada,Velo,Enterprise,SCENARIO,1438.73779296875,125.0,120.0,0.03,,scenario_engine_v1
SCN_001,Canada Paseo Q1 Price Increase,FORECAST,2015-10-01,Canada,Velo,Government,SCENARIO,1530.94921875,350.0,260.0,0.09,,scenario_engine_v1
SCN_001,Canada Paseo Q1 Price Increase,FORECAST,2015-10-01,France,Amarilla,Channel Partners,SCENARIO,1865.5595703125,12.0,3.0,0.1399999999999999,,scenario_engine_v1
SCN_001,Canada Paseo Q1 Price Increase,FORECAST,2015-10-01,France,Amarilla,Government,SCENARIO,1580.1378173828125,7.0,5.0,0.14,,scenario_engine_v1
SCN_001,Canada Paseo Q1 Price Increase,FORECAST,2015-10-01,France,Carretera,Enterprise,SCENARIO,1674.906494140625,125.0,120.0,0.11,,scenario_engine_v1
SCN_001,Canada Paseo Q1 Price Increase,FORECAST,2015-10-01,France,Carretera,Small Business,SCENARIO,1359.5928955078125,300.0,250.0,0.07,,scenario_engine_v1
SCN_001,Canada Paseo Q1 Price Increase,FORECAST,2015-10-01,France,Montana,Government,SCENARIO,1488.2293701171875,20.0,10.0,0.07,,scenario_engine_v1
SCN_001,Canada Paseo Q1 Price Increase,FORECAST,2015-10-01,France,Montana,Small Business,SCENARIO,1422.9757080078125,300.0,250.0,0.07,,scenario_engine_v1
SCN_001,Canada Paseo Q1 Price Increase,FORECAST,2015-10-01,France,Paseo,Channel Partners,SCENARIO,1556.161376953125,12.0,3.0,0.1399999999999999,,scenario_engine_v1
SCN_001,Canada Paseo Q1 Price Increase,FORECAST,2015-10-01,France,Paseo,Enterprise,SCENARIO,1471.45849609375,125.0,120.0,0.11,,scenario_engine_v1
SCN_001,Canada Paseo Q1 Price Increase,FORECAST,2015-10-01,France,Paseo,Government,SCENARIO,1725.0360107421875,7.0,5.0,0.14,,scenario_engine_v1
SCN_001,Canada Paseo Q1 Price Increase,FORECAST,2015-10-01,France,Paseo,Midmarket,SCENARIO,1804.622314453125,15.0,10.0,0.09,,scenario_engine_v1
SCN_001,Canada Paseo Q1 Price Increase,FORECAST,2015-10-01,France,VTT,Government,SCENARIO,1576.796875,350.0,260.0,0.04,,scenario_engine_v1
SCN_001,Canada Paseo Q1 Price Increase,FORECAST,2015-10-01,France,VTT,Midmarket,SCENARIO,1813.80126953125,15.0,10.0,0.09,,scenario_engine_v1
SCN_001,Canada Paseo Q1 Price Increase,FORECAST,2015-10-01,France,Velo,Government,SCENARIO,1456.5018310546875,192.9857934023597,141.04984348663618,0.0414792818196563,,scenario_engine_v1
SCN_001,Canada Paseo Q1 Price Increase,FORECAST,2015-10-01,Germany,Amarilla,Channel Partners,SCENARIO,1567.048828125,12.0,3.0,0.1099999999999999,,scenario_engine_v1
SCN_001,Canada Paseo Q1 Price Increase,FORECAST,2015-10-01,Germany,Carretera,Enterprise,SCENARIO,1669.0255126953125,125.0,120.0,0.15,,scenario_engine_v1
SCN_001,Canada Paseo Q1 Price Increase,FORECAST,2015-10-01,Germany,Carretera,Small Business,SCENARIO,1441.678466796875,300.0,250.0,0.04,,scenario_engine_v1
SCN_001,Canada Paseo Q1 Price Increase,FORECAST,2015-10-01,Germany,Montana,Small Business,SCENARIO,1287.2572021484375,300.0,250.0,0.04,,scenario_engine_v1
SCN_001,Canada Paseo Q1 Price Increase,FORECAST,2015-10-01,Germany,Paseo,Enterprise,SCENARIO,1502.228759765625,125.0,120.0,0.15,,scenario_engine_v1
SCN_001,Canada Paseo Q1 Price Increase,FORECAST,2015-10-01,Germany,Paseo,Government,SCENARIO,1466.783447265625,12.21297836938436,7.004991680532446,0.096566757493188,,scenario_engine_v1
SCN_001,Canada Paseo Q1 Price Increase,FORECAST,2015-10-01,Germany,Paseo,Midmarket,SCENARIO,1389.35009765625,15.0,10.0,0.15,,scenario_engine_v1
SCN_001,Canada Paseo Q1 Price Increase,FORECAST,2015-10-01,Germany,VTT,Government,SCENARIO,1566.9732666015625,311.85356811862835,231.6404077849861,0.0201747451633035,,scenario_engine_v1
SCN_001,Canada Paseo Q1 Price Increase,FORECAST,2015-10-01,Germany,VTT,Midmarket,SCENARIO,1430.813232421875,15.0,10.0,0.15,,scenario_engine_v1
SCN_001,Canada Paseo Q1 Price Increase,FORECAST,2015-10-01,Germany,Velo,Channel Partners,SCENARIO,1584.534912109375,12.0,3.0,0.1099999999999999,,scenario_engine_v1
SCN_001,Canada Paseo Q1 Price Increase,FORECAST,2015-10-01,Germany,Velo,Government,SCENARIO,1314.7890625,324.49326491340605,240.6767158434894,0.0203811142848671,,scenario_engine_v1
SCN_001,Canada Paseo Q1 Price Increase,FORECAST,2015-10-01,Mexico,Amarilla,Channel Partners,SCENARIO,1197.6727294921875,12.0,3.0,0.13,,scenario_engine_v1
SCN_001,Canada Paseo Q1 Price Increase,FORECAST,2015-10-01,Mexico,Amarilla,Small Business,SCENARIO,1262.672607421875,300.0,250.0,0.15,,scenario_engine_v1
SCN_001,Canada Paseo Q1 Price Increase,FORECAST,2015-10-01,Mexico,Carretera,Enterprise,SCENARIO,1524.9920654296875,125.0,120.0,0.12,,scenario_engine_v1
SCN_001,Canada Paseo Q1 Price Increase,FORECAST,2015-10-01,Mexico,Carretera,Government,SCENARIO,1692.462890625,350.0,260.0,0.01,,scenario_engine_v1
SCN_001,Canada Paseo Q1 Price Increase,FORECAST,2015-10-01,Mexico,Montana,Midmarket,SCENARIO,1543.8857421875,15.0,10.0,0.0399999999999999,,scenario_engine_v1
SCN_001,Canada Paseo Q1 Price Increase,FORECAST,2015-10-01,Mexico,Montana,Small Business,SCENARIO,1226.2049560546875,300.0,250.0,0.15,,scenario_engine_v1
SCN_001,Canada Paseo Q1 Price Increase,FORECAST,2015-10-01,Mexico,Paseo,Enterprise,SCENARIO,1408.330078125,125.0,120.0,0.12,,scenario_engine_v1
SCN_001,Canada Paseo Q1 Price Increase,FORECAST,2015-10-01,Mexico,Paseo,Government,SCENARIO,1452.9324951171875,10.27351140790206,6.2590428491931,0.0843146548221975,,scenario_engine_v1
SCN_001,Canada Paseo Q1 Price Increase,FORECAST,2015-10-01,Mexico,Paseo,Midmarket,SCENARIO,1445.131103515625,15.0,10.0,0.0399999999999999,,scenario_engine_v1
SCN_001,Canada Paseo Q1 Price Increase,FORECAST,2015-10-01,Mexico,VTT,Government,SCENARIO,1584.792724609375,124.27141458639257,92.18428781204112,0.0114827885689077,,scenario_engine_v1
SCN_001,Canada Paseo Q1 Price Increase,FORECAST,2015-10-01,Mexico,Velo,Channel Partners,SCENARIO,1317.5142822265625,12.0,3.0,0.13,,scenario_engine_v1
SCN_001,Canada Paseo Q1 Price Increase,FORECAST,2015-10-01,Mexico,Velo,Government,SCENARIO,1361.996826171875,20.0,10.0,0.12,,scenario_engine_v1
SCN_001,Canada Paseo Q1 Price Increase,FORECAST,2015-10-01,United States of America,Amarilla,Channel Partners,SCENARIO,1710.880615234375,12.0,3.0,0.14,,scenario_engine_v1
SCN_001,Canada Paseo Q1 Price Increase,FORECAST,2015-10-01,United States of America,Amarilla,Government,SCENARIO,1558.3897705078125,7.0,5.0,0.0,,scenario_engine_v1
SCN_001,Canada Paseo Q1 Price Increase,FORECAST,2015-10-01,United States of America,Carretera,Small Business,SCENARIO,1742.806640625,300.0,250.0,0.14,,scenario_engine_v1
SCN_001,Canada Paseo Q1 Price Increase,FORECAST,2015-10-01,United States of America,Montana,Government,SCENARIO,1654.387451171875,20.0,10.0,0.02,,scenario_engine_v1
SCN_001,Canada Paseo Q1 Price Increase,FORECAST,2015-10-01,United States of America,Paseo,Channel Partners,SCENARIO,1391.8026123046875,12.0,3.0,0.14,,scenario_engine_v1
SCN_001,Canada Paseo Q1 Price Increase,FORECAST,2015-10-01,United States of America,Paseo,Enterprise,SCENARIO,1602.431640625,125.0,120.0,0.05,,scenario_engine_v1
SCN_001,Canada Paseo Q1 Price Increase,FORECAST,2015-10-01,United States of America,Paseo,Government,SCENARIO,1551.41064453125,7.0,5.0,0.0,,scenario_engine_v1
SCN_001,Canada Paseo Q1 Price Increase,FORECAST,2015-10-01,United States of America,Paseo,Midmarket,SCENARIO,1587.8961181640625,15.0,10.0,0.06,,scenario_engine_v1
SCN_001,Canada Paseo Q1 Price Increase,FORECAST,2015-10-01,United States of America,VTT,Government,SCENARIO,1558.317626953125,350.0,260.0,0.12,,scenario_engine_v1
SCN_001,Canada Paseo Q1 Price Increase,FORECAST,2015-10-01,United States of America,VTT,Midmarket,SCENARIO,1863.257568359375,15.0,10.0,0.06,,scenario_engine_v1
SCN_001,Canada Paseo Q1 Price Increase,FORECAST,2015-10-01,United States of America,VTT,Small Business,SCENARIO,1530.1328125,300.0,250.0,0.14,,scenario_engine_v1
SCN_001,Canada Paseo Q1 Price Increase,FORECAST,2015-10-01,United States of America,Velo,Enterprise,SCENARIO,1396.4180908203125,125.0,120.0,0.05,,scenario_engine_v1
SCN_001,Canada Paseo Q1 Price Increase,FORECAST,2015-10-01,United States of America,Velo,Government,SCENARIO,1313.2947998046875,147.5,106.5909090909091,0.1116795069337442,,scenario_engine_v1
SCN_001,Canada Paseo Q1 Price Increase,FORECAST,2015-11-01,Canada,Amarilla,Government,SCENARIO,1756.6427001953125,20.0,10.0,0.07,,scenario_engine_v1
SCN_001,Canada Paseo Q1 Price Increase,FORECAST,2015-11-01,Canada,Carretera,Midmarket,SCENARIO,1976.6904296875,15.0,10.0,0.12,,scenario_engine_v1
SCN_001,Canada Paseo Q1 Price Increase,FORECAST,2015-11-01,Canada,Montana,Channel Partners,SCENARIO,1779.1717529296875,12.0,3.0,0.09,,scenario_engine_v1
SCN_001,Canada Paseo Q1 Price Increase,FORECAST,2015-11-01,Canada,Paseo,Government,SCENARIO,1716.2822265625,350.0,260.0,0.14,,scenario_engine_v1
SCN_001,Canada Paseo Q1 Price Increase,FORECAST,2015-11-01,Canada,Paseo,Small Business,SCENARIO,1683.91845703125,300.0,250.0,0.11,,scenario_engine_v1
SCN_001,Canada Paseo Q1 Price Increase,FORECAST,2015-11-01,Canada,VTT,Enterprise,SCENARIO,1762.6773681640625,125.0,120.0,0.1,,scenario_engine_v1
SCN_001,Canada Paseo Q1 Price Increase,FORECAST,2015-11-01,Canada,Velo,Government,SCENARIO,1536.9473876953125,7.0,5.0,0.11,,scenario_engine_v1
SCN_001,Canada Paseo Q1 Price Increase,FORECAST,2015-11-01,France,Amarilla,Government,SCENARIO,1485.8226318359375,20.0,10.0,0.02,,scenario_engine_v1
SCN_001,Canada Paseo Q1 Price Increase,FORECAST,2015-11-01,France,Carretera,Midmarket,SCENARIO,1550.02099609375,15.0,10.0,0.08,,scenario_engine_v1
SCN_001,Canada Paseo Q1 Price Increase,FORECAST,2015-11-01,France,Montana,Channel Partners,SCENARIO,1567.0443115234375,12.0,3.0,0.0699999999999999,,scenario_engine_v1
SCN_001,Canada Paseo Q1 Price Increase,FORECAST,2015-11-01,France,Paseo,Government,SCENARIO,1667.053466796875,350.0,260.0,0.12,,scenario_engine_v1
SCN_001,Canada Paseo Q1 Price Increase,FORECAST,2015-11-01,France,Paseo,Small Business,SCENARIO,1550.7578125,300.0,250.0,0.09,,scenario_engine_v1
SCN_001,Canada Paseo Q1 Price Increase,FORECAST,2015-11-01,France,VTT,Enterprise,SCENARIO,1543.83203125,125.0,120.0,0.01,,scenario_engine_v1
SCN_001,Canada Paseo Q1 Price Increase,FORECAST,2015-11-01,France,Velo,Government,SCENARIO,1482.3582763671875,7.0,5.0,0.0099999999999999,,scenario_engine_v1
SCN_001,Canada Paseo Q1 Price Increase,FORECAST,2015-11-01,Germany,Amarilla,Government,SCENARIO,1530.690673828125,20.0,10.0,0.08,,scenario_engine_v1
SCN_001,Canada Paseo Q1 Price Increase,FORECAST,2015-11-01,Germany,Carretera,Midmarket,SCENARIO,1426.15087890625,15.0,10.0,0.14,,scenario_engine_v1
SCN_001,Canada Paseo Q1 Price Increase,FORECAST,2015-11-01,Germany,Montana,Channel Partners,SCENARIO,1382.7203369140625,12.0,3.0,0.05,,scenario_engine_v1
SCN_001,Canada Paseo Q1 Price Increase,FORECAST,2015-11-01,Germany,Paseo,Government,SCENARIO,1533.0347900390625,350.0,260.0,0.13,,scenario_engine_v1
SCN_001,Canada Paseo Q1 Price Increase,FORECAST,2015-11-01,Germany,Paseo,Small Business,SCENARIO,1500.7642822265625,300.0,250.0,0.12,,scenario_engine_v1
SCN_001,Canada Paseo Q1 Price Increase,FORECAST,2015-11-01,Germany,VTT,Enterprise,SCENARIO,1684.26953125,125.0,120.0,0.15,,scenario_engine_v1
SCN_001,Canada Paseo Q1 Price Increase,FORECAST,2015-11-01,Germany,Velo,Government,SCENARIO,1344.7498779296875,7.0,5.0,0.1,,scenario_engine_v1
SCN_001,Canada Paseo Q1 Price Increase,FORECAST,2015-11-01,Mexico,Amarilla,Government,SCENARIO,1653.1343994140625,20.0,10.0,0.09,,scenario_engine_v1
SCN_001,Canada Paseo Q1 Price Increase,FORECAST,2015-11-01,Mexico,Carretera,Midmarket,SCENARIO,1750.94189453125,15.0,10.0,0.05,,scenario_engine_v1
SCN_001,Canada Paseo Q1 Price Increase,FORECAST,2015-11-01,Mexico,Montana,Channel Partners,SCENARIO,1556.523681640625,12.0,3.0,0.02,,scenario_engine_v1
SCN_001,Canada Paseo Q1 Price Increase,FORECAST,2015-11-01,Mexico,Paseo,Government,SCENARIO,1548.33203125,350.0,260.0,0.12,,scenario_engine_v1
SCN_001,Canada Paseo Q1 Price Increase,FORECAST,2015-11-01,Mexico,Paseo,Small Business,SCENARIO,1519.6719970703125,300.0,250.0,0.12,,scenario_engine_v1
SCN_001,Canada Paseo Q1 Price Increase,FORECAST,2015-11-01,Mexico,VTT,Enterprise,SCENARIO,1591.84375,125.0,120.0,0.09,,scenario_engine_v1
SCN_001,Canada Paseo Q1 Price Increase,FORECAST,2015-11-01,Mexico,Velo,Government,SCENARIO,1485.4681396484375,7.0,5.0,0.06,,scenario_engine_v1
SCN_001,Canada Paseo Q1 Price Increase,FORECAST,2015-11-01,United States of America,Amarilla,Government,SCENARIO,1675.4595947265625,20.0,10.0,0.02,,scenario_engine_v1
SCN_001,Canada Paseo Q1 Price Increase,FORECAST,2015-11-01,United States of America,Carretera,Midmarket,SCENARIO,1702.5616455078125,15.0,10.0,0.06,,scenario_engine_v1
SCN_001,Canada Paseo Q1 Price Increase,FORECAST,2015-11-01,United States of America,Montana,Channel Partners,SCENARIO,1581.4344482421875,12.0,3.0,0.06,,scenario_engine_v1
SCN_001,Canada Paseo Q1 Price Increase,FORECAST,2015-11-01,United States of America,Paseo,Government,SCENARIO,1621.481689453125,350.0,260.0,0.14,,scenario_engine_v1
SCN_001,Canada Paseo Q1 Price Increase,FORECAST,2015-11-01,United States of America,Paseo,Small Business,SCENARIO,1574.950927734375,300.0,250.0,0.01,,scenario_engine_v1
SCN_001,Canada Paseo Q1 Price Increase,FORECAST,2015-11-01,United States of America,VTT,Enterprise,SCENARIO,1585.2806396484375,125.0,120.0,0.12,,scenario_engine_v1
SCN_001,Canada Paseo Q1 Price Increase,FORECAST,2015-11-01,United States of America,Velo,Government,SCENARIO,1462.6466064453125,7.0,5.0,0.0699999999999999,,scenario_engine_v1
SCN_001,Canada Paseo Q1 Price Increase,FORECAST,2015-12-01,Canada,Amarilla,Small Business,SCENARIO,1483.2279052734375,300.0,250.0,0.02,,scenario_engine_v1
SCN_001,Canada Paseo Q1 Price Increase,FORECAST,2015-12-01,Canada,Carretera,Government,SCENARIO,1853.9566650390625,350.0,260.0,0.02,,scenario_engine_v1
SCN_001,Canada Paseo Q1 Price Increase,FORECAST,2015-12-01,Canada,Carretera,Midmarket,SCENARIO,1660.093994140625,15.0,10.0,0.14,,scenario_engine_v1
SCN_001,Canada Paseo Q1 Price Increase,FORECAST,2015-12-01,Canada,Montana,Midmarket,SCENARIO,1953.82666015625,15.0,10.0,0.14,,scenario_engine_v1
SCN_001,Canada Paseo Q1 Price Increase,FORECAST,2015-12-01,Canada,Paseo,Channel Partners,SCENARIO,1667.4337158203125,12.0,3.0,0.0499999999999999,,scenario_engine_v1
SCN_001,Canada Paseo Q1 Price Increase,FORECAST,2015-12-01,Canada,Paseo,Enterprise,SCENARIO,1695.952392578125,125.0,120.0,0.02,,scenario_engine_v1
SCN_001,Canada Paseo Q1 Price Increase,FORECAST,2015-12-01,Canada,Paseo,Government,SCENARIO,1561.5516357421875,221.57635467980296,162.70935960591132,0.0192974655402401,,scenario_engine_v1
SCN_001,Canada Paseo Q1 Price Increase,FORECAST,2015-12-01,Canada,Paseo,Small Business,SCENARIO,1575.5537109375,300.0,250.0,0.02,,scenario_engine_v1
SCN_001,Canada Paseo Q1 Price Increase,FORECAST,2015-12-01,Canada,VTT,Enterprise,SCENARIO,1699.8668212890625,125.0,120.0,0.02,,scenario_engine_v1
SCN_001,Canada Paseo Q1 Price Increase,FORECAST,2015-12-01,Canada,VTT,Government,SCENARIO,1822.7825927734373,13.949396881435716,7.672844954398353,0.0163491795672164,,scenario_engine_v1
SCN_001,Canada Paseo Q1 Price Increase,FORECAST,2015-12-01,Canada,Velo,Channel Partners,SCENARIO,1684.11767578125,12.0,3.0,0.0499999999999999,,scenario_engine_v1
SCN_001,Canada Paseo Q1 Price Increase,FORECAST,2015-12-01,Canada,Velo,Government,SCENARIO,1735.011962890625,7.0,5.0,0.0699999999999999,,scenario_engine_v1
SCN_001,Canada Paseo Q1 Price Increase,FORECAST,2015-12-01,France,Amarilla,Midmarket,SCENARIO,1357.44384765625,15.0,10.0,0.1,,scenario_engine_v1
SCN_001,Canada Paseo Q1 Price Increase,FORECAST,2015-12-01,France,Amarilla,Small Business,SCENARIO,1727.012451171875,300.0,250.0,0.1,,scenario_engine_v1
SCN_001,Canada Paseo Q1 Price Increase,FORECAST,2015-12-01,France,Carretera,Government,SCENARIO,1682.3629150390625,166.23416630762603,123.38108573890564,0.0109024193328918,,scenario_engine_v1
SCN_001,Canada Paseo Q1 Price Increase,FORECAST,2015-12-01,France,Montana,Enterprise,SCENARIO,1789.5101318359375,125.0,120.0,0.03,,scenario_engine_v1
SCN_001,Canada Paseo Q1 Price Increase,FORECAST,2015-12-01,France,Montana,Midmarket,SCENARIO,1902.2725830078125,15.0,10.0,0.1,,scenario_engine_v1
SCN_001,Canada Paseo Q1 Price Increase,FORECAST,2015-12-01,France,Paseo,Channel Partners,SCENARIO,1637.7523193359375,12.0,3.0,0.02,,scenario_engine_v1
SCN_001,Canada Paseo Q1 Price Increase,FORECAST,2015-12-01,France,Paseo,Enterprise,SCENARIO,1653.3892822265625,125.0,120.0,0.03,,scenario_engine_v1
SCN_001,Canada Paseo Q1 Price Increase,FORECAST,2015-12-01,France,Paseo,Government,SCENARIO,1545.2374267578125,310.5024509803921,230.07761437908496,0.0110793174672086,,scenario_engine_v1
SCN_001,Canada Paseo Q1 Price Increase,FORECAST,2015-12-01,France,VTT,Government,SCENARIO,1631.72705078125,8.370143884892085,5.526978417266187,0.0751837208302892,,scenario_engine_v1
SCN_001,Canada Paseo Q1 Price Increase,FORECAST,2015-12-01,France,Velo,Channel Partners,SCENARIO,1644.1231689453125,12.0,3.0,0.02,,scenario_engine_v1
SCN_001,Canada Paseo Q1 Price Increase,FORECAST,2015-12-01,France,Velo,Small Business,SCENARIO,1488.2236328125,300.0,250.0,0.1,,scenario_engine_v1
SCN_001,Canada Paseo Q1 Price Increase,FORECAST,2015-12-01,Germany,Amarilla,Midmarket,SCENARIO,1667.8514404296875,15.0,10.0,0.08,,scenario_engine_v1
SCN_001,Canada Paseo Q1 Price Increase,FORECAST,2015-12-01,Germany,Amarilla,Small Business,SCENARIO,1437.5279541015625,300.0,250.0,0.05,,scenario_engine_v1
SCN_001,Canada Paseo Q1 Price Increase,FORECAST,2015-12-01,Germany,Carretera,Government,SCENARIO,1528.9599609375,296.43614054657,220.17847183491355,0.0005162649809034,,scenario_engine_v1
SCN_001,Canada Paseo Q1 Price Increase,FORECAST,2015-12-01,Germany,Montana,Enterprise,SCENARIO,1568.3338623046875,125.0,120.0,0.03,,scenario_engine_v1
SCN_001,Canada Paseo Q1 Price Increase,FORECAST,2015-12-01,Germany,Montana,Midmarket,SCENARIO,1873.7266845703125,15.0,10.0,0.08,,scenario_engine_v1
SCN_001,Canada Paseo Q1 Price Increase,FORECAST,2015-12-01,Germany,Paseo,Channel Partners,SCENARIO,1144.5521240234375,12.0,3.0,0.13,,scenario_engine_v1
SCN_001,Canada Paseo Q1 Price Increase,FORECAST,2015-12-01,Germany,Paseo,Enterprise,SCENARIO,1539.656494140625,125.0,120.0,0.03,,scenario_engine_v1
SCN_001,Canada Paseo Q1 Price Increase,FORECAST,2015-12-01,Germany,Paseo,Government,SCENARIO,1541.1632080078125,184.02431011826545,134.26084099868595,0.0065594373136726,,scenario_engine_v1
SCN_001,Canada Paseo Q1 Price Increase,FORECAST,2015-12-01,Germany,VTT,Government,SCENARIO,1590.6243896484375,17.990060739922694,9.226946438431806,0.1212031921424186,,scenario_engine_v1
SCN_001,Canada Paseo Q1 Price Increase,FORECAST,2015-12-01,Germany,Velo,Channel Partners,SCENARIO,1562.3997802734375,12.0,3.0,0.13,,scenario_engine_v1
SCN_001,Canada Paseo Q1 Price Increase,FORECAST,2015-12-01,Germany,Velo,Small Business,SCENARIO,1387.964599609375,300.0,250.0,0.05,,scenario_engine_v1
SCN_001,Canada Paseo Q1 Price Increase,FORECAST,2015-12-01,Mexico,Amarilla,Midmarket,SCENARIO,1415.6099853515625,15.0,10.0,0.11,,scenario_engine_v1
SCN_001,Canada Paseo Q1 Price Increase,FORECAST,2015-12-01,Mexico,Amarilla,Small Business,SCENARIO,1668.87744140625,300.0,250.0,0.08,,scenario_engine_v1
SCN_001,Canada Paseo Q1 Price Increase,FORECAST,2015-12-01,Mexico,Carretera,Government,SCENARIO,1680.837646484375,255.09665427509293,189.445034519384,0.0800759242797394,,scenario_engine_v1
SCN_001,Canada Paseo Q1 Price Increase,FORECAST,2015-12-01,Mexico,Montana,Enterprise,SCENARIO,1679.723388671875,125.0,120.0,0.04,,scenario_engine_v1
SCN_001,Canada Paseo Q1 Price Increase,FORECAST,2015-12-01,Mexico,Montana,Midmarket,SCENARIO,1517.729248046875,15.0,10.0,0.11,,scenario_engine_v1
SCN_001,Canada Paseo Q1 Price Increase,FORECAST,2015-12-01,Mexico,Paseo,Channel Partners,SCENARIO,1645.330078125,12.0,3.0,0.02,,scenario_engine_v1
SCN_001,Canada Paseo Q1 Price Increase,FORECAST,2015-12-01,Mexico,Paseo,Enterprise,SCENARIO,1581.3499755859375,125.0,120.0,0.04,,scenario_engine_v1
SCN_001,Canada Paseo Q1 Price Increase,FORECAST,2015-12-01,Mexico,Paseo,Government,SCENARIO,1391.2833251953125,193.2023121387284,141.21387283236993,0.0819674485399712,,scenario_engine_v1
SCN_001,Canada Paseo Q1 Price Increase,FORECAST,2015-12-01,Mexico,VTT,Government,SCENARIO,1516.685302734375,16.13854047890536,8.514823261117446,0.116134878298654,,scenario_engine_v1
SCN_001,Canada Paseo Q1 Price Increase,FORECAST,2015-12-01,Mexico,Velo,Channel Partners,SCENARIO,1617.0184326171875,12.0,3.0,0.02,,scenario_engine_v1
SCN_001,Canada Paseo Q1 Price Increase,FORECAST,2015-12-01,Mexico,Velo,Small Business,SCENARIO,1451.947021484375,300.0,250.0,0.08,,scenario_engine_v1
SCN_001,Canada Paseo Q1 Price Increase,FORECAST,2015-12-01,United States of America,Amarilla,Midmarket,SCENARIO,1955.309326171875,15.0,10.0,0.0,,scenario_engine_v1
SCN_001,Canada Paseo Q1 Price Increase,FORECAST,2015-12-01,United States of America,Amarilla,Small Business,SCENARIO,1840.736328125,300.0,250.0,0.07,,scenario_engine_v1
SCN_001,Canada Paseo Q1 Price Increase,FORECAST,2015-12-01,United States of America,Carretera,Government,SCENARIO,1877.6883544921875,118.35308056872036,87.78436018957346,0.0403994393833216,,scenario_engine_v1
SCN_001,Canada Paseo Q1 Price Increase,FORECAST,2015-12-01,United States of America,Montana,Enterprise,SCENARIO,1833.1380615234373,125.0,120.0,0.09,,scenario_engine_v1
SCN_001,Canada Paseo Q1 Price Increase,FORECAST,2015-12-01,United States of America,Montana,Midmarket,SCENARIO,1888.511474609375,15.0,10.0,0.0,,scenario_engine_v1
SCN_001,Canada Paseo Q1 Price Increase,FORECAST,2015-12-01,United States of America,Paseo,Channel Partners,SCENARIO,1544.38525390625,12.0,3.0,0.15,,scenario_engine_v1
SCN_001,Canada Paseo Q1 Price Increase,FORECAST,2015-12-01,United States of America,Paseo,Enterprise,SCENARIO,1463.5052490234375,125.0,120.0,0.09,,scenario_engine_v1
SCN_001,Canada Paseo Q1 Price Increase,FORECAST,2015-12-01,United States of America,Paseo,Government,SCENARIO,1630.078857421875,50.78651685393258,33.3231188287368,0.0435706623759721,,scenario_engine_v1
SCN_001,Canada Paseo Q1 Price Increase,FORECAST,2015-12-01,United States of America,VTT,Government,SCENARIO,1637.3359375,17.708011135168576,9.118465821218685,0.05,,scenario_engine_v1
SCN_001,Canada Paseo Q1 Price Increase,FORECAST,2015-12-01,United States of America,Velo,Channel Partners,SCENARIO,1788.656494140625,12.0,3.0,0.15,,scenario_engine_v1
SCN_001,Canada Paseo Q1 Price Increase,FORECAST,2015-12-01,United States of America,Velo,Small Business,SCENARIO,1787.2490234375,300.0,250.0,0.07,,scenario_engine_v1
SCN_002,Germany VTT Q2 Volume Downside,FORECAST,2015-01-01,Canada,Amarilla,Enterprise,SCENARIO,1789.032958984375,125.0,120.0,0.13,,scenario_engine_v1
SCN_002,Germany VTT Q2 Volume Downside,FORECAST,2015-01-01,Canada,Carretera,Government,SCENARIO,2160.936279296875,20.0,10.0,0.0,,scenario_engine_v1
SCN_002,Germany VTT Q2 Volume Downside,FORECAST,2015-01-01,Canada,Montana,Government,SCENARIO,1621.55908203125,350.0,260.0,0.14,,scenario_engine_v1
SCN_002,Germany VTT Q2 Volume Downside,FORECAST,2015-01-01,Canada,Paseo,Government,SCENARIO,1781.8594970703125,7.0,5.0,0.04,,scenario_engine_v1
SCN_002,Germany VTT Q2 Volume Downside,FORECAST,2015-01-01,Canada,Paseo,Small Business,SCENARIO,1682.72021484375,300.0,250.0,0.11,,scenario_engine_v1
SCN_002,Germany VTT Q2 Volume Downside,FORECAST,2015-01-01,Canada,VTT,Channel Partners,SCENARIO,1457.2059326171875,12.0,3.0,0.07,,scenario_engine_v1
SCN_002,Germany VTT Q2 Volume Downside,FORECAST,2015-01-01,Canada,Velo,Midmarket,SCENARIO,1292.6082763671875,15.0,10.0,0.1099999999999999,,scenario_engine_v1
SCN_002,Germany VTT Q2 Volume Downside,FORECAST,2015-01-01,France,Amarilla,Enterprise,SCENARIO,1989.0201416015625,125.0,120.0,0.06,,scenario_engine_v1
SCN_002,Germany VTT Q2 Volume Downside,FORECAST,2015-01-01,France,Carretera,Government,SCENARIO,1578.4130859375,20.0,10.0,0.12,,scenario_engine_v1
SCN_002,Germany VTT Q2 Volume Downside,FORECAST,2015-01-01,France,Montana,Government,SCENARIO,2061.78564453125,350.0,260.0,0.05,,scenario_engine_v1
SCN_002,Germany VTT Q2 Volume Downside,FORECAST,2015-01-01,France,Paseo,Government,SCENARIO,1574.826171875,7.0,5.0,0.0099999999999999,,scenario_engine_v1
SCN_002,Germany VTT Q2 Volume Downside,FORECAST,2015-01-01,France,Paseo,Small Business,SCENARIO,1406.73095703125,300.0,250.0,0.03,,scenario_engine_v1
SCN_002,Germany VTT Q2 Volume Downside,FORECAST,2015-01-01,France,VTT,Channel Partners,SCENARIO,1618.6741943359375,12.0,3.0,0.11,,scenario_engine_v1
SCN_002,Germany VTT Q2 Volume Downside,FORECAST,2015-01-01,France,Velo,Midmarket,SCENARIO,1961.3250732421875,15.0,10.0,0.13,,scenario_engine_v1
SCN_002,Germany VTT Q2 Volume Downside,FORECAST,2015-01-01,Germany,Amarilla,Enterprise,SCENARIO,1675.8673095703125,125.0,120.0,0.11,,scenario_engine_v1
SCN_002,Germany VTT Q2 Volume Downside,FORECAST,2015-01-01,Germany,Carretera,Government,SCENARIO,2114.961669921875,20.0,10.0,0.0,,scenario_engine_v1
SCN_002,Germany VTT Q2 Volume Downside,FORECAST,2015-01-01,Germany,Montana,Government,SCENARIO,2079.87841796875,350.0,260.0,0.11,,scenario_engine_v1
SCN_002,Germany VTT Q2 Volume Downside,FORECAST,2015-01-01,Germany,Paseo,Government,SCENARIO,1527.6524658203125,7.0,5.0,0.0499999999999999,,scenario_engine_v1
SCN_002,Germany VTT Q2 Volume Downside,FORECAST,2015-01-01,Germany,Paseo,Small Business,SCENARIO,1668.3631591796875,300.0,250.0,0.13,,scenario_engine_v1
SCN_002,Germany VTT Q2 Volume Downside,FORECAST,2015-01-01,Germany,VTT,Channel Partners,SCENARIO,1917.331787109375,12.0,3.0,0.03,,scenario_engine_v1
SCN_002,Germany VTT Q2 Volume Downside,FORECAST,2015-01-01,Germany,Velo,Midmarket,SCENARIO,1178.7801513671875,15.0,10.0,0.1,,scenario_engine_v1
SCN_002,Germany VTT Q2 Volume Downside,FORECAST,2015-01-01,Mexico,Amarilla,Government,SCENARIO,1238.6558837890625,20.0,10.0,0.11,,scenario_engine_v1
SCN_002,Germany VTT Q2 Volume Downside,FORECAST,2015-01-01,Mexico,Montana,Channel Partners,SCENARIO,1933.2977294921875,12.0,3.0,0.0699999999999999,,scenario_engine_v1
SCN_002,Germany VTT Q2 Volume Downside,FORECAST,2015-01-01,Mexico,Paseo,Government,SCENARIO,1756.71728515625,350.0,260.0,0.09,,scenario_engine_v1
SCN_002,Germany VTT Q2 Volume Downside,FORECAST,2015-01-01,Mexico,Paseo,Small Business,SCENARIO,1273.9197998046875,300.0,250.0,0.09,,scenario_engine_v1
SCN_002,Germany VTT Q2 Volume Downside,FORECAST,2015-01-01,Mexico,VTT,Enterprise,SCENARIO,1482.142578125,125.0,120.0,0.11,,scenario_engine_v1
SCN_002,Germany VTT Q2 Volume Downside,FORECAST,2015-01-01,Mexico,Velo,Government,SCENARIO,2016.3892822265625,7.0,5.0,0.0,,scenario_engine_v1
SCN_002,Germany VTT Q2 Volume Downside,FORECAST,2015-01-01,Mexico,Velo,Midmarket,SCENARIO,1906.58837890625,15.0,10.0,0.05,,scenario_engine_v1
SCN_002,Germany VTT Q2 Volume Downside,FORECAST,2015-01-01,United States of America,Amarilla,Enterprise,SCENARIO,1912.79736328125,125.0,120.0,0.1,,scenario_engine_v1
SCN_002,Germany VTT Q2 Volume Downside,FORECAST,2015-01-01,United States of America,Carretera,Government,SCENARIO,1718.789794921875,20.0,10.0,0.06,,scenario_engine_v1
SCN_002,Germany VTT Q2 Volume Downside,FORECAST,2015-01-01,United States of America,Montana,Government,SCENARIO,1685.25830078125,350.0,260.0,0.13,,scenario_engine_v1
SCN_002,Germany VTT Q2 Volume Downside,FORECAST,2015-01-01,United States of America,Paseo,Government,SCENARIO,2039.66845703125,7.0,5.0,0.13,,scenario_engine_v1
SCN_002,Germany VTT Q2 Volume Downside,FORECAST,2015-01-01,United States of America,Paseo,Small Business,SCENARIO,1818.3084716796875,300.0,250.0,0.12,,scenario_engine_v1
SCN_002,Germany VTT Q2 Volume Downside,FORECAST,2015-01-01,United States of America,VTT,Channel Partners,SCENARIO,1583.9173583984375,12.0,3.0,0.09,,scenario_engine_v1
SCN_002,Germany VTT Q2 Volume Downside,FORECAST,2015-01-01,United States of America,Velo,Midmarket,SCENARIO,1947.654541015625,15.0,10.0,0.05,,scenario_engine_v1
SCN_002,Germany VTT Q2 Volume Downside,FORECAST,2015-02-01,Canada,Amarilla,Government,SCENARIO,1477.0206298828125,350.0,260.0,0.1,,scenario_engine_v1
SCN_002,Germany VTT Q2 Volume Downside,FORECAST,2015-02-01,Canada,Carretera,Channel Partners,SCENARIO,1512.1624755859375,12.0,3.0,0.11,,scenario_engine_v1
SCN_002,Germany VTT Q2 Volume Downside,FORECAST,2015-02-01,Canada,Montana,Government,SCENARIO,1529.8531494140625,7.0,5.0,0.0799999999999999,,scenario_engine_v1
SCN_002,Germany VTT Q2 Volume Downside,FORECAST,2015-02-01,Canada,Paseo,Government,SCENARIO,1483.6915283203125,20.0,10.0,0.0,,scenario_engine_v1
SCN_002,Germany VTT Q2 Volume Downside,FORECAST,2015-02-01,Canada,Paseo,Midmarket,SCENARIO,1761.2095947265625,15.0,10.0,0.02,,scenario_engine_v1
SCN_002,Germany VTT Q2 Volume Downside,FORECAST,2015-02-01,Canada,VTT,Small Business,SCENARIO,1336.7364501953125,300.0,250.0,0.0,,scenario_engine_v1
SCN_002,Germany VTT Q2 Volume Downside,FORECAST,2015-02-01,Canada,Velo,Enterprise,SCENARIO,1785.7667236328125,125.0,120.0,0.06,,scenario_engine_v1
SCN_002,Germany VTT Q2 Volume Downside,FORECAST,2015-02-01,France,Amarilla,Government,SCENARIO,1815.4757080078125,350.0,260.0,0.0,,scenario_engine_v1
SCN_002,Germany VTT Q2 Volume Downside,FORECAST,2015-02-01,France,Carretera,Channel Partners,SCENARIO,1683.64453125,12.0,3.0,0.05,,scenario_engine_v1
SCN_002,Germany VTT Q2 Volume Downside,FORECAST,2015-02-01,France,Montana,Government,SCENARIO,1771.2247314453125,7.0,5.0,0.1399999999999999,,scenario_engine_v1
SCN_002,Germany VTT Q2 Volume Downside,FORECAST,2015-02-01,France,Paseo,Government,SCENARIO,1594.8953857421875,20.0,10.0,0.05,,scenario_engine_v1
SCN_002,Germany VTT Q2 Volume Downside,FORECAST,2015-02-01,France,Paseo,Midmarket,SCENARIO,1554.2906494140625,15.0,10.0,0.0099999999999999,,scenario_engine_v1
SCN_002,Germany VTT Q2 Volume Downside,FORECAST,2015-02-01,France,VTT,Small Business,SCENARIO,1630.1224365234375,300.0,250.0,0.07,,scenario_engine_v1
SCN_002,Germany VTT Q2 Volume Downside,FORECAST,2015-02-01,France,Velo,Enterprise,SCENARIO,1841.8748779296875,125.0,120.0,0.0,,scenario_engine_v1
SCN_002,Germany VTT Q2 Volume Downside,FORECAST,2015-02-01,Germany,Amarilla,Government,SCENARIO,1388.7628173828125,350.0,260.0,0.05,,scenario_engine_v1
SCN_002,Germany VTT Q2 Volume Downside,FORECAST,2015-02-01,Germany,Carretera,Channel Partners,SCENARIO,1757.0181884765625,12.0,3.0,0.05,,scenario_engine_v1
SCN_002,Germany VTT Q2 Volume Downside,FORECAST,2015-02-01,Germany,Montana,Government,SCENARIO,1568.257568359375,7.0,5.0,0.03,,scenario_engine_v1
SCN_002,Germany VTT Q2 Volume Downside,FORECAST,2015-02-01,Germany,Paseo,Government,SCENARIO,1613.5479736328125,20.0,10.0,0.13,,scenario_engine_v1
SCN_002,Germany VTT Q2 Volume Downside,FORECAST,2015-02-01,Germany,Paseo,Midmarket,SCENARIO,1509.1048583984375,15.0,10.0,0.1399999999999999,,scenario_engine_v1
SCN_002,Germany VTT Q2 Volume Downside,FORECAST,2015-02-01,Germany,VTT,Small Business,SCENARIO,1532.94482421875,300.0,250.0,0.09,,scenario_engine_v1
SCN_002,Germany VTT Q2 Volume Downside,FORECAST,2015-02-01,Germany,Velo,Enterprise,SCENARIO,1744.822509765625,125.0,120.0,0.05,,scenario_engine_v1
SCN_002,Germany VTT Q2 Volume Downside,FORECAST,2015-02-01,Mexico,Amarilla,Government,SCENARIO,1257.847412109375,350.0,260.0,0.04,,scenario_engine_v1
SCN_002,Germany VTT Q2 Volume Downside,FORECAST,2015-02-01,Mexico,Carretera,Channel Partners,SCENARIO,1200.2596435546875,12.0,3.0,0.0699999999999999,,scenario_engine_v1
SCN_002,Germany VTT Q2 Volume Downside,FORECAST,2015-02-01,Mexico,Montana,Government,SCENARIO,1564.1175537109375,7.0,5.0,0.15,,scenario_engine_v1
SCN_002,Germany VTT Q2 Volume Downside,FORECAST,2015-02-01,Mexico,Paseo,Government,SCENARIO,1585.853271484375,20.0,10.0,0.14,,scenario_engine_v1
SCN_002,Germany VTT Q2 Volume Downside,FORECAST,2015-02-01,Mexico,Paseo,Midmarket,SCENARIO,1526.2412109375,15.0,10.0,0.0,,scenario_engine_v1
SCN_002,Germany VTT Q2 Volume Downside,FORECAST,2015-02-01,Mexico,VTT,Small Business,SCENARIO,1357.9654541015625,300.0,250.0,0.07,,scenario_engine_v1
SCN_002,Germany VTT Q2 Volume Downside,FORECAST,2015-02-01,Mexico,Velo,Enterprise,SCENARIO,1803.222900390625,125.0,120.0,0.14,,scenario_engine_v1
SCN_002,Germany VTT Q2 Volume Downside,FORECAST,2015-02-01,United States of America,Amarilla,Government,SCENARIO,1776.5338134765625,350.0,260.0,0.12,,scenario_engine_v1
SCN_002,Germany VTT Q2 Volume Downside,FORECAST,2015-02-01,United States of America,Carretera,Channel Partners,SCENARIO,1681.50341796875,12.0,3.0,0.01,,scenario_engine_v1
SCN_002,Germany VTT Q2 Volume Downside,FORECAST,2015-02-01,United States of America,Montana,Government,SCENARIO,1513.6568603515625,7.0,5.0,0.13,,scenario_engine_v1
SCN_002,Germany VTT Q2 Volume Downside,FORECAST,2015-02-01,United States of America,Paseo,Government,SCENARIO,1450.78076171875,20.0,10.0,0.13,,scenario_engine_v1
SCN_002,Germany VTT Q2 Volume Downside,FORECAST,2015-02-01,United States of America,Paseo,Midmarket,SCENARIO,1512.0391845703125,15.0,10.0,0.01,,scenario_engine_v1
SCN_002,Germany VTT Q2 Volume Downside,FORECAST,2015-02-01,United States of America,VTT,Small Business,SCENARIO,1802.767822265625,300.0,250.0,0.03,,scenario_engine_v1
SCN_002,Germany VTT Q2 Volume Downside,FORECAST,2015-02-01,United States of America,Velo,Enterprise,SCENARIO,1836.86669921875,125.0,120.0,0.06,,scenario_engine_v1
SCN_002,Germany VTT Q2 Volume Downside,FORECAST,2015-03-01,Canada,Amarilla,Small Business,SCENARIO,1636.054443359375,300.0,250.0,0.14,,scenario_engine_v1
SCN_002,Germany VTT Q2 Volume Downside,FORECAST,2015-03-01,Canada,Carretera,Government,SCENARIO,1528.1685791015625,350.0,260.0,0.13,,scenario_engine_v1
SCN_002,Germany VTT Q2 Volume Downside,FORECAST,2015-03-01,Canada,Montana,Midmarket,SCENARIO,1605.9288330078125,15.0,10.0,0.04,,scenario_engine_v1
SCN_002,Germany VTT Q2 Volume Downside,FORECAST,2015-03-01,Canada,Paseo,Enterprise,SCENARIO,1466.040283203125,125.0,120.0,0.03,,scenario_engine_v1
SCN_002,Germany VTT Q2 Volume Downside,FORECAST,2015-03-01,Canada,Paseo,Government,SCENARIO,1574.1253662109375,20.0,10.0,0.1399999999999999,,scenario_engine_v1
SCN_002,Germany VTT Q2 Volume Downside,FORECAST,2015-03-01,Canada,VTT,Government,SCENARIO,1838.4930419921875,7.0,5.0,0.0099999999999999,,scenario_engine_v1
SCN_002,Germany VTT Q2 Volume Downside,FORECAST,2015-03-01,Canada,Velo,Channel Partners,SCENARIO,1767.7861328125,12.0,3.0,0.08,,scenario_engine_v1
SCN_002,Germany VTT Q2 Volume Downside,FORECAST,2015-03-01,France,Amarilla,Small Business,SCENARIO,1380.2845458984375,300.0,250.0,0.15,,scenario_engine_v1
SCN_002,Germany VTT Q2 Volume Downside,FORECAST,2015-03-01,France,Carretera,Government,SCENARIO,1615.2325439453125,350.0,260.0,0.13,,scenario_engine_v1
SCN_002,Germany VTT Q2 Volume Downside,FORECAST,2015-03-01,France,Montana,Midmarket,SCENARIO,1470.6182861328125,15.0,10.0,0.08,,scenario_engine_v1
SCN_002,Germany VTT Q2 Volume Downside,FORECAST,2015-03-01,France,Paseo,Enterprise,SCENARIO,1634.60546875,125.0,120.0,0.05,,scenario_engine_v1
SCN_002,Germany VTT Q2 Volume Downside,FORECAST,2015-03-01,France,Paseo,Government,SCENARIO,1874.7227783203125,20.0,10.0,0.1,,scenario_engine_v1
SCN_002,Germany VTT Q2 Volume Downside,FORECAST,2015-03-01,France,VTT,Government,SCENARIO,1405.618408203125,7.0,5.0,0.12,,scenario_engine_v1
SCN_002,Germany VTT Q2 Volume Downside,FORECAST,2015-03-01,France,Velo,Channel Partners,SCENARIO,1354.230224609375,12.0,3.0,0.09,,scenario_engine_v1
SCN_002,Germany VTT Q2 Volume Downside,FORECAST,2015-03-01,Germany,Amarilla,Small Business,SCENARIO,1307.18798828125,300.0,250.0,0.02,,scenario_engine_v1
SCN_002,Germany VTT Q2 Volume Downside,FORECAST,2015-03-01,Germany,Carretera,Government,SCENARIO,1320.1241455078125,350.0,260.0,0.11,,scenario_engine_v1
SCN_002,Germany VTT Q2 Volume Downside,FORECAST,2015-03-01,Germany,Montana,Midmarket,SCENARIO,1471.0400390625,15.0,10.0,0.0,,scenario_engine_v1
SCN_002,Germany VTT Q2 Volume Downside,FORECAST,2015-03-01,Germany,Paseo,Enterprise,SCENARIO,1456.765869140625,125.0,120.0,0.04,,scenario_engine_v1
SCN_002,Germany VTT Q2 Volume Downside,FORECAST,2015-03-01,Germany,Paseo,Government,SCENARIO,1294.0611572265625,20.0,10.0,0.15,,scenario_engine_v1
SCN_002,Germany VTT Q2 Volume Downside,FORECAST,2015-03-01,Germany,VTT,Government,SCENARIO,1243.3612060546875,7.0,5.0,0.01,,scenario_engine_v1
SCN_002,Germany VTT Q2 Volume Downside,FORECAST,2015-03-01,Germany,Velo,Channel Partners,SCENARIO,1044.1390380859375,12.0,3.0,0.0,,scenario_engine_v1
SCN_002,Germany VTT Q2 Volume Downside,FORECAST,2015-03-01,Mexico,Amarilla,Small Business,SCENARIO,1518.0450439453125,300.0,250.0,0.02,,scenario_engine_v1
SCN_002,Germany VTT Q2 Volume Downside,FORECAST,2015-03-01,Mexico,Carretera,Government,SCENARIO,1449.756591796875,350.0,260.0,0.01,,scenario_engine_v1
SCN_002,Germany VTT Q2 Volume Downside,FORECAST,2015-03-01,Mexico,Montana,Midmarket,SCENARIO,1478.004150390625,15.0,10.0,0.01,,scenario_engine_v1
SCN_002,Germany VTT Q2 Volume Downside,FORECAST,2015-03-01,Mexico,Paseo,Enterprise,SCENARIO,1407.54736328125,125.0,120.0,0.08,,scenario_engine_v1
SCN_002,Germany VTT Q2 Volume Downside,FORECAST,2015-03-01,Mexico,Paseo,Government,SCENARIO,1692.7867431640625,20.0,10.0,0.11,,scenario_engine_v1
SCN_002,Germany VTT Q2 Volume Downside,FORECAST,2015-03-01,Mexico,VTT,Government,SCENARIO,1323.8714599609375,7.0,5.0,0.14,,scenario_engine_v1
SCN_002,Germany VTT Q2 Volume Downside,FORECAST,2015-03-01,Mexico,Velo,Channel Partners,SCENARIO,1133.4698486328125,12.0,3.0,0.15,,scenario_engine_v1
SCN_002,Germany VTT Q2 Volume Downside,FORECAST,2015-03-01,United States of America,Amarilla,Small Business,SCENARIO,1456.1376953125,300.0,250.0,0.1,,scenario_engine_v1
SCN_002,Germany VTT Q2 Volume Downside,FORECAST,2015-03-01,United States of America,Carretera,Government,SCENARIO,1986.92041015625,350.0,260.0,0.07,,scenario_engine_v1
SCN_002,Germany VTT Q2 Volume Downside,FORECAST,2015-03-01,United States of America,Montana,Midmarket,SCENARIO,1806.076171875,15.0,10.0,0.12,,scenario_engine_v1
SCN_002,Germany VTT Q2 Volume Downside,FORECAST,2015-03-01,United States of America,Paseo,Enterprise,SCENARIO,1630.119384765625,125.0,120.0,0.05,,scenario_engine_v1
SCN_002,Germany VTT Q2 Volume Downside,FORECAST,2015-03-01,United States of America,Paseo,Government,SCENARIO,1473.3736572265625,20.0,10.0,0.09,,scenario_engine_v1
SCN_002,Germany VTT Q2 Volume Downside,FORECAST,2015-03-01,United States of America,VTT,Government,SCENARIO,1769.2813720703125,7.0,5.0,0.1099999999999999,,scenario_engine_v1
SCN_002,Germany VTT Q2 Volume Downside,FORECAST,2015-03-01,United States of America,Velo,Channel Partners,SCENARIO,1479.5599365234375,12.0,3.0,0.04,,scenario_engine_v1
SCN_002,Germany VTT Q2 Volume Downside,FORECAST,2015-04-01,Canada,Amarilla,Channel Partners,SCENARIO,1561.45849609375,12.0,3.0,0.1,,scenario_engine_v1
SCN_002,Germany VTT Q2 Volume Downside,FORECAST,2015-04-01,Canada,Carretera,Enterprise,SCENARIO,1601.8919677734375,125.0,120.0,0.02,,scenario_engine_v1
SCN_002,Germany VTT Q2 Volume Downside,FORECAST,2015-04-01,Canada,Montana,Small Business,SCENARIO,1497.5545654296875,300.0,250.0,0.09,,scenario_engine_v1
SCN_002,Germany VTT Q2 Volume Downside,FORECAST,2015-04-01,Canada,Paseo,Government,SCENARIO,1642.8536376953125,7.0,5.0,0.15,,scenario_engine_v1
SCN_002,Germany VTT Q2 Volume Downside,FORECAST,2015-04-01,Canada,Paseo,Midmarket,SCENARIO,1008.7206420898438,15.0,10.0,0.15,,scenario_engine_v1
SCN_002,Germany VTT Q2 Volume Downside,FORECAST,2015-04-01,Canada,VTT,Government,SCENARIO,1525.15869140625,350.0,260.0,0.01,,scenario_engine_v1
SCN_002,Germany VTT Q2 Volume Downside,FORECAST,2015-04-01,Canada,Velo,Government,SCENARIO,1607.1246337890625,20.0,10.0,0.03,,scenario_engine_v1
SCN_002,Germany VTT Q2 Volume Downside,FORECAST,2015-04-01,France,Carretera,Enterprise,SCENARIO,1934.17333984375,125.0,120.0,0.03,,scenario_engine_v1
SCN_002,Germany VTT Q2 Volume Downside,FORECAST,2015-04-01,France,Montana,Small Business,SCENARIO,1746.514892578125,300.0,250.0,0.12,,scenario_engine_v1
SCN_002,Germany VTT Q2 Volume Downside,FORECAST,2015-04-01,France,Paseo,Government,SCENARIO,1667.630126953125,7.0,5.0,0.1099999999999999,,scenario_engine_v1
SCN_002,Germany VTT Q2 Volume Downside,FORECAST,2015-04-01,France,Paseo,Midmarket,SCENARIO,2179.221923828125,15.0,10.0,0.0599999999999999,,scenario_engine_v1
SCN_002,Germany VTT Q2 Volume Downside,FORECAST,2015-04-01,France,VTT,Channel Partners,SCENARIO,1806.1192626953125,12.0,3.0,0.0699999999999999,,scenario_engine_v1
SCN_002,Germany VTT Q2 Volume Downside,FORECAST,2015-04-01,France,VTT,Government,SCENARIO,1563.082763671875,350.0,260.0,0.08,,scenario_engine_v1
SCN_002,Germany VTT Q2 Volume Downside,FORECAST,2015-04-01,France,Velo,Government,SCENARIO,1732.3865966796875,20.0,10.0,0.01,,scenario_engine_v1
SCN_002,Germany VTT Q2 Volume Downside,FORECAST,2015-04-01,Germany,Amarilla,Enterprise,SCENARIO,1542.845947265625,125.0,120.0,0.0,,scenario_engine_v1
SCN_002,Germany VTT Q2 Volume Downside,FORECAST,2015-04-01,Germany,Carretera,Government,SCENARIO,1369.6365966796875,20.0,10.0,0.03,,scenario_engine_v1
SCN_002,Germany VTT Q2 Volume Downside,FORECAST,2015-04-01,Germany,Montana,Government,SCENARIO,1696.0301513671875,350.0,260.0,0.14,,scenario_engine_v1
SCN_002,Germany VTT Q2 Volume Downside,FORECAST,2015-04-01,Germany,Paseo,Government,SCENARIO,1515.7498779296875,7.0,5.0,0.08,,scenario_engine_v1
SCN_002,Germany VTT Q2 Volume Downside,FORECAST,2015-04-01,Germany,Paseo,Small Business,SCENARIO,1498.3094482421875,300.0,250.0,0.04,,scenario_engine_v1
SCN_002,Germany VTT Q2 Volume Downside,FORECAST,2015-04-01,Germany,VTT,Channel Partners,SCENARIO,1506.939697265625,12.0,3.0,0.0,,scenario_engine_v1
SCN_002,Germany VTT Q2 Volume Downside,FORECAST,2015-04-01,Germany,Velo,Midmarket,SCENARIO,1198.92578125,15.0,10.0,0.1,,scenario_engine_v1
SCN_002,Germany VTT Q2 Volume Downside,FORECAST,2015-04-01,Mexico,Amarilla,Enterprise,SCENARIO,1715.5340576171875,125.0,120.0,0.04,,scenario_engine_v1
SCN_002,Germany VTT Q2 Volume Downside,FORECAST,2015-04-01,Mexico,Carretera,Government,SCENARIO,1495.56298828125,20.0,10.0,0.1399999999999999,,scenario_engine_v1
SCN_002,Germany VTT Q2 Volume Downside,FORECAST,2015-04-01,Mexico,Montana,Government,SCENARIO,1439.8380126953125,350.0,260.0,0.06,,scenario_engine_v1
SCN_002,Germany VTT Q2 Volume Downside,FORECAST,2015-04-01,Mexico,Paseo,Government,SCENARIO,1397.905517578125,7.0,5.0,0.15,,scenario_engine_v1
SCN_002,Germany VTT Q2 Volume Downside,FORECAST,2015-04-01,Mexico,Paseo,Small Business,SCENARIO,1451.0272216796875,300.0,250.0,0.05,,scenario_engine_v1
SCN_002,Germany VTT Q2 Volume Downside,FORECAST,2015-04-01,Mexico,VTT,Channel Partners,SCENARIO,1352.9332275390625,12.0,3.0,0.03,,scenario_engine_v1
SCN_002,Germany VTT Q2 Volume Downside,FORECAST,2015-04-01,Mexico,Velo,Midmarket,SCENARIO,1790.48193359375,15.0,10.0,0.09,,scenario_engine_v1
SCN_002,Germany VTT Q2 Volume Downside,FORECAST,2015-04-01,United States of America,Amarilla,Channel Partners,SCENARIO,1512.2093505859375,12.0,3.0,0.0,,scenario_engine_v1
SCN_002,Germany VTT Q2 Volume Downside,FORECAST,2015-04-01,United States of America,Carretera,Enterprise,SCENARIO,1363.050048828125,125.0,120.0,0.1,,scenario_engine_v1
SCN_002,Germany VTT Q2 Volume Downside,FORECAST,2015-04-01,United States of America,Montana,Small Business,SCENARIO,1571.256591796875,300.0,250.0,0.01,,scenario_engine_v1
SCN_002,Germany VTT Q2 Volume Downside,FORECAST,2015-04-01,United States of America,Paseo,Government,SCENARIO,1648.322998046875,7.0,5.0,0.01,,scenario_engine_v1
SCN_002,Germany VTT Q2 Volume Downside,FORECAST,2015-04-01,United States of America,Paseo,Midmarket,SCENARIO,1858.110595703125,15.0,10.0,0.09,,scenario_engine_v1
SCN_002,Germany VTT Q2 Volume Downside,FORECAST,2015-04-01,United States of America,VTT,Government,SCENARIO,1592.1119384765625,350.0,260.0,0.09,,scenario_engine_v1
SCN_002,Germany VTT Q2 Volume Downside,FORECAST,2015-04-01,United States of America,Velo,Government,SCENARIO,1684.8780517578125,20.0,10.0,0.14,,scenario_engine_v1
SCN_002,Germany VTT Q2 Volume Downside,FORECAST,2015-05-01,Canada,Amarilla,Enterprise,SCENARIO,1593.98095703125,125.0,120.0,0.07,,scenario_engine_v1
SCN_002,Germany VTT Q2 Volume Downside,FORECAST,2015-05-01,Canada,Carretera,Government,SCENARIO,1395.341064453125,20.0,10.0,0.03,,scenario_engine_v1
SCN_002,Germany VTT Q2 Volume Downside,FORECAST,2015-05-01,Canada,Montana,Government,SCENARIO,1485.15625,350.0,260.0,0.14,,scenario_engine_v1
SCN_002,Germany VTT Q2 Volume Downside,FORECAST,2015-05-01,Canada,Paseo,Government,SCENARIO,1670.9521484375,7.0,5.0,0.0799999999999999,,scenario_engine_v1
SCN_002,Germany VTT Q2 Volume Downside,FORECAST,2015-05-01,Canada,Paseo,Small Business,SCENARIO,1514.859130859375,300.0,250.0,0.07,,scenario_engine_v1
SCN_002,Germany VTT Q2 Volume Downside,FORECAST,2015-05-01,Canada,VTT,Channel Partners,SCENARIO,1613.8035888671875,12.0,3.0,0.12,,scenario_engine_v1
SCN_002,Germany VTT Q2 Volume Downside,FORECAST,2015-05-01,Canada,Velo,Midmarket,SCENARIO,1628.571533203125,15.0,10.0,0.0699999999999999,,scenario_engine_v1
SCN_002,Germany VTT Q2 Volume Downside,FORECAST,2015-05-01,France,Amarilla,Enterprise,SCENARIO,2034.7166748046875,125.0,120.0,0.11,,scenario_engine_v1
SCN_002,Germany VTT Q2 Volume Downside,FORECAST,2015-05-01,France,Carretera,Government,SCENARIO,1701.192626953125,20.0,10.0,0.05,,scenario_engine_v1
SCN_002,Germany VTT Q2 Volume Downside,FORECAST,2015-05-01,France,Montana,Government,SCENARIO,1760.6575927734375,350.0,260.0,0.09,,scenario_engine_v1
SCN_002,Germany VTT Q2 Volume Downside,FORECAST,2015-05-01,France,Paseo,Government,SCENARIO,1733.1595458984375,7.0,5.0,0.0099999999999999,,scenario_engine_v1
SCN_002,Germany VTT Q2 Volume Downside,FORECAST,2015-05-01,France,Paseo,Small Business,SCENARIO,1533.50732421875,300.0,250.0,0.02,,scenario_engine_v1
SCN_002,Germany VTT Q2 Volume Downside,FORECAST,2015-05-01,France,VTT,Channel Partners,SCENARIO,1569.345947265625,12.0,3.0,0.04,,scenario_engine_v1
SCN_002,Germany VTT Q2 Volume Downside,FORECAST,2015-05-01,France,Velo,Midmarket,SCENARIO,1715.4644775390625,15.0,10.0,0.15,,scenario_engine_v1
SCN_002,Germany VTT Q2 Volume Downside,FORECAST,2015-05-01,Germany,Amarilla,Enterprise,SCENARIO,1347.2279052734375,125.0,120.0,0.02,,scenario_engine_v1
SCN_002,Germany VTT Q2 Volume Downside,FORECAST,2015-05-01,Germany,Carretera,Government,SCENARIO,1789.2489013671875,20.0,10.0,0.09,,scenario_engine_v1
SCN_002,Germany VTT Q2 Volume Downside,FORECAST,2015-05-01,Germany,Montana,Government,SCENARIO,1674.9879150390625,350.0,260.0,0.06,,scenario_engine_v1
SCN_002,Germany VTT Q2 Volume Downside,FORECAST,2015-05-01,Germany,Paseo,Government,SCENARIO,1539.0836181640625,7.0,5.0,0.08,,scenario_engine_v1
SCN_002,Germany VTT Q2 Volume Downside,FORECAST,2015-05-01,Germany,Paseo,Small Business,SCENARIO,1425.9134521484375,300.0,250.0,0.02,,scenario_engine_v1
SCN_002,Germany VTT Q2 Volume Downside,FORECAST,2015-05-01,Germany,VTT,Channel Partners,SCENARIO,1274.6023681640625,12.0,3.0,0.09,,scenario_engine_v1
SCN_002,Germany VTT Q2 Volume Downside,FORECAST,2015-05-01,Germany,Velo,Midmarket,SCENARIO,1589.929443359375,15.0,10.0,0.06,,scenario_engine_v1
SCN_002,Germany VTT Q2 Volume Downside,FORECAST,2015-05-01,Mexico,Amarilla,Government,SCENARIO,1337.9598388671875,20.0,10.0,0.1,,scenario_engine_v1
SCN_002,Germany VTT Q2 Volume Downside,FORECAST,2015-05-01,Mexico,Montana,Channel Partners,SCENARIO,1242.443603515625,12.0,3.0,0.12,,scenario_engine_v1
SCN_002,Germany VTT Q2 Volume Downside,FORECAST,2015-05-01,Mexico,Paseo,Government,SCENARIO,1488.0433349609375,350.0,260.0,0.15,,scenario_engine_v1
SCN_002,Germany VTT Q2 Volume Downside,FORECAST,2015-05-01,Mexico,Paseo,Small Business,SCENARIO,1352.376220703125,300.0,250.0,0.1,,scenario_engine_v1
SCN_002,Germany VTT Q2 Volume Downside,FORECAST,2015-05-01,Mexico,VTT,Enterprise,SCENARIO,1916.7867431640625,125.0,120.0,0.1,,scenario_engine_v1
SCN_002,Germany VTT Q2 Volume Downside,FORECAST,2015-05-01,Mexico,Velo,Government,SCENARIO,1495.88916015625,7.0,5.0,0.01,,scenario_engine_v1
SCN_002,Germany VTT Q2 Volume Downside,FORECAST,2015-05-01,Mexico,Velo,Midmarket,SCENARIO,1127.344970703125,15.0,10.0,0.09,,scenario_engine_v1
SCN_002,Germany VTT Q2 Volume Downside,FORECAST,2015-05-01,United States of America,Amarilla,Enterprise,SCENARIO,1429.8876953125,125.0,120.0,0.14,,scenario_engine_v1
SCN_002,Germany VTT Q2 Volume Downside,FORECAST,2015-05-01,United States of America,Carretera,Government,SCENARIO,1474.576416015625,20.0,10.0,0.1399999999999999,,scenario_engine_v1
SCN_002,Germany VTT Q2 Volume Downside,FORECAST,2015-05-01,United States of America,Montana,Government,SCENARIO,1549.453125,350.0,260.0,0.1,,scenario_engine_v1
SCN_002,Germany VTT Q2 Volume Downside,FORECAST,2015-05-01,United States of America,Paseo,Government,SCENARIO,1506.1884765625,7.0,5.0,0.05,,scenario_engine_v1
SCN_002,Germany VTT Q2 Volume Downside,FORECAST,2015-05-01,United States of America,Paseo,Small Business,SCENARIO,1453.417236328125,300.0,250.0,0.04,,scenario_engine_v1
SCN_002,Germany VTT Q2 Volume Downside,FORECAST,2015-05-01,United States of America,VTT,Channel Partners,SCENARIO,1691.597412109375,12.0,3.0,0.15,,scenario_engine_v1
SCN_002,Germany VTT Q2 Volume Downside,FORECAST,2015-05-01,United States of America,Velo,Midmarket,SCENARIO,1549.4923095703125,15.0,10.0,0.1,,scenario_engine_v1
SCN_002,Germany VTT Q2 Volume Downside,FORECAST,2015-06-01,Canada,Amarilla,Government,SCENARIO,1755.8692626953125,11.994031470428649,6.92078133478025,0.0764057905451255,,scenario_engine_v1
SCN_002,Germany VTT Q2 Volume Downside,FORECAST,2015-06-01,Canada,Carretera,Midmarket,SCENARIO,1997.494873046875,15.0,10.0,0.06,,scenario_engine_v1
SCN_002,Germany VTT Q2 Volume Downside,FORECAST,2015-06-01,Canada,Carretera,Small Business,SCENARIO,2009.16162109375,300.0,250.0,0.09,,scenario_engine_v1
SCN_002,Germany VTT Q2 Volume Downside,FORECAST,2015-06-01,Canada,Montana,Channel Partners,SCENARIO,1843.30078125,12.0,3.0,0.0,,scenario_engine_v1
SCN_002,Germany VTT Q2 Volume Downside,FORECAST,2015-06-01,Canada,Montana,Government,SCENARIO,1526.239013671875,20.0,10.0,0.08,,scenario_engine_v1
SCN_002,Germany VTT Q2 Volume Downside,FORECAST,2015-06-01,Canada,Paseo,Channel Partners,SCENARIO,1778.8958740234375,12.0,3.0,0.0,,scenario_engine_v1
SCN_002,Germany VTT Q2 Volume Downside,FORECAST,2015-06-01,Canada,Paseo,Enterprise,SCENARIO,1493.1522216796875,125.0,120.0,0.13,,scenario_engine_v1
SCN_002,Germany VTT Q2 Volume Downside,FORECAST,2015-06-01,Canada,Paseo,Government,SCENARIO,1594.2525634765625,350.0,260.0,0.13,,scenario_engine_v1
SCN_002,Germany VTT Q2 Volume Downside,FORECAST,2015-06-01,Canada,Paseo,Small Business,SCENARIO,1480.162353515625,300.0,250.0,0.09,,scenario_engine_v1
SCN_002,Germany VTT Q2 Volume Downside,FORECAST,2015-06-01,Canada,VTT,Enterprise,SCENARIO,1570.61572265625,125.0,120.0,0.13,,scenario_engine_v1
SCN_002,Germany VTT Q2 Volume Downside,FORECAST,2015-06-01,Canada,VTT,Midmarket,SCENARIO,1572.4700927734375,15.0,10.0,0.06,,scenario_engine_v1
SCN_002,Germany VTT Q2 Volume Downside,FORECAST,2015-06-01,Canada,Velo,Government,SCENARIO,1479.1829833984375,246.6538359437218,183.1683036899389,0.1294869476777037,,scenario_engine_v1
SCN_002,Germany VTT Q2 Volume Downside,FORECAST,2015-06-01,France,Amarilla,Government,SCENARIO,1697.303466796875,14.991906765943671,8.07381029459372,0.0233837184193478,,scenario_engine_v1
SCN_002,Germany VTT Q2 Volume Downside,FORECAST,2015-06-01,France,Carretera,Midmarket,SCENARIO,1550.850341796875,15.0,10.0,0.0,,scenario_engine_v1
SCN_002,Germany VTT Q2 Volume Downside,FORECAST,2015-06-01,France,Carretera,Small Business,SCENARIO,1618.473388671875,300.0,250.0,0.07,,scenario_engine_v1
SCN_002,Germany VTT Q2 Volume Downside,FORECAST,2015-06-01,France,Montana,Channel Partners,SCENARIO,1714.7926025390625,12.0,3.0,0.03,,scenario_engine_v1
SCN_002,Germany VTT Q2 Volume Downside,FORECAST,2015-06-01,France,Montana,Government,SCENARIO,1651.6483154296875,20.0,10.0,0.0,,scenario_engine_v1
SCN_002,Germany VTT Q2 Volume Downside,FORECAST,2015-06-01,France,Paseo,Channel Partners,SCENARIO,1968.6015625,12.0,3.0,0.03,,scenario_engine_v1
SCN_002,Germany VTT Q2 Volume Downside,FORECAST,2015-06-01,France,Paseo,Enterprise,SCENARIO,1897.241455078125,125.0,120.0,0.01,,scenario_engine_v1
SCN_002,Germany VTT Q2 Volume Downside,FORECAST,2015-06-01,France,Paseo,Government,SCENARIO,1752.8543701171875,350.0,260.0,0.06,,scenario_engine_v1
SCN_002,Germany VTT Q2 Volume Downside,FORECAST,2015-06-01,France,Paseo,Small Business,SCENARIO,1520.25,300.0,250.0,0.07,,scenario_engine_v1
SCN_002,Germany VTT Q2 Volume Downside,FORECAST,2015-06-01,France,VTT,Enterprise,SCENARIO,1827.06103515625,125.0,120.0,0.01,,scenario_engine_v1
SCN_002,Germany VTT Q2 Volume Downside,FORECAST,2015-06-01,France,VTT,Midmarket,SCENARIO,1631.40625,15.0,10.0,0.0,,scenario_engine_v1
SCN_002,Germany VTT Q2 Volume Downside,FORECAST,2015-06-01,France,Velo,Government,SCENARIO,1870.908447265625,198.0379746835443,147.0253164556962,0.0610961968680089,,scenario_engine_v1
SCN_002,Germany VTT Q2 Volume Downside,FORECAST,2015-06-01,Germany,Amarilla,Government,SCENARIO,1739.360107421875,20.0,10.0,0.08,,scenario_engine_v1
SCN_002,Germany VTT Q2 Volume Downside,FORECAST,2015-06-01,Germany,Carretera,Midmarket,SCENARIO,1711.17529296875,15.0,10.0,0.0,,scenario_engine_v1
SCN_002,Germany VTT Q2 Volume Downside,FORECAST,2015-06-01,Germany,Carretera,Small Business,SCENARIO,1374.6068115234375,300.0,250.0,0.03,,scenario_engine_v1
SCN_002,Germany VTT Q2 Volume Downside,FORECAST,2015-06-01,Germany,Montana,Channel Partners,SCENARIO,1480.7535400390625,12.0,3.0,0.0,,scenario_engine_v1
SCN_002,Germany VTT Q2 Volume Downside,FORECAST,2015-06-01,Germany,Paseo,Enterprise,SCENARIO,1690.923583984375,125.0,120.0,0.03,,scenario_engine_v1
SCN_002,Germany VTT Q2 Volume Downside,FORECAST,2015-06-01,Germany,Paseo,Government,SCENARIO,1432.49169921875,159.95784148397976,116.02866779089376,0.0057603710927204,,scenario_engine_v1
SCN_002,Germany VTT Q2 Volume Downside,FORECAST,2015-06-01,Germany,Paseo,Small Business,SCENARIO,1285.580078125,300.0,250.0,0.03,,scenario_engine_v1
SCN_002,Germany VTT Q2 Volume Downside,FORECAST,2015-06-01,Germany,VTT,Enterprise,SCENARIO,1216.1963012695312,125.0,120.0,0.03,,scenario_engine_v1
SCN_002,Germany VTT Q2 Volume Downside,FORECAST,2015-06-01,Germany,VTT,Government,SCENARIO,1417.4152954101562,7.0,5.0,0.08,,scenario_engine_v1
SCN_002,Germany VTT Q2 Volume Downside,FORECAST,2015-06-01,Germany,VTT,Midmarket,SCENARIO,1274.7817749023438,15.0,10.0,0.0,,scenario_engine_v1
SCN_002,Germany VTT Q2 Volume Downside,FORECAST,2015-06-01,Germany,Velo,Channel Partners,SCENARIO,1612.0142822265625,12.0,3.0,0.0,,scenario_engine_v1
SCN_002,Germany VTT Q2 Volume Downside,FORECAST,2015-06-01,Germany,Velo,Government,SCENARIO,1555.851806640625,110.1872009569378,81.71351674641149,0.0035533264941677,,scenario_engine_v1
SCN_002,Germany VTT Q2 Volume Downside,FORECAST,2015-06-01,Mexico,Amarilla,Government,SCENARIO,1777.6817626953125,20.0,10.0,0.09,,scenario_engine_v1
SCN_002,Germany VTT Q2 Volume Downside,FORECAST,2015-06-01,Mexico,Amarilla,Small Business,SCENARIO,1363.104736328125,300.0,250.0,0.08,,scenario_engine_v1
SCN_002,Germany VTT Q2 Volume Downside,FORECAST,2015-06-01,Mexico,Carretera,Government,SCENARIO,1458.955810546875,350.0,260.0,0.12,,scenario_engine_v1
SCN_002,Germany VTT Q2 Volume Downside,FORECAST,2015-06-01,Mexico,Carretera,Midmarket,SCENARIO,1456.015380859375,15.0,10.0,0.0,,scenario_engine_v1
SCN_002,Germany VTT Q2 Volume Downside,FORECAST,2015-06-01,Mexico,Montana,Channel Partners,SCENARIO,1201.6431884765625,12.0,3.0,0.13,,scenario_engine_v1
SCN_002,Germany VTT Q2 Volume Downside,FORECAST,2015-06-01,Mexico,Montana,Midmarket,SCENARIO,1571.4454345703125,15.0,10.0,0.0,,scenario_engine_v1
SCN_002,Germany VTT Q2 Volume Downside,FORECAST,2015-06-01,Mexico,Paseo,Enterprise,SCENARIO,1595.8172607421875,125.0,120.0,0.02,,scenario_engine_v1
SCN_002,Germany VTT Q2 Volume Downside,FORECAST,2015-06-01,Mexico,Paseo,Government,SCENARIO,1311.5218505859375,171.96465696465697,125.12474012474011,0.1181176328356404,,scenario_engine_v1
SCN_002,Germany VTT Q2 Volume Downside,FORECAST,2015-06-01,Mexico,Paseo,Small Business,SCENARIO,1285.9481201171875,300.0,250.0,0.08,,scenario_engine_v1
SCN_002,Germany VTT Q2 Volume Downside,FORECAST,2015-06-01,Mexico,VTT,Enterprise,SCENARIO,1602.135009765625,125.0,120.0,0.02,,scenario_engine_v1
SCN_002,Germany VTT Q2 Volume Downside,FORECAST,2015-06-01,Mexico,VTT,Government,SCENARIO,1676.19677734375,7.0,5.0,0.06,,scenario_engine_v1
SCN_002,Germany VTT Q2 Volume Downside,FORECAST,2015-06-01,Mexico,Velo,Channel Partners,SCENARIO,1182.28955078125,12.0,3.0,0.13,,scenario_engine_v1
SCN_002,Germany VTT Q2 Volume Downside,FORECAST,2015-06-01,Mexico,Velo,Government,SCENARIO,1565.117919921875,7.0,5.0,0.06,,scenario_engine_v1
SCN_002,Germany VTT Q2 Volume Downside,FORECAST,2015-06-01,United States of America,Amarilla,Government,SCENARIO,1914.300048828125,10.978515158749104,6.530198137980425,0.08,,scenario_engine_v1
SCN_002,Germany VTT Q2 Volume Downside,FORECAST,2015-06-01,United States of America,Carretera,Midmarket,SCENARIO,1816.9140625,15.0,10.0,0.1299999999999999,,scenario_engine_v1
SCN_002,Germany VTT Q2 Volume Downside,FORECAST,2015-06-01,United States of America,Carretera,Small Business,SCENARIO,1995.3223876953125,300.0,250.0,0.05,,scenario_engine_v1
SCN_002,Germany VTT Q2 Volume Downside,FORECAST,2015-06-01,United States of America,Montana,Channel Partners,SCENARIO,1808.494873046875,12.0,3.0,0.02,,scenario_engine_v1
SCN_002,Germany VTT Q2 Volume Downside,FORECAST,2015-06-01,United States of America,Montana,Government,SCENARIO,1537.6441650390625,20.0,10.0,0.0799999999999999,,scenario_engine_v1
SCN_002,Germany VTT Q2 Volume Downside,FORECAST,2015-06-01,United States of America,Paseo,Channel Partners,SCENARIO,1608.8853759765625,12.0,3.0,0.02,,scenario_engine_v1
SCN_002,Germany VTT Q2 Volume Downside,FORECAST,2015-06-01,United States of America,Paseo,Enterprise,SCENARIO,1547.4420166015625,125.0,120.0,0.01,,scenario_engine_v1
SCN_002,Germany VTT Q2 Volume Downside,FORECAST,2015-06-01,United States of America,Paseo,Government,SCENARIO,1578.654052734375,350.0,260.0,0.05,,scenario_engine_v1
SCN_002,Germany VTT Q2 Volume Downside,FORECAST,2015-06-01,United States of America,Paseo,Small Business,SCENARIO,1564.49072265625,300.0,250.0,0.05,,scenario_engine_v1
SCN_002,Germany VTT Q2 Volume Downside,FORECAST,2015-06-01,United States of America,VTT,Enterprise,SCENARIO,1816.67138671875,125.0,120.0,0.01,,scenario_engine_v1
SCN_002,Germany VTT Q2 Volume Downside,FORECAST,2015-06-01,United States of America,VTT,Midmarket,SCENARIO,1559.0850830078125,15.0,10.0,0.1299999999999999,,scenario_engine_v1
SCN_002,Germany VTT Q2 Volume Downside,FORECAST,2015-06-01,United States of America,Velo,Government,SCENARIO,1691.821044921875,65.84468509546879,48.74750641208321,0.0526421668131002,,scenario_engine_v1
SCN_002,Germany VTT Q2 Volume Downside,FORECAST,2015-07-01,Canada,Amarilla,Midmarket,SCENARIO,1916.1448974609373,15.0,10.0,0.09,,scenario_engine_v1
SCN_002,Germany VTT Q2 Volume Downside,FORECAST,2015-07-01,Canada,Carretera,Government,SCENARIO,1472.9849853515625,7.0,5.0,0.09,,scenario_engine_v1
SCN_002,Germany VTT Q2 Volume Downside,FORECAST,2015-07-01,Canada,Montana,Enterprise,SCENARIO,1331.92919921875,125.0,120.0,0.0,,scenario_engine_v1
SCN_002,Germany VTT Q2 Volume Downside,FORECAST,2015-07-01,Canada,Paseo,Channel Partners,SCENARIO,1467.469482421875,12.0,3.0,0.11,,scenario_engine_v1
SCN_002,Germany VTT Q2 Volume Downside,FORECAST,2015-07-01,Canada,Paseo,Government,SCENARIO,1530.3365478515625,350.0,260.0,0.11,,scenario_engine_v1
SCN_002,Germany VTT Q2 Volume Downside,FORECAST,2015-07-01,Canada,VTT,Government,SCENARIO,1556.110107421875,20.0,10.0,0.15,,scenario_engine_v1
SCN_002,Germany VTT Q2 Volume Downside,FORECAST,2015-07-01,Canada,Velo,Small Business,SCENARIO,1480.5281982421875,300.0,250.0,0.09,,scenario_engine_v1
SCN_002,Germany VTT Q2 Volume Downside,FORECAST,2015-07-01,France,Amarilla,Government,SCENARIO,1509.2373046875,7.0,5.0,0.12,,scenario_engine_v1
SCN_002,Germany VTT Q2 Volume Downside,FORECAST,2015-07-01,France,Montana,Government,SCENARIO,1720.28466796875,20.0,10.0,0.01,,scenario_engine_v1
SCN_002,Germany VTT Q2 Volume Downside,FORECAST,2015-07-01,France,Paseo,Channel Partners,SCENARIO,1674.205810546875,12.0,3.0,0.11,,scenario_engine_v1
SCN_002,Germany VTT Q2 Volume Downside,FORECAST,2015-07-01,France,Paseo,Enterprise,SCENARIO,1778.005859375,125.0,120.0,0.04,,scenario_engine_v1
SCN_002,Germany VTT Q2 Volume Downside,FORECAST,2015-07-01,France,VTT,Midmarket,SCENARIO,1833.8763427734373,15.0,10.0,0.12,,scenario_engine_v1
SCN_002,Germany VTT Q2 Volume Downside,FORECAST,2015-07-01,France,Velo,Government,SCENARIO,1483.5159912109375,350.0,260.0,0.1,,scenario_engine_v1
SCN_002,Germany VTT Q2 Volume Downside,FORECAST,2015-07-01,France,Velo,Small Business,SCENARIO,1416.5120849609375,300.0,250.0,0.07,,scenario_engine_v1
SCN_002,Germany VTT Q2 Volume Downside,FORECAST,2015-07-01,Germany,Amarilla,Government,SCENARIO,1601.0743408203125,7.0,5.0,0.0,,scenario_engine_v1
SCN_002,Germany VTT Q2 Volume Downside,FORECAST,2015-07-01,Germany,Carretera,Small Business,SCENARIO,1382.1029052734375,300.0,250.0,0.11,,scenario_engine_v1
SCN_002,Germany VTT Q2 Volume Downside,FORECAST,2015-07-01,Germany,Montana,Government,SCENARIO,1537.695556640625,20.0,10.0,0.08,,scenario_engine_v1
SCN_002,Germany VTT Q2 Volume Downside,FORECAST,2015-07-01,Germany,Paseo,Channel Partners,SCENARIO,1424.201904296875,12.0,3.0,0.0,,scenario_engine_v1
SCN_002,Germany VTT Q2 Volume Downside,FORECAST,2015-07-01,Germany,Paseo,Enterprise,SCENARIO,1439.22265625,125.0,120.0,0.07,,scenario_engine_v1
SCN_002,Germany VTT Q2 Volume Downside,FORECAST,2015-07-01,Germany,VTT,Midmarket,SCENARIO,1567.4495849609375,15.0,10.0,0.15,,scenario_engine_v1
SCN_002,Germany VTT Q2 Volume Downside,FORECAST,2015-07-01,Germany,Velo,Government,SCENARIO,1405.2080078125,350.0,260.0,0.09,,scenario_engine_v1
SCN_002,Germany VTT Q2 Volume Downside,FORECAST,2015-07-01,Mexico,Amarilla,Government,SCENARIO,1942.6220703125,7.0,5.0,0.0499999999999999,,scenario_engine_v1
SCN_002,Germany VTT Q2 Volume Downside,FORECAST,2015-07-01,Mexico,Carretera,Small Business,SCENARIO,1177.9664306640625,300.0,250.0,0.14,,scenario_engine_v1
SCN_002,Germany VTT Q2 Volume Downside,FORECAST,2015-07-01,Mexico,Montana,Government,SCENARIO,1882.0462646484373,20.0,10.0,0.13,,scenario_engine_v1
SCN_002,Germany VTT Q2 Volume Downside,FORECAST,2015-07-01,Mexico,Paseo,Channel Partners,SCENARIO,1416.184326171875,12.0,3.0,0.13,,scenario_engine_v1
SCN_002,Germany VTT Q2 Volume Downside,FORECAST,2015-07-01,Mexico,Paseo,Enterprise,SCENARIO,1564.77001953125,125.0,120.0,0.01,,scenario_engine_v1
SCN_002,Germany VTT Q2 Volume Downside,FORECAST,2015-07-01,Mexico,VTT,Midmarket,SCENARIO,1370.465576171875,15.0,10.0,0.1,,scenario_engine_v1
SCN_002,Germany VTT Q2 Volume Downside,FORECAST,2015-07-01,Mexico,Velo,Government,SCENARIO,1611.4898681640625,350.0,260.0,0.12,,scenario_engine_v1
SCN_002,Germany VTT Q2 Volume Downside,FORECAST,2015-07-01,United States of America,Amarilla,Midmarket,SCENARIO,2035.8177490234373,15.0,10.0,0.1099999999999999,,scenario_engine_v1
SCN_002,Germany VTT Q2 Volume Downside,FORECAST,2015-07-01,United States of America,Carretera,Government,SCENARIO,1377.5413818359375,7.0,5.0,0.01,,scenario_engine_v1
SCN_002,Germany VTT Q2 Volume Downside,FORECAST,2015-07-01,United States of America,Montana,Enterprise,SCENARIO,1563.107421875,125.0,120.0,0.05,,scenario_engine_v1
SCN_002,Germany VTT Q2 Volume Downside,FORECAST,2015-07-01,United States of America,Paseo,Channel Partners,SCENARIO,1869.5628662109373,12.0,3.0,0.03,,scenario_engine_v1
SCN_002,Germany VTT Q2 Volume Downside,FORECAST,2015-07-01,United States of America,Paseo,Government,SCENARIO,1405.84375,350.0,260.0,0.04,,scenario_engine_v1
SCN_002,Germany VTT Q2 Volume Downside,FORECAST,2015-07-01,United States of America,VTT,Government,SCENARIO,1573.15966796875,20.0,10.0,0.08,,scenario_engine_v1
SCN_002,Germany VTT Q2 Volume Downside,FORECAST,2015-07-01,United States of America,Velo,Small Business,SCENARIO,1746.052490234375,300.0,250.0,0.14,,scenario_engine_v1
SCN_002,Germany VTT Q2 Volume Downside,FORECAST,2015-08-01,Canada,Amarilla,Government,SCENARIO,1811.3323974609373,350.0,260.0,0.05,,scenario_engine_v1
SCN_002,Germany VTT Q2 Volume Downside,FORECAST,2015-08-01,Canada,Carretera,Channel Partners,SCENARIO,2183.38427734375,12.0,3.0,0.0699999999999999,,scenario_engine_v1
SCN_002,Germany VTT Q2 Volume Downside,FORECAST,2015-08-01,Canada,Montana,Government,SCENARIO,1789.791015625,7.0,5.0,0.01,,scenario_engine_v1
SCN_002,Germany VTT Q2 Volume Downside,FORECAST,2015-08-01,Canada,Paseo,Government,SCENARIO,1456.177978515625,20.0,10.0,0.11,,scenario_engine_v1
SCN_002,Germany VTT Q2 Volume Downside,FORECAST,2015-08-01,Canada,Paseo,Midmarket,SCENARIO,1419.9736328125,15.0,10.0,0.15,,scenario_engine_v1
SCN_002,Germany VTT Q2 Volume Downside,FORECAST,2015-08-01,Canada,VTT,Small Business,SCENARIO,1354.94580078125,300.0,250.0,0.03,,scenario_engine_v1
SCN_002,Germany VTT Q2 Volume Downside,FORECAST,2015-08-01,Canada,Velo,Enterprise,SCENARIO,1474.4412841796875,125.0,120.0,0.01,,scenario_engine_v1
SCN_002,Germany VTT Q2 Volume Downside,FORECAST,2015-08-01,France,Amarilla,Channel Partners,SCENARIO,1162.04443359375,12.0,3.0,0.14,,scenario_engine_v1
SCN_002,Germany VTT Q2 Volume Downside,FORECAST,2015-08-01,France,Carretera,Enterprise,SCENARIO,1586.05078125,125.0,120.0,0.15,,scenario_engine_v1
SCN_002,Germany VTT Q2 Volume Downside,FORECAST,2015-08-01,France,Montana,Small Business,SCENARIO,1576.4095458984375,300.0,250.0,0.08,,scenario_engine_v1
SCN_002,Germany VTT Q2 Volume Downside,FORECAST,2015-08-01,France,Paseo,Government,SCENARIO,1517.118896484375,7.0,5.0,0.13,,scenario_engine_v1
SCN_002,Germany VTT Q2 Volume Downside,FORECAST,2015-08-01,France,Paseo,Midmarket,SCENARIO,1541.5552978515625,15.0,10.0,0.07,,scenario_engine_v1
SCN_002,Germany VTT Q2 Volume Downside,FORECAST,2015-08-01,France,VTT,Government,SCENARIO,1777.3994140625,350.0,260.0,0.08,,scenario_engine_v1
SCN_002,Germany VTT Q2 Volume Downside,FORECAST,2015-08-01,France,Velo,Government,SCENARIO,1581.6185302734375,20.0,10.0,0.05,,scenario_engine_v1
SCN_002,Germany VTT Q2 Volume Downside,FORECAST,2015-08-01,Germany,Amarilla,Channel Partners,SCENARIO,1288.112548828125,12.0,3.0,0.1,,scenario_engine_v1
SCN_002,Germany VTT Q2 Volume Downside,FORECAST,2015-08-01,Germany,Carretera,Enterprise,SCENARIO,1411.92724609375,125.0,120.0,0.15,,scenario_engine_v1
SCN_002,Germany VTT Q2 Volume Downside,FORECAST,2015-08-01,Germany,Montana,Small Business,SCENARIO,1008.4784545898438,300.0,250.0,0.04,,scenario_engine_v1
SCN_002,Germany VTT Q2 Volume Downside,FORECAST,2015-08-01,Germany,Paseo,Government,SCENARIO,1591.6136474609375,7.0,5.0,0.08,,scenario_engine_v1
SCN_002,Germany VTT Q2 Volume Downside,FORECAST,2015-08-01,Germany,Paseo,Midmarket,SCENARIO,1634.8309326171875,15.0,10.0,0.06,,scenario_engine_v1
SCN_002,Germany VTT Q2 Volume Downside,FORECAST,2015-08-01,Germany,VTT,Government,SCENARIO,1897.7420654296875,350.0,260.0,0.08,,scenario_engine_v1
SCN_002,Germany VTT Q2 Volume Downside,FORECAST,2015-08-01,Germany,Velo,Government,SCENARIO,1506.3236083984375,20.0,10.0,0.06,,scenario_engine_v1
SCN_002,Germany VTT Q2 Volume Downside,FORECAST,2015-08-01,Mexico,Amarilla,Channel Partners,SCENARIO,1396.5413818359375,12.0,3.0,0.0499999999999999,,scenario_engine_v1
SCN_002,Germany VTT Q2 Volume Downside,FORECAST,2015-08-01,Mexico,Carretera,Enterprise,SCENARIO,1455.1763916015625,125.0,120.0,0.08,,scenario_engine_v1
SCN_002,Germany VTT Q2 Volume Downside,FORECAST,2015-08-01,Mexico,Montana,Small Business,SCENARIO,1686.72802734375,300.0,250.0,0.0,,scenario_engine_v1
SCN_002,Germany VTT Q2 Volume Downside,FORECAST,2015-08-01,Mexico,Paseo,Government,SCENARIO,1516.6136474609375,7.0,5.0,0.0,,scenario_engine_v1
SCN_002,Germany VTT Q2 Volume Downside,FORECAST,2015-08-01,Mexico,Paseo,Midmarket,SCENARIO,1598.6904296875,15.0,10.0,0.11,,scenario_engine_v1
SCN_002,Germany VTT Q2 Volume Downside,FORECAST,2015-08-01,Mexico,VTT,Government,SCENARIO,1753.475830078125,350.0,260.0,0.03,,scenario_engine_v1
SCN_002,Germany VTT Q2 Volume Downside,FORECAST,2015-08-01,Mexico,Velo,Government,SCENARIO,1370.093505859375,20.0,10.0,0.07,,scenario_engine_v1
SCN_002,Germany VTT Q2 Volume Downside,FORECAST,2015-08-01,United States of America,Amarilla,Channel Partners,SCENARIO,1548.043212890625,12.0,3.0,0.0,,scenario_engine_v1
SCN_002,Germany VTT Q2 Volume Downside,FORECAST,2015-08-01,United States of America,Paseo,Government,SCENARIO,1578.654052734375,7.0,5.0,0.08,,scenario_engine_v1
SCN_002,Germany VTT Q2 Volume Downside,FORECAST,2015-08-01,United States of America,Paseo,Midmarket,SCENARIO,1679.1279296875,15.0,10.0,0.06,,scenario_engine_v1
SCN_002,Germany VTT Q2 Volume Downside,FORECAST,2015-08-01,United States of America,VTT,Government,SCENARIO,1480.85888671875,350.0,260.0,0.1,,scenario_engine_v1
SCN_002,Germany VTT Q2 Volume Downside,FORECAST,2015-08-01,United States of America,VTT,Small Business,SCENARIO,1610.897216796875,300.0,250.0,0.14,,scenario_engine_v1
SCN_002,Germany VTT Q2 Volume Downside,FORECAST,2015-08-01,United States of America,Velo,Enterprise,SCENARIO,1489.415771484375,125.0,120.0,0.0,,scenario_engine_v1
SCN_002,Germany VTT Q2 Volume Downside,FORECAST,2015-08-01,United States of America,Velo,Government,SCENARIO,1225.7738037109375,20.0,10.0,0.05,,scenario_engine_v1
SCN_002,Germany VTT Q2 Volume Downside,FORECAST,2015-09-01,Canada,Amarilla,Government,SCENARIO,1731.425537109375,350.0,260.0,0.1,,scenario_engine_v1
SCN_002,Germany VTT Q2 Volume Downside,FORECAST,2015-09-01,Canada,Carretera,Channel Partners,SCENARIO,1582.9495849609375,12.0,3.0,0.01,,scenario_engine_v1
SCN_002,Germany VTT Q2 Volume Downside,FORECAST,2015-09-01,Canada,Montana,Government,SCENARIO,1672.549072265625,7.0,5.0,0.14,,scenario_engine_v1
SCN_002,Germany VTT Q2 Volume Downside,FORECAST,2015-09-01,Canada,Paseo,Government,SCENARIO,1637.471923828125,20.0,10.0,0.04,,scenario_engine_v1
SCN_002,Germany VTT Q2 Volume Downside,FORECAST,2015-09-01,Canada,Paseo,Midmarket,SCENARIO,2116.96337890625,15.0,10.0,0.04,,scenario_engine_v1
SCN_002,Germany VTT Q2 Volume Downside,FORECAST,2015-09-01,Canada,VTT,Small Business,SCENARIO,1688.005615234375,300.0,250.0,0.08,,scenario_engine_v1
SCN_002,Germany VTT Q2 Volume Downside,FORECAST,2015-09-01,Canada,Velo,Enterprise,SCENARIO,1632.4114990234375,125.0,120.0,0.09,,scenario_engine_v1
SCN_002,Germany VTT Q2 Volume Downside,FORECAST,2015-09-01,France,Amarilla,Government,SCENARIO,1629.401611328125,350.0,260.0,0.07,,scenario_engine_v1
SCN_002,Germany VTT Q2 Volume Downside,FORECAST,2015-09-01,France,Carretera,Channel Partners,SCENARIO,1529.083984375,12.0,3.0,0.01,,scenario_engine_v1
SCN_002,Germany VTT Q2 Volume Downside,FORECAST,2015-09-01,France,Montana,Government,SCENARIO,1672.81640625,7.0,5.0,0.03,,scenario_engine_v1
SCN_002,Germany VTT Q2 Volume Downside,FORECAST,2015-09-01,France,Paseo,Government,SCENARIO,1703.567626953125,20.0,10.0,0.07,,scenario_engine_v1
SCN_002,Germany VTT Q2 Volume Downside,FORECAST,2015-09-01,France,Paseo,Midmarket,SCENARIO,1839.2159423828125,15.0,10.0,0.05,,scenario_engine_v1
SCN_002,Germany VTT Q2 Volume Downside,FORECAST,2015-09-01,France,VTT,Small Business,SCENARIO,1400.1993408203125,300.0,250.0,0.0,,scenario_engine_v1
SCN_002,Germany VTT Q2 Volume Downside,FORECAST,2015-09-01,France,Velo,Enterprise,SCENARIO,1708.7659912109375,125.0,120.0,0.15,,scenario_engine_v1
SCN_002,Germany VTT Q2 Volume Downside,FORECAST,2015-09-01,Germany,Amarilla,Government,SCENARIO,1491.861083984375,350.0,260.0,0.04,,scenario_engine_v1
SCN_002,Germany VTT Q2 Volume Downside,FORECAST,2015-09-01,Germany,Carretera,Channel Partners,SCENARIO,1497.3323974609375,12.0,3.0,0.09,,scenario_engine_v1
SCN_002,Germany VTT Q2 Volume Downside,FORECAST,2015-09-01,Germany,Montana,Government,SCENARIO,1341.31982421875,7.0,5.0,0.0,,scenario_engine_v1
SCN_002,Germany VTT Q2 Volume Downside,FORECAST,2015-09-01,Germany,Paseo,Government,SCENARIO,1448.0523681640625,20.0,10.0,0.08,,scenario_engine_v1
SCN_002,Germany VTT Q2 Volume Downside,FORECAST,2015-09-01,Germany,Paseo,Midmarket,SCENARIO,1391.138671875,15.0,10.0,0.01,,scenario_engine_v1
SCN_002,Germany VTT Q2 Volume Downside,FORECAST,2015-09-01,Germany,VTT,Small Business,SCENARIO,1546.4603271484375,300.0,250.0,0.01,,scenario_engine_v1
SCN_002,Germany VTT Q2 Volume Downside,FORECAST,2015-09-01,Germany,Velo,Enterprise,SCENARIO,1255.874755859375,125.0,120.0,0.07,,scenario_engine_v1
SCN_002,Germany VTT Q2 Volume Downside,FORECAST,2015-09-01,Mexico,Amarilla,Government,SCENARIO,1696.4136962890625,350.0,260.0,0.06,,scenario_engine_v1
SCN_002,Germany VTT Q2 Volume Downside,FORECAST,2015-09-01,Mexico,Carretera,Channel Partners,SCENARIO,1367.010498046875,12.0,3.0,0.06,,scenario_engine_v1
SCN_002,Germany VTT Q2 Volume Downside,FORECAST,2015-09-01,Mexico,Montana,Government,SCENARIO,1421.817138671875,7.0,5.0,0.12,,scenario_engine_v1
SCN_002,Germany VTT Q2 Volume Downside,FORECAST,2015-09-01,Mexico,Paseo,Government,SCENARIO,1630.60791015625,20.0,10.0,0.08,,scenario_engine_v1
SCN_002,Germany VTT Q2 Volume Downside,FORECAST,2015-09-01,Mexico,Paseo,Midmarket,SCENARIO,1445.971923828125,15.0,10.0,0.0,,scenario_engine_v1
SCN_002,Germany VTT Q2 Volume Downside,FORECAST,2015-09-01,Mexico,VTT,Small Business,SCENARIO,1357.636962890625,300.0,250.0,0.1,,scenario_engine_v1
SCN_002,Germany VTT Q2 Volume Downside,FORECAST,2015-09-01,Mexico,Velo,Enterprise,SCENARIO,1435.227783203125,125.0,120.0,0.09,,scenario_engine_v1
SCN_002,Germany VTT Q2 Volume Downside,FORECAST,2015-09-01,United States of America,Amarilla,Government,SCENARIO,1733.4903564453125,350.0,260.0,0.09,,scenario_engine_v1
SCN_002,Germany VTT Q2 Volume Downside,FORECAST,2015-09-01,United States of America,Carretera,Channel Partners,SCENARIO,1617.9901123046875,12.0,3.0,0.03,,scenario_engine_v1
SCN_002,Germany VTT Q2 Volume Downside,FORECAST,2015-09-01,United States of America,Montana,Government,SCENARIO,1514.3402099609375,7.0,5.0,0.0999999999999999,,scenario_engine_v1
SCN_002,Germany VTT Q2 Volume Downside,FORECAST,2015-09-01,United States of America,Paseo,Government,SCENARIO,1580.1627197265625,20.0,10.0,0.04,,scenario_engine_v1
SCN_002,Germany VTT Q2 Volume Downside,FORECAST,2015-09-01,United States of America,Paseo,Midmarket,SCENARIO,1651.4072265625,15.0,10.0,0.1399999999999999,,scenario_engine_v1
SCN_002,Germany VTT Q2 Volume Downside,FORECAST,2015-09-01,United States of America,VTT,Small Business,SCENARIO,1491.1785888671875,300.0,250.0,0.09,,scenario_engine_v1
SCN_002,Germany VTT Q2 Volume Downside,FORECAST,2015-09-01,United States of America,Velo,Enterprise,SCENARIO,1383.4384765625,125.0,120.0,0.1,,scenario_engine_v1
SCN_002,Germany VTT Q2 Volume Downside,FORECAST,2015-10-01,Canada,Amarilla,Government,SCENARIO,1608.2269287109375,115.73519860104922,85.8381214089433,0.0912392723316813,,scenario_engine_v1
SCN_002,Germany VTT Q2 Volume Downside,FORECAST,2015-10-01,Canada,Carretera,Channel Partners,SCENARIO,1652.9388427734375,12.0,3.0,0.02,,scenario_engine_v1
SCN_002,Germany VTT Q2 Volume Downside,FORECAST,2015-10-01,Canada,Carretera,Small Business,SCENARIO,1398.2730712890625,300.0,250.0,0.14,,scenario_engine_v1
SCN_002,Germany VTT Q2 Volume Downside,FORECAST,2015-10-01,Canada,Montana,Government,SCENARIO,1639.7117919921875,11.076575445643988,6.567913632939995,0.125662088036629,,scenario_engine_v1
SCN_002,Germany VTT Q2 Volume Downside,FORECAST,2015-10-01,Canada,Paseo,Channel Partners,SCENARIO,1707.74072265625,12.0,3.0,0.02,,scenario_engine_v1
SCN_002,Germany VTT Q2 Volume Downside,FORECAST,2015-10-01,Canada,Paseo,Enterprise,SCENARIO,1659.384521484375,125.0,120.0,0.03,,scenario_engine_v1
SCN_002,Germany VTT Q2 Volume Downside,FORECAST,2015-10-01,Canada,Paseo,Government,SCENARIO,1751.1107177734375,20.0,10.0,0.13,,scenario_engine_v1
SCN_002,Germany VTT Q2 Volume Downside,FORECAST,2015-10-01,Canada,Paseo,Midmarket,SCENARIO,1551.943603515625,15.0,10.0,0.13,,scenario_engine_v1
SCN_002,Germany VTT Q2 Volume Downside,FORECAST,2015-10-01,Canada,VTT,Midmarket,SCENARIO,1690.2742919921875,15.0,10.0,0.13,,scenario_engine_v1
SCN_002,Germany VTT Q2 Volume Downside,FORECAST,2015-10-01,Canada,VTT,Small Business,SCENARIO,1805.1492919921875,300.0,250.0,0.14,,scenario_engine_v1
SCN_002,Germany VTT Q2 Volume Downside,FORECAST,2015-10-01,Canada,Velo,Enterprise,SCENARIO,1438.73779296875,125.0,120.0,0.03,,scenario_engine_v1
SCN_002,Germany VTT Q2 Volume Downside,FORECAST,2015-10-01,Canada,Velo,Government,SCENARIO,1530.94921875,350.0,260.0,0.09,,scenario_engine_v1
SCN_002,Germany VTT Q2 Volume Downside,FORECAST,2015-10-01,France,Amarilla,Channel Partners,SCENARIO,1865.5595703125,12.0,3.0,0.1399999999999999,,scenario_engine_v1
SCN_002,Germany VTT Q2 Volume Downside,FORECAST,2015-10-01,France,Amarilla,Government,SCENARIO,1580.1378173828125,7.0,5.0,0.14,,scenario_engine_v1
SCN_002,Germany VTT Q2 Volume Downside,FORECAST,2015-10-01,France,Carretera,Enterprise,SCENARIO,1674.906494140625,125.0,120.0,0.11,,scenario_engine_v1
SCN_002,Germany VTT Q2 Volume Downside,FORECAST,2015-10-01,France,Carretera,Small Business,SCENARIO,1359.5928955078125,300.0,250.0,0.07,,scenario_engine_v1
SCN_002,Germany VTT Q2 Volume Downside,FORECAST,2015-10-01,France,Montana,Government,SCENARIO,1488.2293701171875,20.0,10.0,0.07,,scenario_engine_v1
SCN_002,Germany VTT Q2 Volume Downside,FORECAST,2015-10-01,France,Montana,Small Business,SCENARIO,1422.9757080078125,300.0,250.0,0.07,,scenario_engine_v1
SCN_002,Germany VTT Q2 Volume Downside,FORECAST,2015-10-01,France,Paseo,Channel Partners,SCENARIO,1556.161376953125,12.0,3.0,0.1399999999999999,,scenario_engine_v1
SCN_002,Germany VTT Q2 Volume Downside,FORECAST,2015-10-01,France,Paseo,Enterprise,SCENARIO,1471.45849609375,125.0,120.0,0.11,,scenario_engine_v1
SCN_002,Germany VTT Q2 Volume Downside,FORECAST,2015-10-01,France,Paseo,Government,SCENARIO,1725.0360107421875,7.0,5.0,0.14,,scenario_engine_v1
SCN_002,Germany VTT Q2 Volume Downside,FORECAST,2015-10-01,France,Paseo,Midmarket,SCENARIO,1804.622314453125,15.0,10.0,0.09,,scenario_engine_v1
SCN_002,Germany VTT Q2 Volume Downside,FORECAST,2015-10-01,France,VTT,Government,SCENARIO,1576.796875,350.0,260.0,0.04,,scenario_engine_v1
SCN_002,Germany VTT Q2 Volume Downside,FORECAST,2015-10-01,France,VTT,Midmarket,SCENARIO,1813.80126953125,15.0,10.0,0.09,,scenario_engine_v1
SCN_002,Germany VTT Q2 Volume Downside,FORECAST,2015-10-01,France,Velo,Government,SCENARIO,1456.5018310546875,192.9857934023597,141.04984348663618,0.0414792818196563,,scenario_engine_v1
SCN_002,Germany VTT Q2 Volume Downside,FORECAST,2015-10-01,Germany,Amarilla,Channel Partners,SCENARIO,1567.048828125,12.0,3.0,0.1099999999999999,,scenario_engine_v1
SCN_002,Germany VTT Q2 Volume Downside,FORECAST,2015-10-01,Germany,Carretera,Enterprise,SCENARIO,1669.0255126953125,125.0,120.0,0.15,,scenario_engine_v1
SCN_002,Germany VTT Q2 Volume Downside,FORECAST,2015-10-01,Germany,Carretera,Small Business,SCENARIO,1441.678466796875,300.0,250.0,0.04,,scenario_engine_v1
SCN_002,Germany VTT Q2 Volume Downside,FORECAST,2015-10-01,Germany,Montana,Small Business,SCENARIO,1287.2572021484375,300.0,250.0,0.04,,scenario_engine_v1
SCN_002,Germany VTT Q2 Volume Downside,FORECAST,2015-10-01,Germany,Paseo,Enterprise,SCENARIO,1502.228759765625,125.0,120.0,0.15,,scenario_engine_v1
SCN_002,Germany VTT Q2 Volume Downside,FORECAST,2015-10-01,Germany,Paseo,Government,SCENARIO,1466.783447265625,12.21297836938436,7.004991680532446,0.096566757493188,,scenario_engine_v1
SCN_002,Germany VTT Q2 Volume Downside,FORECAST,2015-10-01,Germany,Paseo,Midmarket,SCENARIO,1389.35009765625,15.0,10.0,0.15,,scenario_engine_v1
SCN_002,Germany VTT Q2 Volume Downside,FORECAST,2015-10-01,Germany,VTT,Government,SCENARIO,1566.9732666015625,311.85356811862835,231.6404077849861,0.0201747451633035,,scenario_engine_v1
SCN_002,Germany VTT Q2 Volume Downside,FORECAST,2015-10-01,Germany,VTT,Midmarket,SCENARIO,1430.813232421875,15.0,10.0,0.15,,scenario_engine_v1
SCN_002,Germany VTT Q2 Volume Downside,FORECAST,2015-10-01,Germany,Velo,Channel Partners,SCENARIO,1584.534912109375,12.0,3.0,0.1099999999999999,,scenario_engine_v1
SCN_002,Germany VTT Q2 Volume Downside,FORECAST,2015-10-01,Germany,Velo,Government,SCENARIO,1314.7890625,324.49326491340605,240.6767158434894,0.0203811142848671,,scenario_engine_v1
SCN_002,Germany VTT Q2 Volume Downside,FORECAST,2015-10-01,Mexico,Amarilla,Channel Partners,SCENARIO,1197.6727294921875,12.0,3.0,0.13,,scenario_engine_v1
SCN_002,Germany VTT Q2 Volume Downside,FORECAST,2015-10-01,Mexico,Amarilla,Small Business,SCENARIO,1262.672607421875,300.0,250.0,0.15,,scenario_engine_v1
SCN_002,Germany VTT Q2 Volume Downside,FORECAST,2015-10-01,Mexico,Carretera,Enterprise,SCENARIO,1524.9920654296875,125.0,120.0,0.12,,scenario_engine_v1
SCN_002,Germany VTT Q2 Volume Downside,FORECAST,2015-10-01,Mexico,Carretera,Government,SCENARIO,1692.462890625,350.0,260.0,0.01,,scenario_engine_v1
SCN_002,Germany VTT Q2 Volume Downside,FORECAST,2015-10-01,Mexico,Montana,Midmarket,SCENARIO,1543.8857421875,15.0,10.0,0.0399999999999999,,scenario_engine_v1
SCN_002,Germany VTT Q2 Volume Downside,FORECAST,2015-10-01,Mexico,Montana,Small Business,SCENARIO,1226.2049560546875,300.0,250.0,0.15,,scenario_engine_v1
SCN_002,Germany VTT Q2 Volume Downside,FORECAST,2015-10-01,Mexico,Paseo,Enterprise,SCENARIO,1408.330078125,125.0,120.0,0.12,,scenario_engine_v1
SCN_002,Germany VTT Q2 Volume Downside,FORECAST,2015-10-01,Mexico,Paseo,Government,SCENARIO,1452.9324951171875,10.27351140790206,6.2590428491931,0.0843146548221975,,scenario_engine_v1
SCN_002,Germany VTT Q2 Volume Downside,FORECAST,2015-10-01,Mexico,Paseo,Midmarket,SCENARIO,1445.131103515625,15.0,10.0,0.0399999999999999,,scenario_engine_v1
SCN_002,Germany VTT Q2 Volume Downside,FORECAST,2015-10-01,Mexico,VTT,Government,SCENARIO,1584.792724609375,124.27141458639257,92.18428781204112,0.0114827885689077,,scenario_engine_v1
SCN_002,Germany VTT Q2 Volume Downside,FORECAST,2015-10-01,Mexico,Velo,Channel Partners,SCENARIO,1317.5142822265625,12.0,3.0,0.13,,scenario_engine_v1
SCN_002,Germany VTT Q2 Volume Downside,FORECAST,2015-10-01,Mexico,Velo,Government,SCENARIO,1361.996826171875,20.0,10.0,0.12,,scenario_engine_v1
SCN_002,Germany VTT Q2 Volume Downside,FORECAST,2015-10-01,United States of America,Amarilla,Channel Partners,SCENARIO,1710.880615234375,12.0,3.0,0.14,,scenario_engine_v1
SCN_002,Germany VTT Q2 Volume Downside,FORECAST,2015-10-01,United States of America,Amarilla,Government,SCENARIO,1558.3897705078125,7.0,5.0,0.0,,scenario_engine_v1
SCN_002,Germany VTT Q2 Volume Downside,FORECAST,2015-10-01,United States of America,Carretera,Small Business,SCENARIO,1742.806640625,300.0,250.0,0.14,,scenario_engine_v1
SCN_002,Germany VTT Q2 Volume Downside,FORECAST,2015-10-01,United States of America,Montana,Government,SCENARIO,1654.387451171875,20.0,10.0,0.02,,scenario_engine_v1
SCN_002,Germany VTT Q2 Volume Downside,FORECAST,2015-10-01,United States of America,Paseo,Channel Partners,SCENARIO,1391.8026123046875,12.0,3.0,0.14,,scenario_engine_v1
SCN_002,Germany VTT Q2 Volume Downside,FORECAST,2015-10-01,United States of America,Paseo,Enterprise,SCENARIO,1602.431640625,125.0,120.0,0.05,,scenario_engine_v1
SCN_002,Germany VTT Q2 Volume Downside,FORECAST,2015-10-01,United States of America,Paseo,Government,SCENARIO,1551.41064453125,7.0,5.0,0.0,,scenario_engine_v1
SCN_002,Germany VTT Q2 Volume Downside,FORECAST,2015-10-01,United States of America,Paseo,Midmarket,SCENARIO,1587.8961181640625,15.0,10.0,0.06,,scenario_engine_v1
SCN_002,Germany VTT Q2 Volume Downside,FORECAST,2015-10-01,United States of America,VTT,Government,SCENARIO,1558.317626953125,350.0,260.0,0.12,,scenario_engine_v1
SCN_002,Germany VTT Q2 Volume Downside,FORECAST,2015-10-01,United States of America,VTT,Midmarket,SCENARIO,1863.257568359375,15.0,10.0,0.06,,scenario_engine_v1
SCN_002,Germany VTT Q2 Volume Downside,FORECAST,2015-10-01,United States of America,VTT,Small Business,SCENARIO,1530.1328125,300.0,250.0,0.14,,scenario_engine_v1
SCN_002,Germany VTT Q2 Volume Downside,FORECAST,2015-10-01,United States of America,Velo,Enterprise,SCENARIO,1396.4180908203125,125.0,120.0,0.05,,scenario_engine_v1
SCN_002,Germany VTT Q2 Volume Downside,FORECAST,2015-10-01,United States of America,Velo,Government,SCENARIO,1313.2947998046875,147.5,106.5909090909091,0.1116795069337442,,scenario_engine_v1
SCN_002,Germany VTT Q2 Volume Downside,FORECAST,2015-11-01,Canada,Amarilla,Government,SCENARIO,1756.6427001953125,20.0,10.0,0.07,,scenario_engine_v1
SCN_002,Germany VTT Q2 Volume Downside,FORECAST,2015-11-01,Canada,Carretera,Midmarket,SCENARIO,1976.6904296875,15.0,10.0,0.12,,scenario_engine_v1
SCN_002,Germany VTT Q2 Volume Downside,FORECAST,2015-11-01,Canada,Montana,Channel Partners,SCENARIO,1779.1717529296875,12.0,3.0,0.09,,scenario_engine_v1
SCN_002,Germany VTT Q2 Volume Downside,FORECAST,2015-11-01,Canada,Paseo,Government,SCENARIO,1716.2822265625,350.0,260.0,0.14,,scenario_engine_v1
SCN_002,Germany VTT Q2 Volume Downside,FORECAST,2015-11-01,Canada,Paseo,Small Business,SCENARIO,1683.91845703125,300.0,250.0,0.11,,scenario_engine_v1
SCN_002,Germany VTT Q2 Volume Downside,FORECAST,2015-11-01,Canada,VTT,Enterprise,SCENARIO,1762.6773681640625,125.0,120.0,0.1,,scenario_engine_v1
SCN_002,Germany VTT Q2 Volume Downside,FORECAST,2015-11-01,Canada,Velo,Government,SCENARIO,1536.9473876953125,7.0,5.0,0.11,,scenario_engine_v1
SCN_002,Germany VTT Q2 Volume Downside,FORECAST,2015-11-01,France,Amarilla,Government,SCENARIO,1485.8226318359375,20.0,10.0,0.02,,scenario_engine_v1
SCN_002,Germany VTT Q2 Volume Downside,FORECAST,2015-11-01,France,Carretera,Midmarket,SCENARIO,1550.02099609375,15.0,10.0,0.08,,scenario_engine_v1
SCN_002,Germany VTT Q2 Volume Downside,FORECAST,2015-11-01,France,Montana,Channel Partners,SCENARIO,1567.0443115234375,12.0,3.0,0.0699999999999999,,scenario_engine_v1
SCN_002,Germany VTT Q2 Volume Downside,FORECAST,2015-11-01,France,Paseo,Government,SCENARIO,1667.053466796875,350.0,260.0,0.12,,scenario_engine_v1
SCN_002,Germany VTT Q2 Volume Downside,FORECAST,2015-11-01,France,Paseo,Small Business,SCENARIO,1550.7578125,300.0,250.0,0.09,,scenario_engine_v1
SCN_002,Germany VTT Q2 Volume Downside,FORECAST,2015-11-01,France,VTT,Enterprise,SCENARIO,1543.83203125,125.0,120.0,0.01,,scenario_engine_v1
SCN_002,Germany VTT Q2 Volume Downside,FORECAST,2015-11-01,France,Velo,Government,SCENARIO,1482.3582763671875,7.0,5.0,0.0099999999999999,,scenario_engine_v1
SCN_002,Germany VTT Q2 Volume Downside,FORECAST,2015-11-01,Germany,Amarilla,Government,SCENARIO,1530.690673828125,20.0,10.0,0.08,,scenario_engine_v1
SCN_002,Germany VTT Q2 Volume Downside,FORECAST,2015-11-01,Germany,Carretera,Midmarket,SCENARIO,1426.15087890625,15.0,10.0,0.14,,scenario_engine_v1
SCN_002,Germany VTT Q2 Volume Downside,FORECAST,2015-11-01,Germany,Montana,Channel Partners,SCENARIO,1382.7203369140625,12.0,3.0,0.05,,scenario_engine_v1
SCN_002,Germany VTT Q2 Volume Downside,FORECAST,2015-11-01,Germany,Paseo,Government,SCENARIO,1533.0347900390625,350.0,260.0,0.13,,scenario_engine_v1
SCN_002,Germany VTT Q2 Volume Downside,FORECAST,2015-11-01,Germany,Paseo,Small Business,SCENARIO,1500.7642822265625,300.0,250.0,0.12,,scenario_engine_v1
SCN_002,Germany VTT Q2 Volume Downside,FORECAST,2015-11-01,Germany,VTT,Enterprise,SCENARIO,1684.26953125,125.0,120.0,0.15,,scenario_engine_v1
SCN_002,Germany VTT Q2 Volume Downside,FORECAST,2015-11-01,Germany,Velo,Government,SCENARIO,1344.7498779296875,7.0,5.0,0.1,,scenario_engine_v1
SCN_002,Germany VTT Q2 Volume Downside,FORECAST,2015-11-01,Mexico,Amarilla,Government,SCENARIO,1653.1343994140625,20.0,10.0,0.09,,scenario_engine_v1
SCN_002,Germany VTT Q2 Volume Downside,FORECAST,2015-11-01,Mexico,Carretera,Midmarket,SCENARIO,1750.94189453125,15.0,10.0,0.05,,scenario_engine_v1
SCN_002,Germany VTT Q2 Volume Downside,FORECAST,2015-11-01,Mexico,Montana,Channel Partners,SCENARIO,1556.523681640625,12.0,3.0,0.02,,scenario_engine_v1
SCN_002,Germany VTT Q2 Volume Downside,FORECAST,2015-11-01,Mexico,Paseo,Government,SCENARIO,1548.33203125,350.0,260.0,0.12,,scenario_engine_v1
SCN_002,Germany VTT Q2 Volume Downside,FORECAST,2015-11-01,Mexico,Paseo,Small Business,SCENARIO,1519.6719970703125,300.0,250.0,0.12,,scenario_engine_v1
SCN_002,Germany VTT Q2 Volume Downside,FORECAST,2015-11-01,Mexico,VTT,Enterprise,SCENARIO,1591.84375,125.0,120.0,0.09,,scenario_engine_v1
SCN_002,Germany VTT Q2 Volume Downside,FORECAST,2015-11-01,Mexico,Velo,Government,SCENARIO,1485.4681396484375,7.0,5.0,0.06,,scenario_engine_v1
SCN_002,Germany VTT Q2 Volume Downside,FORECAST,2015-11-01,United States of America,Amarilla,Government,SCENARIO,1675.4595947265625,20.0,10.0,0.02,,scenario_engine_v1
SCN_002,Germany VTT Q2 Volume Downside,FORECAST,2015-11-01,United States of America,Carretera,Midmarket,SCENARIO,1702.5616455078125,15.0,10.0,0.06,,scenario_engine_v1
SCN_002,Germany VTT Q2 Volume Downside,FORECAST,2015-11-01,United States of America,Montana,Channel Partners,SCENARIO,1581.4344482421875,12.0,3.0,0.06,,scenario_engine_v1
SCN_002,Germany VTT Q2 Volume Downside,FORECAST,2015-11-01,United States of America,Paseo,Government,SCENARIO,1621.481689453125,350.0,260.0,0.14,,scenario_engine_v1
SCN_002,Germany VTT Q2 Volume Downside,FORECAST,2015-11-01,United States of America,Paseo,Small Business,SCENARIO,1574.950927734375,300.0,250.0,0.01,,scenario_engine_v1
SCN_002,Germany VTT Q2 Volume Downside,FORECAST,2015-11-01,United States of America,VTT,Enterprise,SCENARIO,1585.2806396484375,125.0,120.0,0.12,,scenario_engine_v1
SCN_002,Germany VTT Q2 Volume Downside,FORECAST,2015-11-01,United States of America,Velo,Government,SCENARIO,1462.6466064453125,7.0,5.0,0.0699999999999999,,scenario_engine_v1
SCN_002,Germany VTT Q2 Volume Downside,FORECAST,2015-12-01,Canada,Amarilla,Small Business,SCENARIO,1483.2279052734375,300.0,250.0,0.02,,scenario_engine_v1
SCN_002,Germany VTT Q2 Volume Downside,FORECAST,2015-12-01,Canada,Carretera,Government,SCENARIO,1853.9566650390625,350.0,260.0,0.02,,scenario_engine_v1
SCN_002,Germany VTT Q2 Volume Downside,FORECAST,2015-12-01,Canada,Carretera,Midmarket,SCENARIO,1660.093994140625,15.0,10.0,0.14,,scenario_engine_v1
SCN_002,Germany VTT Q2 Volume Downside,FORECAST,2015-12-01,Canada,Montana,Midmarket,SCENARIO,1953.82666015625,15.0,10.0,0.14,,scenario_engine_v1
SCN_002,Germany VTT Q2 Volume Downside,FORECAST,2015-12-01,Canada,Paseo,Channel Partners,SCENARIO,1667.4337158203125,12.0,3.0,0.0499999999999999,,scenario_engine_v1
SCN_002,Germany VTT Q2 Volume Downside,FORECAST,2015-12-01,Canada,Paseo,Enterprise,SCENARIO,1695.952392578125,125.0,120.0,0.02,,scenario_engine_v1
SCN_002,Germany VTT Q2 Volume Downside,FORECAST,2015-12-01,Canada,Paseo,Government,SCENARIO,1561.5516357421875,221.57635467980296,162.70935960591132,0.0192974655402401,,scenario_engine_v1
SCN_002,Germany VTT Q2 Volume Downside,FORECAST,2015-12-01,Canada,Paseo,Small Business,SCENARIO,1575.5537109375,300.0,250.0,0.02,,scenario_engine_v1
SCN_002,Germany VTT Q2 Volume Downside,FORECAST,2015-12-01,Canada,VTT,Enterprise,SCENARIO,1699.8668212890625,125.0,120.0,0.02,,scenario_engine_v1
SCN_002,Germany VTT Q2 Volume Downside,FORECAST,2015-12-01,Canada,VTT,Government,SCENARIO,1822.7825927734373,13.949396881435716,7.672844954398353,0.0163491795672164,,scenario_engine_v1
SCN_002,Germany VTT Q2 Volume Downside,FORECAST,2015-12-01,Canada,Velo,Channel Partners,SCENARIO,1684.11767578125,12.0,3.0,0.0499999999999999,,scenario_engine_v1
SCN_002,Germany VTT Q2 Volume Downside,FORECAST,2015-12-01,Canada,Velo,Government,SCENARIO,1735.011962890625,7.0,5.0,0.0699999999999999,,scenario_engine_v1
SCN_002,Germany VTT Q2 Volume Downside,FORECAST,2015-12-01,France,Amarilla,Midmarket,SCENARIO,1357.44384765625,15.0,10.0,0.1,,scenario_engine_v1
SCN_002,Germany VTT Q2 Volume Downside,FORECAST,2015-12-01,France,Amarilla,Small Business,SCENARIO,1727.012451171875,300.0,250.0,0.1,,scenario_engine_v1
SCN_002,Germany VTT Q2 Volume Downside,FORECAST,2015-12-01,France,Carretera,Government,SCENARIO,1682.3629150390625,166.23416630762603,123.38108573890564,0.0109024193328918,,scenario_engine_v1
SCN_002,Germany VTT Q2 Volume Downside,FORECAST,2015-12-01,France,Montana,Enterprise,SCENARIO,1789.5101318359375,125.0,120.0,0.03,,scenario_engine_v1
SCN_002,Germany VTT Q2 Volume Downside,FORECAST,2015-12-01,France,Montana,Midmarket,SCENARIO,1902.2725830078125,15.0,10.0,0.1,,scenario_engine_v1
SCN_002,Germany VTT Q2 Volume Downside,FORECAST,2015-12-01,France,Paseo,Channel Partners,SCENARIO,1637.7523193359375,12.0,3.0,0.02,,scenario_engine_v1
SCN_002,Germany VTT Q2 Volume Downside,FORECAST,2015-12-01,France,Paseo,Enterprise,SCENARIO,1653.3892822265625,125.0,120.0,0.03,,scenario_engine_v1
SCN_002,Germany VTT Q2 Volume Downside,FORECAST,2015-12-01,France,Paseo,Government,SCENARIO,1545.2374267578125,310.5024509803921,230.07761437908496,0.0110793174672086,,scenario_engine_v1
SCN_002,Germany VTT Q2 Volume Downside,FORECAST,2015-12-01,France,VTT,Government,SCENARIO,1631.72705078125,8.370143884892085,5.526978417266187,0.0751837208302892,,scenario_engine_v1
SCN_002,Germany VTT Q2 Volume Downside,FORECAST,2015-12-01,France,Velo,Channel Partners,SCENARIO,1644.1231689453125,12.0,3.0,0.02,,scenario_engine_v1
SCN_002,Germany VTT Q2 Volume Downside,FORECAST,2015-12-01,France,Velo,Small Business,SCENARIO,1488.2236328125,300.0,250.0,0.1,,scenario_engine_v1
SCN_002,Germany VTT Q2 Volume Downside,FORECAST,2015-12-01,Germany,Amarilla,Midmarket,SCENARIO,1667.8514404296875,15.0,10.0,0.08,,scenario_engine_v1
SCN_002,Germany VTT Q2 Volume Downside,FORECAST,2015-12-01,Germany,Amarilla,Small Business,SCENARIO,1437.5279541015625,300.0,250.0,0.05,,scenario_engine_v1
SCN_002,Germany VTT Q2 Volume Downside,FORECAST,2015-12-01,Germany,Carretera,Government,SCENARIO,1528.9599609375,296.43614054657,220.17847183491355,0.0005162649809034,,scenario_engine_v1
SCN_002,Germany VTT Q2 Volume Downside,FORECAST,2015-12-01,Germany,Montana,Enterprise,SCENARIO,1568.3338623046875,125.0,120.0,0.03,,scenario_engine_v1
SCN_002,Germany VTT Q2 Volume Downside,FORECAST,2015-12-01,Germany,Montana,Midmarket,SCENARIO,1873.7266845703125,15.0,10.0,0.08,,scenario_engine_v1
SCN_002,Germany VTT Q2 Volume Downside,FORECAST,2015-12-01,Germany,Paseo,Channel Partners,SCENARIO,1144.5521240234375,12.0,3.0,0.13,,scenario_engine_v1
SCN_002,Germany VTT Q2 Volume Downside,FORECAST,2015-12-01,Germany,Paseo,Enterprise,SCENARIO,1539.656494140625,125.0,120.0,0.03,,scenario_engine_v1
SCN_002,Germany VTT Q2 Volume Downside,FORECAST,2015-12-01,Germany,Paseo,Government,SCENARIO,1541.1632080078125,184.02431011826545,134.26084099868595,0.0065594373136726,,scenario_engine_v1
SCN_002,Germany VTT Q2 Volume Downside,FORECAST,2015-12-01,Germany,VTT,Government,SCENARIO,1590.6243896484375,17.990060739922694,9.226946438431806,0.1212031921424186,,scenario_engine_v1
SCN_002,Germany VTT Q2 Volume Downside,FORECAST,2015-12-01,Germany,Velo,Channel Partners,SCENARIO,1562.3997802734375,12.0,3.0,0.13,,scenario_engine_v1
SCN_002,Germany VTT Q2 Volume Downside,FORECAST,2015-12-01,Germany,Velo,Small Business,SCENARIO,1387.964599609375,300.0,250.0,0.05,,scenario_engine_v1
SCN_002,Germany VTT Q2 Volume Downside,FORECAST,2015-12-01,Mexico,Amarilla,Midmarket,SCENARIO,1415.6099853515625,15.0,10.0,0.11,,scenario_engine_v1
SCN_002,Germany VTT Q2 Volume Downside,FORECAST,2015-12-01,Mexico,Amarilla,Small Business,SCENARIO,1668.87744140625,300.0,250.0,0.08,,scenario_engine_v1
SCN_002,Germany VTT Q2 Volume Downside,FORECAST,2015-12-01,Mexico,Carretera,Government,SCENARIO,1680.837646484375,255.09665427509293,189.445034519384,0.0800759242797394,,scenario_engine_v1
SCN_002,Germany VTT Q2 Volume Downside,FORECAST,2015-12-01,Mexico,Montana,Enterprise,SCENARIO,1679.723388671875,125.0,120.0,0.04,,scenario_engine_v1
SCN_002,Germany VTT Q2 Volume Downside,FORECAST,2015-12-01,Mexico,Montana,Midmarket,SCENARIO,1517.729248046875,15.0,10.0,0.11,,scenario_engine_v1
SCN_002,Germany VTT Q2 Volume Downside,FORECAST,2015-12-01,Mexico,Paseo,Channel Partners,SCENARIO,1645.330078125,12.0,3.0,0.02,,scenario_engine_v1
SCN_002,Germany VTT Q2 Volume Downside,FORECAST,2015-12-01,Mexico,Paseo,Enterprise,SCENARIO,1581.3499755859375,125.0,120.0,0.04,,scenario_engine_v1
SCN_002,Germany VTT Q2 Volume Downside,FORECAST,2015-12-01,Mexico,Paseo,Government,SCENARIO,1391.2833251953125,193.2023121387284,141.21387283236993,0.0819674485399712,,scenario_engine_v1
SCN_002,Germany VTT Q2 Volume Downside,FORECAST,2015-12-01,Mexico,VTT,Government,SCENARIO,1516.685302734375,16.13854047890536,8.514823261117446,0.116134878298654,,scenario_engine_v1
SCN_002,Germany VTT Q2 Volume Downside,FORECAST,2015-12-01,Mexico,Velo,Channel Partners,SCENARIO,1617.0184326171875,12.0,3.0,0.02,,scenario_engine_v1
SCN_002,Germany VTT Q2 Volume Downside,FORECAST,2015-12-01,Mexico,Velo,Small Business,SCENARIO,1451.947021484375,300.0,250.0,0.08,,scenario_engine_v1
SCN_002,Germany VTT Q2 Volume Downside,FORECAST,2015-12-01,United States of America,Amarilla,Midmarket,SCENARIO,1955.309326171875,15.0,10.0,0.0,,scenario_engine_v1
SCN_002,Germany VTT Q2 Volume Downside,FORECAST,2015-12-01,United States of America,Amarilla,Small Business,SCENARIO,1840.736328125,300.0,250.0,0.07,,scenario_engine_v1
SCN_002,Germany VTT Q2 Volume Downside,FORECAST,2015-12-01,United States of America,Carretera,Government,SCENARIO,1877.6883544921875,118.35308056872036,87.78436018957346,0.0403994393833216,,scenario_engine_v1
SCN_002,Germany VTT Q2 Volume Downside,FORECAST,2015-12-01,United States of America,Montana,Enterprise,SCENARIO,1833.1380615234373,125.0,120.0,0.09,,scenario_engine_v1
SCN_002,Germany VTT Q2 Volume Downside,FORECAST,2015-12-01,United States of America,Montana,Midmarket,SCENARIO,1888.511474609375,15.0,10.0,0.0,,scenario_engine_v1
SCN_002,Germany VTT Q2 Volume Downside,FORECAST,2015-12-01,United States of America,Paseo,Channel Partners,SCENARIO,1544.38525390625,12.0,3.0,0.15,,scenario_engine_v1
SCN_002,Germany VTT Q2 Volume Downside,FORECAST,2015-12-01,United States of America,Paseo,Enterprise,SCENARIO,1463.5052490234375,125.0,120.0,0.09,,scenario_engine_v1
SCN_002,Germany VTT Q2 Volume Downside,FORECAST,2015-12-01,United States of America,Paseo,Government,SCENARIO,1630.078857421875,50.78651685393258,33.3231188287368,0.0435706623759721,,scenario_engine_v1
SCN_002,Germany VTT Q2 Volume Downside,FORECAST,2015-12-01,United States of America,VTT,Government,SCENARIO,1637.3359375,17.708011135168576,9.118465821218685,0.05,,scenario_engine_v1
SCN_002,Germany VTT Q2 Volume Downside,FORECAST,2015-12-01,United States of America,Velo,Channel Partners,SCENARIO,1788.656494140625,12.0,3.0,0.15,,scenario_engine_v1
SCN_002,Germany VTT Q2 Volume Downside,FORECAST,2015-12-01,United States of America,Velo,Small Business,SCENARIO,1787.2490234375,300.0,250.0,0.07,,scenario_engine_v1
SCN_003,USA Q3 Unit COGS Inflation,FORECAST,2015-01-01,Canada,Amarilla,Enterprise,SCENARIO,1789.032958984375,125.0,120.0,0.13,,scenario_engine_v1
SCN_003,USA Q3 Unit COGS Inflation,FORECAST,2015-01-01,Canada,Carretera,Government,SCENARIO,2160.936279296875,20.0,10.0,0.0,,scenario_engine_v1
SCN_003,USA Q3 Unit COGS Inflation,FORECAST,2015-01-01,Canada,Montana,Government,SCENARIO,1621.55908203125,350.0,260.0,0.14,,scenario_engine_v1
SCN_003,USA Q3 Unit COGS Inflation,FORECAST,2015-01-01,Canada,Paseo,Government,SCENARIO,1781.8594970703125,7.0,5.0,0.04,,scenario_engine_v1
SCN_003,USA Q3 Unit COGS Inflation,FORECAST,2015-01-01,Canada,Paseo,Small Business,SCENARIO,1682.72021484375,300.0,250.0,0.11,,scenario_engine_v1
SCN_003,USA Q3 Unit COGS Inflation,FORECAST,2015-01-01,Canada,VTT,Channel Partners,SCENARIO,1457.2059326171875,12.0,3.0,0.07,,scenario_engine_v1
SCN_003,USA Q3 Unit COGS Inflation,FORECAST,2015-01-01,Canada,Velo,Midmarket,SCENARIO,1292.6082763671875,15.0,10.0,0.1099999999999999,,scenario_engine_v1
SCN_003,USA Q3 Unit COGS Inflation,FORECAST,2015-01-01,France,Amarilla,Enterprise,SCENARIO,1989.0201416015625,125.0,120.0,0.06,,scenario_engine_v1
SCN_003,USA Q3 Unit COGS Inflation,FORECAST,2015-01-01,France,Carretera,Government,SCENARIO,1578.4130859375,20.0,10.0,0.12,,scenario_engine_v1
SCN_003,USA Q3 Unit COGS Inflation,FORECAST,2015-01-01,France,Montana,Government,SCENARIO,2061.78564453125,350.0,260.0,0.05,,scenario_engine_v1
SCN_003,USA Q3 Unit COGS Inflation,FORECAST,2015-01-01,France,Paseo,Government,SCENARIO,1574.826171875,7.0,5.0,0.0099999999999999,,scenario_engine_v1
SCN_003,USA Q3 Unit COGS Inflation,FORECAST,2015-01-01,France,Paseo,Small Business,SCENARIO,1406.73095703125,300.0,250.0,0.03,,scenario_engine_v1
SCN_003,USA Q3 Unit COGS Inflation,FORECAST,2015-01-01,France,VTT,Channel Partners,SCENARIO,1618.6741943359375,12.0,3.0,0.11,,scenario_engine_v1
SCN_003,USA Q3 Unit COGS Inflation,FORECAST,2015-01-01,France,Velo,Midmarket,SCENARIO,1961.3250732421875,15.0,10.0,0.13,,scenario_engine_v1
SCN_003,USA Q3 Unit COGS Inflation,FORECAST,2015-01-01,Germany,Amarilla,Enterprise,SCENARIO,1675.8673095703125,125.0,120.0,0.11,,scenario_engine_v1
SCN_003,USA Q3 Unit COGS Inflation,FORECAST,2015-01-01,Germany,Carretera,Government,SCENARIO,2114.961669921875,20.0,10.0,0.0,,scenario_engine_v1
SCN_003,USA Q3 Unit COGS Inflation,FORECAST,2015-01-01,Germany,Montana,Government,SCENARIO,2079.87841796875,350.0,260.0,0.11,,scenario_engine_v1
SCN_003,USA Q3 Unit COGS Inflation,FORECAST,2015-01-01,Germany,Paseo,Government,SCENARIO,1527.6524658203125,7.0,5.0,0.0499999999999999,,scenario_engine_v1
SCN_003,USA Q3 Unit COGS Inflation,FORECAST,2015-01-01,Germany,Paseo,Small Business,SCENARIO,1668.3631591796875,300.0,250.0,0.13,,scenario_engine_v1
SCN_003,USA Q3 Unit COGS Inflation,FORECAST,2015-01-01,Germany,VTT,Channel Partners,SCENARIO,1917.331787109375,12.0,3.0,0.03,,scenario_engine_v1
SCN_003,USA Q3 Unit COGS Inflation,FORECAST,2015-01-01,Germany,Velo,Midmarket,SCENARIO,1178.7801513671875,15.0,10.0,0.1,,scenario_engine_v1
SCN_003,USA Q3 Unit COGS Inflation,FORECAST,2015-01-01,Mexico,Amarilla,Government,SCENARIO,1238.6558837890625,20.0,10.0,0.11,,scenario_engine_v1
SCN_003,USA Q3 Unit COGS Inflation,FORECAST,2015-01-01,Mexico,Montana,Channel Partners,SCENARIO,1933.2977294921875,12.0,3.0,0.0699999999999999,,scenario_engine_v1
SCN_003,USA Q3 Unit COGS Inflation,FORECAST,2015-01-01,Mexico,Paseo,Government,SCENARIO,1756.71728515625,350.0,260.0,0.09,,scenario_engine_v1
SCN_003,USA Q3 Unit COGS Inflation,FORECAST,2015-01-01,Mexico,Paseo,Small Business,SCENARIO,1273.9197998046875,300.0,250.0,0.09,,scenario_engine_v1
SCN_003,USA Q3 Unit COGS Inflation,FORECAST,2015-01-01,Mexico,VTT,Enterprise,SCENARIO,1482.142578125,125.0,120.0,0.11,,scenario_engine_v1
SCN_003,USA Q3 Unit COGS Inflation,FORECAST,2015-01-01,Mexico,Velo,Government,SCENARIO,2016.3892822265625,7.0,5.0,0.0,,scenario_engine_v1
SCN_003,USA Q3 Unit COGS Inflation,FORECAST,2015-01-01,Mexico,Velo,Midmarket,SCENARIO,1906.58837890625,15.0,10.0,0.05,,scenario_engine_v1
SCN_003,USA Q3 Unit COGS Inflation,FORECAST,2015-01-01,United States of America,Amarilla,Enterprise,SCENARIO,1912.79736328125,125.0,120.0,0.1,,scenario_engine_v1
SCN_003,USA Q3 Unit COGS Inflation,FORECAST,2015-01-01,United States of America,Carretera,Government,SCENARIO,1718.789794921875,20.0,10.0,0.06,,scenario_engine_v1
SCN_003,USA Q3 Unit COGS Inflation,FORECAST,2015-01-01,United States of America,Montana,Government,SCENARIO,1685.25830078125,350.0,260.0,0.13,,scenario_engine_v1
SCN_003,USA Q3 Unit COGS Inflation,FORECAST,2015-01-01,United States of America,Paseo,Government,SCENARIO,2039.66845703125,7.0,5.0,0.13,,scenario_engine_v1
SCN_003,USA Q3 Unit COGS Inflation,FORECAST,2015-01-01,United States of America,Paseo,Small Business,SCENARIO,1818.3084716796875,300.0,250.0,0.12,,scenario_engine_v1
SCN_003,USA Q3 Unit COGS Inflation,FORECAST,2015-01-01,United States of America,VTT,Channel Partners,SCENARIO,1583.9173583984375,12.0,3.0,0.09,,scenario_engine_v1
SCN_003,USA Q3 Unit COGS Inflation,FORECAST,2015-01-01,United States of America,Velo,Midmarket,SCENARIO,1947.654541015625,15.0,10.0,0.05,,scenario_engine_v1
SCN_003,USA Q3 Unit COGS Inflation,FORECAST,2015-02-01,Canada,Amarilla,Government,SCENARIO,1477.0206298828125,350.0,260.0,0.1,,scenario_engine_v1
SCN_003,USA Q3 Unit COGS Inflation,FORECAST,2015-02-01,Canada,Carretera,Channel Partners,SCENARIO,1512.1624755859375,12.0,3.0,0.11,,scenario_engine_v1
SCN_003,USA Q3 Unit COGS Inflation,FORECAST,2015-02-01,Canada,Montana,Government,SCENARIO,1529.8531494140625,7.0,5.0,0.0799999999999999,,scenario_engine_v1
SCN_003,USA Q3 Unit COGS Inflation,FORECAST,2015-02-01,Canada,Paseo,Government,SCENARIO,1483.6915283203125,20.0,10.0,0.0,,scenario_engine_v1
SCN_003,USA Q3 Unit COGS Inflation,FORECAST,2015-02-01,Canada,Paseo,Midmarket,SCENARIO,1761.2095947265625,15.0,10.0,0.02,,scenario_engine_v1
SCN_003,USA Q3 Unit COGS Inflation,FORECAST,2015-02-01,Canada,VTT,Small Business,SCENARIO,1336.7364501953125,300.0,250.0,0.0,,scenario_engine_v1
SCN_003,USA Q3 Unit COGS Inflation,FORECAST,2015-02-01,Canada,Velo,Enterprise,SCENARIO,1785.7667236328125,125.0,120.0,0.06,,scenario_engine_v1
SCN_003,USA Q3 Unit COGS Inflation,FORECAST,2015-02-01,France,Amarilla,Government,SCENARIO,1815.4757080078125,350.0,260.0,0.0,,scenario_engine_v1
SCN_003,USA Q3 Unit COGS Inflation,FORECAST,2015-02-01,France,Carretera,Channel Partners,SCENARIO,1683.64453125,12.0,3.0,0.05,,scenario_engine_v1
SCN_003,USA Q3 Unit COGS Inflation,FORECAST,2015-02-01,France,Montana,Government,SCENARIO,1771.2247314453125,7.0,5.0,0.1399999999999999,,scenario_engine_v1
SCN_003,USA Q3 Unit COGS Inflation,FORECAST,2015-02-01,France,Paseo,Government,SCENARIO,1594.8953857421875,20.0,10.0,0.05,,scenario_engine_v1
SCN_003,USA Q3 Unit COGS Inflation,FORECAST,2015-02-01,France,Paseo,Midmarket,SCENARIO,1554.2906494140625,15.0,10.0,0.0099999999999999,,scenario_engine_v1
SCN_003,USA Q3 Unit COGS Inflation,FORECAST,2015-02-01,France,VTT,Small Business,SCENARIO,1630.1224365234375,300.0,250.0,0.07,,scenario_engine_v1
SCN_003,USA Q3 Unit COGS Inflation,FORECAST,2015-02-01,France,Velo,Enterprise,SCENARIO,1841.8748779296875,125.0,120.0,0.0,,scenario_engine_v1
SCN_003,USA Q3 Unit COGS Inflation,FORECAST,2015-02-01,Germany,Amarilla,Government,SCENARIO,1388.7628173828125,350.0,260.0,0.05,,scenario_engine_v1
SCN_003,USA Q3 Unit COGS Inflation,FORECAST,2015-02-01,Germany,Carretera,Channel Partners,SCENARIO,1757.0181884765625,12.0,3.0,0.05,,scenario_engine_v1
SCN_003,USA Q3 Unit COGS Inflation,FORECAST,2015-02-01,Germany,Montana,Government,SCENARIO,1568.257568359375,7.0,5.0,0.03,,scenario_engine_v1
SCN_003,USA Q3 Unit COGS Inflation,FORECAST,2015-02-01,Germany,Paseo,Government,SCENARIO,1613.5479736328125,20.0,10.0,0.13,,scenario_engine_v1
SCN_003,USA Q3 Unit COGS Inflation,FORECAST,2015-02-01,Germany,Paseo,Midmarket,SCENARIO,1509.1048583984375,15.0,10.0,0.1399999999999999,,scenario_engine_v1
SCN_003,USA Q3 Unit COGS Inflation,FORECAST,2015-02-01,Germany,VTT,Small Business,SCENARIO,1532.94482421875,300.0,250.0,0.09,,scenario_engine_v1
SCN_003,USA Q3 Unit COGS Inflation,FORECAST,2015-02-01,Germany,Velo,Enterprise,SCENARIO,1744.822509765625,125.0,120.0,0.05,,scenario_engine_v1
SCN_003,USA Q3 Unit COGS Inflation,FORECAST,2015-02-01,Mexico,Amarilla,Government,SCENARIO,1257.847412109375,350.0,260.0,0.04,,scenario_engine_v1
SCN_003,USA Q3 Unit COGS Inflation,FORECAST,2015-02-01,Mexico,Carretera,Channel Partners,SCENARIO,1200.2596435546875,12.0,3.0,0.0699999999999999,,scenario_engine_v1
SCN_003,USA Q3 Unit COGS Inflation,FORECAST,2015-02-01,Mexico,Montana,Government,SCENARIO,1564.1175537109375,7.0,5.0,0.15,,scenario_engine_v1
SCN_003,USA Q3 Unit COGS Inflation,FORECAST,2015-02-01,Mexico,Paseo,Government,SCENARIO,1585.853271484375,20.0,10.0,0.14,,scenario_engine_v1
SCN_003,USA Q3 Unit COGS Inflation,FORECAST,2015-02-01,Mexico,Paseo,Midmarket,SCENARIO,1526.2412109375,15.0,10.0,0.0,,scenario_engine_v1
SCN_003,USA Q3 Unit COGS Inflation,FORECAST,2015-02-01,Mexico,VTT,Small Business,SCENARIO,1357.9654541015625,300.0,250.0,0.07,,scenario_engine_v1
SCN_003,USA Q3 Unit COGS Inflation,FORECAST,2015-02-01,Mexico,Velo,Enterprise,SCENARIO,1803.222900390625,125.0,120.0,0.14,,scenario_engine_v1
SCN_003,USA Q3 Unit COGS Inflation,FORECAST,2015-02-01,United States of America,Amarilla,Government,SCENARIO,1776.5338134765625,350.0,260.0,0.12,,scenario_engine_v1
SCN_003,USA Q3 Unit COGS Inflation,FORECAST,2015-02-01,United States of America,Carretera,Channel Partners,SCENARIO,1681.50341796875,12.0,3.0,0.01,,scenario_engine_v1
SCN_003,USA Q3 Unit COGS Inflation,FORECAST,2015-02-01,United States of America,Montana,Government,SCENARIO,1513.6568603515625,7.0,5.0,0.13,,scenario_engine_v1
SCN_003,USA Q3 Unit COGS Inflation,FORECAST,2015-02-01,United States of America,Paseo,Government,SCENARIO,1450.78076171875,20.0,10.0,0.13,,scenario_engine_v1
SCN_003,USA Q3 Unit COGS Inflation,FORECAST,2015-02-01,United States of America,Paseo,Midmarket,SCENARIO,1512.0391845703125,15.0,10.0,0.01,,scenario_engine_v1
SCN_003,USA Q3 Unit COGS Inflation,FORECAST,2015-02-01,United States of America,VTT,Small Business,SCENARIO,1802.767822265625,300.0,250.0,0.03,,scenario_engine_v1
SCN_003,USA Q3 Unit COGS Inflation,FORECAST,2015-02-01,United States of America,Velo,Enterprise,SCENARIO,1836.86669921875,125.0,120.0,0.06,,scenario_engine_v1
SCN_003,USA Q3 Unit COGS Inflation,FORECAST,2015-03-01,Canada,Amarilla,Small Business,SCENARIO,1636.054443359375,300.0,250.0,0.14,,scenario_engine_v1
SCN_003,USA Q3 Unit COGS Inflation,FORECAST,2015-03-01,Canada,Carretera,Government,SCENARIO,1528.1685791015625,350.0,260.0,0.13,,scenario_engine_v1
SCN_003,USA Q3 Unit COGS Inflation,FORECAST,2015-03-01,Canada,Montana,Midmarket,SCENARIO,1605.9288330078125,15.0,10.0,0.04,,scenario_engine_v1
SCN_003,USA Q3 Unit COGS Inflation,FORECAST,2015-03-01,Canada,Paseo,Enterprise,SCENARIO,1466.040283203125,125.0,120.0,0.03,,scenario_engine_v1
SCN_003,USA Q3 Unit COGS Inflation,FORECAST,2015-03-01,Canada,Paseo,Government,SCENARIO,1574.1253662109375,20.0,10.0,0.1399999999999999,,scenario_engine_v1
SCN_003,USA Q3 Unit COGS Inflation,FORECAST,2015-03-01,Canada,VTT,Government,SCENARIO,1838.4930419921875,7.0,5.0,0.0099999999999999,,scenario_engine_v1
SCN_003,USA Q3 Unit COGS Inflation,FORECAST,2015-03-01,Canada,Velo,Channel Partners,SCENARIO,1767.7861328125,12.0,3.0,0.08,,scenario_engine_v1
SCN_003,USA Q3 Unit COGS Inflation,FORECAST,2015-03-01,France,Amarilla,Small Business,SCENARIO,1380.2845458984375,300.0,250.0,0.15,,scenario_engine_v1
SCN_003,USA Q3 Unit COGS Inflation,FORECAST,2015-03-01,France,Carretera,Government,SCENARIO,1615.2325439453125,350.0,260.0,0.13,,scenario_engine_v1
SCN_003,USA Q3 Unit COGS Inflation,FORECAST,2015-03-01,France,Montana,Midmarket,SCENARIO,1470.6182861328125,15.0,10.0,0.08,,scenario_engine_v1
SCN_003,USA Q3 Unit COGS Inflation,FORECAST,2015-03-01,France,Paseo,Enterprise,SCENARIO,1634.60546875,125.0,120.0,0.05,,scenario_engine_v1
SCN_003,USA Q3 Unit COGS Inflation,FORECAST,2015-03-01,France,Paseo,Government,SCENARIO,1874.7227783203125,20.0,10.0,0.1,,scenario_engine_v1
SCN_003,USA Q3 Unit COGS Inflation,FORECAST,2015-03-01,France,VTT,Government,SCENARIO,1405.618408203125,7.0,5.0,0.12,,scenario_engine_v1
SCN_003,USA Q3 Unit COGS Inflation,FORECAST,2015-03-01,France,Velo,Channel Partners,SCENARIO,1354.230224609375,12.0,3.0,0.09,,scenario_engine_v1
SCN_003,USA Q3 Unit COGS Inflation,FORECAST,2015-03-01,Germany,Amarilla,Small Business,SCENARIO,1307.18798828125,300.0,250.0,0.02,,scenario_engine_v1
SCN_003,USA Q3 Unit COGS Inflation,FORECAST,2015-03-01,Germany,Carretera,Government,SCENARIO,1320.1241455078125,350.0,260.0,0.11,,scenario_engine_v1
SCN_003,USA Q3 Unit COGS Inflation,FORECAST,2015-03-01,Germany,Montana,Midmarket,SCENARIO,1471.0400390625,15.0,10.0,0.0,,scenario_engine_v1
SCN_003,USA Q3 Unit COGS Inflation,FORECAST,2015-03-01,Germany,Paseo,Enterprise,SCENARIO,1456.765869140625,125.0,120.0,0.04,,scenario_engine_v1
SCN_003,USA Q3 Unit COGS Inflation,FORECAST,2015-03-01,Germany,Paseo,Government,SCENARIO,1294.0611572265625,20.0,10.0,0.15,,scenario_engine_v1
SCN_003,USA Q3 Unit COGS Inflation,FORECAST,2015-03-01,Germany,VTT,Government,SCENARIO,1243.3612060546875,7.0,5.0,0.01,,scenario_engine_v1
SCN_003,USA Q3 Unit COGS Inflation,FORECAST,2015-03-01,Germany,Velo,Channel Partners,SCENARIO,1044.1390380859375,12.0,3.0,0.0,,scenario_engine_v1
SCN_003,USA Q3 Unit COGS Inflation,FORECAST,2015-03-01,Mexico,Amarilla,Small Business,SCENARIO,1518.0450439453125,300.0,250.0,0.02,,scenario_engine_v1
SCN_003,USA Q3 Unit COGS Inflation,FORECAST,2015-03-01,Mexico,Carretera,Government,SCENARIO,1449.756591796875,350.0,260.0,0.01,,scenario_engine_v1
SCN_003,USA Q3 Unit COGS Inflation,FORECAST,2015-03-01,Mexico,Montana,Midmarket,SCENARIO,1478.004150390625,15.0,10.0,0.01,,scenario_engine_v1
SCN_003,USA Q3 Unit COGS Inflation,FORECAST,2015-03-01,Mexico,Paseo,Enterprise,SCENARIO,1407.54736328125,125.0,120.0,0.08,,scenario_engine_v1
SCN_003,USA Q3 Unit COGS Inflation,FORECAST,2015-03-01,Mexico,Paseo,Government,SCENARIO,1692.7867431640625,20.0,10.0,0.11,,scenario_engine_v1
SCN_003,USA Q3 Unit COGS Inflation,FORECAST,2015-03-01,Mexico,VTT,Government,SCENARIO,1323.8714599609375,7.0,5.0,0.14,,scenario_engine_v1
SCN_003,USA Q3 Unit COGS Inflation,FORECAST,2015-03-01,Mexico,Velo,Channel Partners,SCENARIO,1133.4698486328125,12.0,3.0,0.15,,scenario_engine_v1
SCN_003,USA Q3 Unit COGS Inflation,FORECAST,2015-03-01,United States of America,Amarilla,Small Business,SCENARIO,1456.1376953125,300.0,250.0,0.1,,scenario_engine_v1
SCN_003,USA Q3 Unit COGS Inflation,FORECAST,2015-03-01,United States of America,Carretera,Government,SCENARIO,1986.92041015625,350.0,260.0,0.07,,scenario_engine_v1
SCN_003,USA Q3 Unit COGS Inflation,FORECAST,2015-03-01,United States of America,Montana,Midmarket,SCENARIO,1806.076171875,15.0,10.0,0.12,,scenario_engine_v1
SCN_003,USA Q3 Unit COGS Inflation,FORECAST,2015-03-01,United States of America,Paseo,Enterprise,SCENARIO,1630.119384765625,125.0,120.0,0.05,,scenario_engine_v1
SCN_003,USA Q3 Unit COGS Inflation,FORECAST,2015-03-01,United States of America,Paseo,Government,SCENARIO,1473.3736572265625,20.0,10.0,0.09,,scenario_engine_v1
SCN_003,USA Q3 Unit COGS Inflation,FORECAST,2015-03-01,United States of America,VTT,Government,SCENARIO,1769.2813720703125,7.0,5.0,0.1099999999999999,,scenario_engine_v1
SCN_003,USA Q3 Unit COGS Inflation,FORECAST,2015-03-01,United States of America,Velo,Channel Partners,SCENARIO,1479.5599365234375,12.0,3.0,0.04,,scenario_engine_v1
SCN_003,USA Q3 Unit COGS Inflation,FORECAST,2015-04-01,Canada,Amarilla,Channel Partners,SCENARIO,1561.45849609375,12.0,3.0,0.1,,scenario_engine_v1
SCN_003,USA Q3 Unit COGS Inflation,FORECAST,2015-04-01,Canada,Carretera,Enterprise,SCENARIO,1601.8919677734375,125.0,120.0,0.02,,scenario_engine_v1
SCN_003,USA Q3 Unit COGS Inflation,FORECAST,2015-04-01,Canada,Montana,Small Business,SCENARIO,1497.5545654296875,300.0,250.0,0.09,,scenario_engine_v1
SCN_003,USA Q3 Unit COGS Inflation,FORECAST,2015-04-01,Canada,Paseo,Government,SCENARIO,1642.8536376953125,7.0,5.0,0.15,,scenario_engine_v1
SCN_003,USA Q3 Unit COGS Inflation,FORECAST,2015-04-01,Canada,Paseo,Midmarket,SCENARIO,1008.7206420898438,15.0,10.0,0.15,,scenario_engine_v1
SCN_003,USA Q3 Unit COGS Inflation,FORECAST,2015-04-01,Canada,VTT,Government,SCENARIO,1525.15869140625,350.0,260.0,0.01,,scenario_engine_v1
SCN_003,USA Q3 Unit COGS Inflation,FORECAST,2015-04-01,Canada,Velo,Government,SCENARIO,1607.1246337890625,20.0,10.0,0.03,,scenario_engine_v1
SCN_003,USA Q3 Unit COGS Inflation,FORECAST,2015-04-01,France,Carretera,Enterprise,SCENARIO,1934.17333984375,125.0,120.0,0.03,,scenario_engine_v1
SCN_003,USA Q3 Unit COGS Inflation,FORECAST,2015-04-01,France,Montana,Small Business,SCENARIO,1746.514892578125,300.0,250.0,0.12,,scenario_engine_v1
SCN_003,USA Q3 Unit COGS Inflation,FORECAST,2015-04-01,France,Paseo,Government,SCENARIO,1667.630126953125,7.0,5.0,0.1099999999999999,,scenario_engine_v1
SCN_003,USA Q3 Unit COGS Inflation,FORECAST,2015-04-01,France,Paseo,Midmarket,SCENARIO,2179.221923828125,15.0,10.0,0.0599999999999999,,scenario_engine_v1
SCN_003,USA Q3 Unit COGS Inflation,FORECAST,2015-04-01,France,VTT,Channel Partners,SCENARIO,1806.1192626953125,12.0,3.0,0.0699999999999999,,scenario_engine_v1
SCN_003,USA Q3 Unit COGS Inflation,FORECAST,2015-04-01,France,VTT,Government,SCENARIO,1563.082763671875,350.0,260.0,0.08,,scenario_engine_v1
SCN_003,USA Q3 Unit COGS Inflation,FORECAST,2015-04-01,France,Velo,Government,SCENARIO,1732.3865966796875,20.0,10.0,0.01,,scenario_engine_v1
SCN_003,USA Q3 Unit COGS Inflation,FORECAST,2015-04-01,Germany,Amarilla,Enterprise,SCENARIO,1542.845947265625,125.0,120.0,0.0,,scenario_engine_v1
SCN_003,USA Q3 Unit COGS Inflation,FORECAST,2015-04-01,Germany,Carretera,Government,SCENARIO,1369.6365966796875,20.0,10.0,0.03,,scenario_engine_v1
SCN_003,USA Q3 Unit COGS Inflation,FORECAST,2015-04-01,Germany,Montana,Government,SCENARIO,1696.0301513671875,350.0,260.0,0.14,,scenario_engine_v1
SCN_003,USA Q3 Unit COGS Inflation,FORECAST,2015-04-01,Germany,Paseo,Government,SCENARIO,1515.7498779296875,7.0,5.0,0.08,,scenario_engine_v1
SCN_003,USA Q3 Unit COGS Inflation,FORECAST,2015-04-01,Germany,Paseo,Small Business,SCENARIO,1498.3094482421875,300.0,250.0,0.04,,scenario_engine_v1
SCN_003,USA Q3 Unit COGS Inflation,FORECAST,2015-04-01,Germany,VTT,Channel Partners,SCENARIO,1674.37744140625,12.0,3.0,0.0,,scenario_engine_v1
SCN_003,USA Q3 Unit COGS Inflation,FORECAST,2015-04-01,Germany,Velo,Midmarket,SCENARIO,1198.92578125,15.0,10.0,0.1,,scenario_engine_v1
SCN_003,USA Q3 Unit COGS Inflation,FORECAST,2015-04-01,Mexico,Amarilla,Enterprise,SCENARIO,1715.5340576171875,125.0,120.0,0.04,,scenario_engine_v1
SCN_003,USA Q3 Unit COGS Inflation,FORECAST,2015-04-01,Mexico,Carretera,Government,SCENARIO,1495.56298828125,20.0,10.0,0.1399999999999999,,scenario_engine_v1
SCN_003,USA Q3 Unit COGS Inflation,FORECAST,2015-04-01,Mexico,Montana,Government,SCENARIO,1439.8380126953125,350.0,260.0,0.06,,scenario_engine_v1
SCN_003,USA Q3 Unit COGS Inflation,FORECAST,2015-04-01,Mexico,Paseo,Government,SCENARIO,1397.905517578125,7.0,5.0,0.15,,scenario_engine_v1
SCN_003,USA Q3 Unit COGS Inflation,FORECAST,2015-04-01,Mexico,Paseo,Small Business,SCENARIO,1451.0272216796875,300.0,250.0,0.05,,scenario_engine_v1
SCN_003,USA Q3 Unit COGS Inflation,FORECAST,2015-04-01,Mexico,VTT,Channel Partners,SCENARIO,1352.9332275390625,12.0,3.0,0.03,,scenario_engine_v1
SCN_003,USA Q3 Unit COGS Inflation,FORECAST,2015-04-01,Mexico,Velo,Midmarket,SCENARIO,1790.48193359375,15.0,10.0,0.09,,scenario_engine_v1
SCN_003,USA Q3 Unit COGS Inflation,FORECAST,2015-04-01,United States of America,Amarilla,Channel Partners,SCENARIO,1512.2093505859375,12.0,3.0,0.0,,scenario_engine_v1
SCN_003,USA Q3 Unit COGS Inflation,FORECAST,2015-04-01,United States of America,Carretera,Enterprise,SCENARIO,1363.050048828125,125.0,120.0,0.1,,scenario_engine_v1
SCN_003,USA Q3 Unit COGS Inflation,FORECAST,2015-04-01,United States of America,Montana,Small Business,SCENARIO,1571.256591796875,300.0,250.0,0.01,,scenario_engine_v1
SCN_003,USA Q3 Unit COGS Inflation,FORECAST,2015-04-01,United States of America,Paseo,Government,SCENARIO,1648.322998046875,7.0,5.0,0.01,,scenario_engine_v1
SCN_003,USA Q3 Unit COGS Inflation,FORECAST,2015-04-01,United States of America,Paseo,Midmarket,SCENARIO,1858.110595703125,15.0,10.0,0.09,,scenario_engine_v1
SCN_003,USA Q3 Unit COGS Inflation,FORECAST,2015-04-01,United States of America,VTT,Government,SCENARIO,1592.1119384765625,350.0,260.0,0.09,,scenario_engine_v1
SCN_003,USA Q3 Unit COGS Inflation,FORECAST,2015-04-01,United States of America,Velo,Government,SCENARIO,1684.8780517578125,20.0,10.0,0.14,,scenario_engine_v1
SCN_003,USA Q3 Unit COGS Inflation,FORECAST,2015-05-01,Canada,Amarilla,Enterprise,SCENARIO,1593.98095703125,125.0,120.0,0.07,,scenario_engine_v1
SCN_003,USA Q3 Unit COGS Inflation,FORECAST,2015-05-01,Canada,Carretera,Government,SCENARIO,1395.341064453125,20.0,10.0,0.03,,scenario_engine_v1
SCN_003,USA Q3 Unit COGS Inflation,FORECAST,2015-05-01,Canada,Montana,Government,SCENARIO,1485.15625,350.0,260.0,0.14,,scenario_engine_v1
SCN_003,USA Q3 Unit COGS Inflation,FORECAST,2015-05-01,Canada,Paseo,Government,SCENARIO,1670.9521484375,7.0,5.0,0.0799999999999999,,scenario_engine_v1
SCN_003,USA Q3 Unit COGS Inflation,FORECAST,2015-05-01,Canada,Paseo,Small Business,SCENARIO,1514.859130859375,300.0,250.0,0.07,,scenario_engine_v1
SCN_003,USA Q3 Unit COGS Inflation,FORECAST,2015-05-01,Canada,VTT,Channel Partners,SCENARIO,1613.8035888671875,12.0,3.0,0.12,,scenario_engine_v1
SCN_003,USA Q3 Unit COGS Inflation,FORECAST,2015-05-01,Canada,Velo,Midmarket,SCENARIO,1628.571533203125,15.0,10.0,0.0699999999999999,,scenario_engine_v1
SCN_003,USA Q3 Unit COGS Inflation,FORECAST,2015-05-01,France,Amarilla,Enterprise,SCENARIO,2034.7166748046875,125.0,120.0,0.11,,scenario_engine_v1
SCN_003,USA Q3 Unit COGS Inflation,FORECAST,2015-05-01,France,Carretera,Government,SCENARIO,1701.192626953125,20.0,10.0,0.05,,scenario_engine_v1
SCN_003,USA Q3 Unit COGS Inflation,FORECAST,2015-05-01,France,Montana,Government,SCENARIO,1760.6575927734375,350.0,260.0,0.09,,scenario_engine_v1
SCN_003,USA Q3 Unit COGS Inflation,FORECAST,2015-05-01,France,Paseo,Government,SCENARIO,1733.1595458984375,7.0,5.0,0.0099999999999999,,scenario_engine_v1
SCN_003,USA Q3 Unit COGS Inflation,FORECAST,2015-05-01,France,Paseo,Small Business,SCENARIO,1533.50732421875,300.0,250.0,0.02,,scenario_engine_v1
SCN_003,USA Q3 Unit COGS Inflation,FORECAST,2015-05-01,France,VTT,Channel Partners,SCENARIO,1569.345947265625,12.0,3.0,0.04,,scenario_engine_v1
SCN_003,USA Q3 Unit COGS Inflation,FORECAST,2015-05-01,France,Velo,Midmarket,SCENARIO,1715.4644775390625,15.0,10.0,0.15,,scenario_engine_v1
SCN_003,USA Q3 Unit COGS Inflation,FORECAST,2015-05-01,Germany,Amarilla,Enterprise,SCENARIO,1347.2279052734375,125.0,120.0,0.02,,scenario_engine_v1
SCN_003,USA Q3 Unit COGS Inflation,FORECAST,2015-05-01,Germany,Carretera,Government,SCENARIO,1789.2489013671875,20.0,10.0,0.09,,scenario_engine_v1
SCN_003,USA Q3 Unit COGS Inflation,FORECAST,2015-05-01,Germany,Montana,Government,SCENARIO,1674.9879150390625,350.0,260.0,0.06,,scenario_engine_v1
SCN_003,USA Q3 Unit COGS Inflation,FORECAST,2015-05-01,Germany,Paseo,Government,SCENARIO,1539.0836181640625,7.0,5.0,0.08,,scenario_engine_v1
SCN_003,USA Q3 Unit COGS Inflation,FORECAST,2015-05-01,Germany,Paseo,Small Business,SCENARIO,1425.9134521484375,300.0,250.0,0.02,,scenario_engine_v1
SCN_003,USA Q3 Unit COGS Inflation,FORECAST,2015-05-01,Germany,VTT,Channel Partners,SCENARIO,1416.224853515625,12.0,3.0,0.09,,scenario_engine_v1
SCN_003,USA Q3 Unit COGS Inflation,FORECAST,2015-05-01,Germany,Velo,Midmarket,SCENARIO,1589.929443359375,15.0,10.0,0.06,,scenario_engine_v1
SCN_003,USA Q3 Unit COGS Inflation,FORECAST,2015-05-01,Mexico,Amarilla,Government,SCENARIO,1337.9598388671875,20.0,10.0,0.1,,scenario_engine_v1
SCN_003,USA Q3 Unit COGS Inflation,FORECAST,2015-05-01,Mexico,Montana,Channel Partners,SCENARIO,1242.443603515625,12.0,3.0,0.12,,scenario_engine_v1
SCN_003,USA Q3 Unit COGS Inflation,FORECAST,2015-05-01,Mexico,Paseo,Government,SCENARIO,1488.0433349609375,350.0,260.0,0.15,,scenario_engine_v1
SCN_003,USA Q3 Unit COGS Inflation,FORECAST,2015-05-01,Mexico,Paseo,Small Business,SCENARIO,1352.376220703125,300.0,250.0,0.1,,scenario_engine_v1
SCN_003,USA Q3 Unit COGS Inflation,FORECAST,2015-05-01,Mexico,VTT,Enterprise,SCENARIO,1916.7867431640625,125.0,120.0,0.1,,scenario_engine_v1
SCN_003,USA Q3 Unit COGS Inflation,FORECAST,2015-05-01,Mexico,Velo,Government,SCENARIO,1495.88916015625,7.0,5.0,0.01,,scenario_engine_v1
SCN_003,USA Q3 Unit COGS Inflation,FORECAST,2015-05-01,Mexico,Velo,Midmarket,SCENARIO,1127.344970703125,15.0,10.0,0.09,,scenario_engine_v1
SCN_003,USA Q3 Unit COGS Inflation,FORECAST,2015-05-01,United States of America,Amarilla,Enterprise,SCENARIO,1429.8876953125,125.0,120.0,0.14,,scenario_engine_v1
SCN_003,USA Q3 Unit COGS Inflation,FORECAST,2015-05-01,United States of America,Carretera,Government,SCENARIO,1474.576416015625,20.0,10.0,0.1399999999999999,,scenario_engine_v1
SCN_003,USA Q3 Unit COGS Inflation,FORECAST,2015-05-01,United States of America,Montana,Government,SCENARIO,1549.453125,350.0,260.0,0.1,,scenario_engine_v1
SCN_003,USA Q3 Unit COGS Inflation,FORECAST,2015-05-01,United States of America,Paseo,Government,SCENARIO,1506.1884765625,7.0,5.0,0.05,,scenario_engine_v1
SCN_003,USA Q3 Unit COGS Inflation,FORECAST,2015-05-01,United States of America,Paseo,Small Business,SCENARIO,1453.417236328125,300.0,250.0,0.04,,scenario_engine_v1
SCN_003,USA Q3 Unit COGS Inflation,FORECAST,2015-05-01,United States of America,VTT,Channel Partners,SCENARIO,1691.597412109375,12.0,3.0,0.15,,scenario_engine_v1
SCN_003,USA Q3 Unit COGS Inflation,FORECAST,2015-05-01,United States of America,Velo,Midmarket,SCENARIO,1549.4923095703125,15.0,10.0,0.1,,scenario_engine_v1
SCN_003,USA Q3 Unit COGS Inflation,FORECAST,2015-06-01,Canada,Amarilla,Government,SCENARIO,1755.8692626953125,11.994031470428649,6.92078133478025,0.0764057905451255,,scenario_engine_v1
SCN_003,USA Q3 Unit COGS Inflation,FORECAST,2015-06-01,Canada,Carretera,Midmarket,SCENARIO,1997.494873046875,15.0,10.0,0.06,,scenario_engine_v1
SCN_003,USA Q3 Unit COGS Inflation,FORECAST,2015-06-01,Canada,Carretera,Small Business,SCENARIO,2009.16162109375,300.0,250.0,0.09,,scenario_engine_v1
SCN_003,USA Q3 Unit COGS Inflation,FORECAST,2015-06-01,Canada,Montana,Channel Partners,SCENARIO,1843.30078125,12.0,3.0,0.0,,scenario_engine_v1
SCN_003,USA Q3 Unit COGS Inflation,FORECAST,2015-06-01,Canada,Montana,Government,SCENARIO,1526.239013671875,20.0,10.0,0.08,,scenario_engine_v1
SCN_003,USA Q3 Unit COGS Inflation,FORECAST,2015-06-01,Canada,Paseo,Channel Partners,SCENARIO,1778.8958740234375,12.0,3.0,0.0,,scenario_engine_v1
SCN_003,USA Q3 Unit COGS Inflation,FORECAST,2015-06-01,Canada,Paseo,Enterprise,SCENARIO,1493.1522216796875,125.0,120.0,0.13,,scenario_engine_v1
SCN_003,USA Q3 Unit COGS Inflation,FORECAST,2015-06-01,Canada,Paseo,Government,SCENARIO,1594.2525634765625,350.0,260.0,0.13,,scenario_engine_v1
SCN_003,USA Q3 Unit COGS Inflation,FORECAST,2015-06-01,Canada,Paseo,Small Business,SCENARIO,1480.162353515625,300.0,250.0,0.09,,scenario_engine_v1
SCN_003,USA Q3 Unit COGS Inflation,FORECAST,2015-06-01,Canada,VTT,Enterprise,SCENARIO,1570.61572265625,125.0,120.0,0.13,,scenario_engine_v1
SCN_003,USA Q3 Unit COGS Inflation,FORECAST,2015-06-01,Canada,VTT,Midmarket,SCENARIO,1572.4700927734375,15.0,10.0,0.06,,scenario_engine_v1
SCN_003,USA Q3 Unit COGS Inflation,FORECAST,2015-06-01,Canada,Velo,Government,SCENARIO,1479.1829833984375,246.6538359437218,183.1683036899389,0.1294869476777037,,scenario_engine_v1
SCN_003,USA Q3 Unit COGS Inflation,FORECAST,2015-06-01,France,Amarilla,Government,SCENARIO,1697.303466796875,14.991906765943671,8.07381029459372,0.0233837184193478,,scenario_engine_v1
SCN_003,USA Q3 Unit COGS Inflation,FORECAST,2015-06-01,France,Carretera,Midmarket,SCENARIO,1550.850341796875,15.0,10.0,0.0,,scenario_engine_v1
SCN_003,USA Q3 Unit COGS Inflation,FORECAST,2015-06-01,France,Carretera,Small Business,SCENARIO,1618.473388671875,300.0,250.0,0.07,,scenario_engine_v1
SCN_003,USA Q3 Unit COGS Inflation,FORECAST,2015-06-01,France,Montana,Channel Partners,SCENARIO,1714.7926025390625,12.0,3.0,0.03,,scenario_engine_v1
SCN_003,USA Q3 Unit COGS Inflation,FORECAST,2015-06-01,France,Montana,Government,SCENARIO,1651.6483154296875,20.0,10.0,0.0,,scenario_engine_v1
SCN_003,USA Q3 Unit COGS Inflation,FORECAST,2015-06-01,France,Paseo,Channel Partners,SCENARIO,1968.6015625,12.0,3.0,0.03,,scenario_engine_v1
SCN_003,USA Q3 Unit COGS Inflation,FORECAST,2015-06-01,France,Paseo,Enterprise,SCENARIO,1897.241455078125,125.0,120.0,0.01,,scenario_engine_v1
SCN_003,USA Q3 Unit COGS Inflation,FORECAST,2015-06-01,France,Paseo,Government,SCENARIO,1752.8543701171875,350.0,260.0,0.06,,scenario_engine_v1
SCN_003,USA Q3 Unit COGS Inflation,FORECAST,2015-06-01,France,Paseo,Small Business,SCENARIO,1520.25,300.0,250.0,0.07,,scenario_engine_v1
SCN_003,USA Q3 Unit COGS Inflation,FORECAST,2015-06-01,France,VTT,Enterprise,SCENARIO,1827.06103515625,125.0,120.0,0.01,,scenario_engine_v1
SCN_003,USA Q3 Unit COGS Inflation,FORECAST,2015-06-01,France,VTT,Midmarket,SCENARIO,1631.40625,15.0,10.0,0.0,,scenario_engine_v1
SCN_003,USA Q3 Unit COGS Inflation,FORECAST,2015-06-01,France,Velo,Government,SCENARIO,1870.908447265625,198.0379746835443,147.0253164556962,0.0610961968680089,,scenario_engine_v1
SCN_003,USA Q3 Unit COGS Inflation,FORECAST,2015-06-01,Germany,Amarilla,Government,SCENARIO,1739.360107421875,20.0,10.0,0.08,,scenario_engine_v1
SCN_003,USA Q3 Unit COGS Inflation,FORECAST,2015-06-01,Germany,Carretera,Midmarket,SCENARIO,1711.17529296875,15.0,10.0,0.0,,scenario_engine_v1
SCN_003,USA Q3 Unit COGS Inflation,FORECAST,2015-06-01,Germany,Carretera,Small Business,SCENARIO,1374.6068115234375,300.0,250.0,0.03,,scenario_engine_v1
SCN_003,USA Q3 Unit COGS Inflation,FORECAST,2015-06-01,Germany,Montana,Channel Partners,SCENARIO,1480.7535400390625,12.0,3.0,0.0,,scenario_engine_v1
SCN_003,USA Q3 Unit COGS Inflation,FORECAST,2015-06-01,Germany,Paseo,Enterprise,SCENARIO,1690.923583984375,125.0,120.0,0.03,,scenario_engine_v1
SCN_003,USA Q3 Unit COGS Inflation,FORECAST,2015-06-01,Germany,Paseo,Government,SCENARIO,1432.49169921875,159.95784148397976,116.02866779089376,0.0057603710927204,,scenario_engine_v1
SCN_003,USA Q3 Unit COGS Inflation,FORECAST,2015-06-01,Germany,Paseo,Small Business,SCENARIO,1285.580078125,300.0,250.0,0.03,,scenario_engine_v1
SCN_003,USA Q3 Unit COGS Inflation,FORECAST,2015-06-01,Germany,VTT,Enterprise,SCENARIO,1351.3292236328125,125.0,120.0,0.03,,scenario_engine_v1
SCN_003,USA Q3 Unit COGS Inflation,FORECAST,2015-06-01,Germany,VTT,Government,SCENARIO,1574.9058837890625,7.0,5.0,0.08,,scenario_engine_v1
SCN_003,USA Q3 Unit COGS Inflation,FORECAST,2015-06-01,Germany,VTT,Midmarket,SCENARIO,1416.4241943359375,15.0,10.0,0.0,,scenario_engine_v1
SCN_003,USA Q3 Unit COGS Inflation,FORECAST,2015-06-01,Germany,Velo,Channel Partners,SCENARIO,1612.0142822265625,12.0,3.0,0.0,,scenario_engine_v1
SCN_003,USA Q3 Unit COGS Inflation,FORECAST,2015-06-01,Germany,Velo,Government,SCENARIO,1555.851806640625,110.1872009569378,81.71351674641149,0.0035533264941677,,scenario_engine_v1
SCN_003,USA Q3 Unit COGS Inflation,FORECAST,2015-06-01,Mexico,Amarilla,Government,SCENARIO,1777.6817626953125,20.0,10.0,0.09,,scenario_engine_v1
SCN_003,USA Q3 Unit COGS Inflation,FORECAST,2015-06-01,Mexico,Amarilla,Small Business,SCENARIO,1363.104736328125,300.0,250.0,0.08,,scenario_engine_v1
SCN_003,USA Q3 Unit COGS Inflation,FORECAST,2015-06-01,Mexico,Carretera,Government,SCENARIO,1458.955810546875,350.0,260.0,0.12,,scenario_engine_v1
SCN_003,USA Q3 Unit COGS Inflation,FORECAST,2015-06-01,Mexico,Carretera,Midmarket,SCENARIO,1456.015380859375,15.0,10.0,0.0,,scenario_engine_v1
SCN_003,USA Q3 Unit COGS Inflation,FORECAST,2015-06-01,Mexico,Montana,Channel Partners,SCENARIO,1201.6431884765625,12.0,3.0,0.13,,scenario_engine_v1
SCN_003,USA Q3 Unit COGS Inflation,FORECAST,2015-06-01,Mexico,Montana,Midmarket,SCENARIO,1571.4454345703125,15.0,10.0,0.0,,scenario_engine_v1
SCN_003,USA Q3 Unit COGS Inflation,FORECAST,2015-06-01,Mexico,Paseo,Enterprise,SCENARIO,1595.8172607421875,125.0,120.0,0.02,,scenario_engine_v1
SCN_003,USA Q3 Unit COGS Inflation,FORECAST,2015-06-01,Mexico,Paseo,Government,SCENARIO,1311.5218505859375,171.96465696465697,125.12474012474011,0.1181176328356404,,scenario_engine_v1
SCN_003,USA Q3 Unit COGS Inflation,FORECAST,2015-06-01,Mexico,Paseo,Small Business,SCENARIO,1285.9481201171875,300.0,250.0,0.08,,scenario_engine_v1
SCN_003,USA Q3 Unit COGS Inflation,FORECAST,2015-06-01,Mexico,VTT,Enterprise,SCENARIO,1602.135009765625,125.0,120.0,0.02,,scenario_engine_v1
SCN_003,USA Q3 Unit COGS Inflation,FORECAST,2015-06-01,Mexico,VTT,Government,SCENARIO,1676.19677734375,7.0,5.0,0.06,,scenario_engine_v1
SCN_003,USA Q3 Unit COGS Inflation,FORECAST,2015-06-01,Mexico,Velo,Channel Partners,SCENARIO,1182.28955078125,12.0,3.0,0.13,,scenario_engine_v1
SCN_003,USA Q3 Unit COGS Inflation,FORECAST,2015-06-01,Mexico,Velo,Government,SCENARIO,1565.117919921875,7.0,5.0,0.06,,scenario_engine_v1
SCN_003,USA Q3 Unit COGS Inflation,FORECAST,2015-06-01,United States of America,Amarilla,Government,SCENARIO,1914.300048828125,10.978515158749104,6.530198137980425,0.08,,scenario_engine_v1
SCN_003,USA Q3 Unit COGS Inflation,FORECAST,2015-06-01,United States of America,Carretera,Midmarket,SCENARIO,1816.9140625,15.0,10.0,0.1299999999999999,,scenario_engine_v1
SCN_003,USA Q3 Unit COGS Inflation,FORECAST,2015-06-01,United States of America,Carretera,Small Business,SCENARIO,1995.3223876953125,300.0,250.0,0.05,,scenario_engine_v1
SCN_003,USA Q3 Unit COGS Inflation,FORECAST,2015-06-01,United States of America,Montana,Channel Partners,SCENARIO,1808.494873046875,12.0,3.0,0.02,,scenario_engine_v1
SCN_003,USA Q3 Unit COGS Inflation,FORECAST,2015-06-01,United States of America,Montana,Government,SCENARIO,1537.6441650390625,20.0,10.0,0.0799999999999999,,scenario_engine_v1
SCN_003,USA Q3 Unit COGS Inflation,FORECAST,2015-06-01,United States of America,Paseo,Channel Partners,SCENARIO,1608.8853759765625,12.0,3.0,0.02,,scenario_engine_v1
SCN_003,USA Q3 Unit COGS Inflation,FORECAST,2015-06-01,United States of America,Paseo,Enterprise,SCENARIO,1547.4420166015625,125.0,120.0,0.01,,scenario_engine_v1
SCN_003,USA Q3 Unit COGS Inflation,FORECAST,2015-06-01,United States of America,Paseo,Government,SCENARIO,1578.654052734375,350.0,260.0,0.05,,scenario_engine_v1
SCN_003,USA Q3 Unit COGS Inflation,FORECAST,2015-06-01,United States of America,Paseo,Small Business,SCENARIO,1564.49072265625,300.0,250.0,0.05,,scenario_engine_v1
SCN_003,USA Q3 Unit COGS Inflation,FORECAST,2015-06-01,United States of America,VTT,Enterprise,SCENARIO,1816.67138671875,125.0,120.0,0.01,,scenario_engine_v1
SCN_003,USA Q3 Unit COGS Inflation,FORECAST,2015-06-01,United States of America,VTT,Midmarket,SCENARIO,1559.0850830078125,15.0,10.0,0.1299999999999999,,scenario_engine_v1
SCN_003,USA Q3 Unit COGS Inflation,FORECAST,2015-06-01,United States of America,Velo,Government,SCENARIO,1691.821044921875,65.84468509546879,48.74750641208321,0.0526421668131002,,scenario_engine_v1
SCN_003,USA Q3 Unit COGS Inflation,FORECAST,2015-07-01,Canada,Amarilla,Midmarket,SCENARIO,1916.1448974609373,15.0,10.0,0.09,,scenario_engine_v1
SCN_003,USA Q3 Unit COGS Inflation,FORECAST,2015-07-01,Canada,Carretera,Government,SCENARIO,1472.9849853515625,7.0,5.0,0.09,,scenario_engine_v1
SCN_003,USA Q3 Unit COGS Inflation,FORECAST,2015-07-01,Canada,Montana,Enterprise,SCENARIO,1331.92919921875,125.0,120.0,0.0,,scenario_engine_v1
SCN_003,USA Q3 Unit COGS Inflation,FORECAST,2015-07-01,Canada,Paseo,Channel Partners,SCENARIO,1467.469482421875,12.0,3.0,0.11,,scenario_engine_v1
SCN_003,USA Q3 Unit COGS Inflation,FORECAST,2015-07-01,Canada,Paseo,Government,SCENARIO,1530.3365478515625,350.0,260.0,0.11,,scenario_engine_v1
SCN_003,USA Q3 Unit COGS Inflation,FORECAST,2015-07-01,Canada,VTT,Government,SCENARIO,1556.110107421875,20.0,10.0,0.15,,scenario_engine_v1
SCN_003,USA Q3 Unit COGS Inflation,FORECAST,2015-07-01,Canada,Velo,Small Business,SCENARIO,1480.5281982421875,300.0,250.0,0.09,,scenario_engine_v1
SCN_003,USA Q3 Unit COGS Inflation,FORECAST,2015-07-01,France,Amarilla,Government,SCENARIO,1509.2373046875,7.0,5.0,0.12,,scenario_engine_v1
SCN_003,USA Q3 Unit COGS Inflation,FORECAST,2015-07-01,France,Montana,Government,SCENARIO,1720.28466796875,20.0,10.0,0.01,,scenario_engine_v1
SCN_003,USA Q3 Unit COGS Inflation,FORECAST,2015-07-01,France,Paseo,Channel Partners,SCENARIO,1674.205810546875,12.0,3.0,0.11,,scenario_engine_v1
SCN_003,USA Q3 Unit COGS Inflation,FORECAST,2015-07-01,France,Paseo,Enterprise,SCENARIO,1778.005859375,125.0,120.0,0.04,,scenario_engine_v1
SCN_003,USA Q3 Unit COGS Inflation,FORECAST,2015-07-01,France,VTT,Midmarket,SCENARIO,1833.8763427734373,15.0,10.0,0.12,,scenario_engine_v1
SCN_003,USA Q3 Unit COGS Inflation,FORECAST,2015-07-01,France,Velo,Government,SCENARIO,1483.5159912109375,350.0,260.0,0.1,,scenario_engine_v1
SCN_003,USA Q3 Unit COGS Inflation,FORECAST,2015-07-01,France,Velo,Small Business,SCENARIO,1416.5120849609375,300.0,250.0,0.07,,scenario_engine_v1
SCN_003,USA Q3 Unit COGS Inflation,FORECAST,2015-07-01,Germany,Amarilla,Government,SCENARIO,1601.0743408203125,7.0,5.0,0.0,,scenario_engine_v1
SCN_003,USA Q3 Unit COGS Inflation,FORECAST,2015-07-01,Germany,Carretera,Small Business,SCENARIO,1382.1029052734375,300.0,250.0,0.11,,scenario_engine_v1
SCN_003,USA Q3 Unit COGS Inflation,FORECAST,2015-07-01,Germany,Montana,Government,SCENARIO,1537.695556640625,20.0,10.0,0.08,,scenario_engine_v1
SCN_003,USA Q3 Unit COGS Inflation,FORECAST,2015-07-01,Germany,Paseo,Channel Partners,SCENARIO,1424.201904296875,12.0,3.0,0.0,,scenario_engine_v1
SCN_003,USA Q3 Unit COGS Inflation,FORECAST,2015-07-01,Germany,Paseo,Enterprise,SCENARIO,1439.22265625,125.0,120.0,0.07,,scenario_engine_v1
SCN_003,USA Q3 Unit COGS Inflation,FORECAST,2015-07-01,Germany,VTT,Midmarket,SCENARIO,1567.4495849609375,15.0,10.0,0.15,,scenario_engine_v1
SCN_003,USA Q3 Unit COGS Inflation,FORECAST,2015-07-01,Germany,Velo,Government,SCENARIO,1405.2080078125,350.0,260.0,0.09,,scenario_engine_v1
SCN_003,USA Q3 Unit COGS Inflation,FORECAST,2015-07-01,Mexico,Amarilla,Government,SCENARIO,1942.6220703125,7.0,5.0,0.0499999999999999,,scenario_engine_v1
SCN_003,USA Q3 Unit COGS Inflation,FORECAST,2015-07-01,Mexico,Carretera,Small Business,SCENARIO,1177.9664306640625,300.0,250.0,0.14,,scenario_engine_v1
SCN_003,USA Q3 Unit COGS Inflation,FORECAST,2015-07-01,Mexico,Montana,Government,SCENARIO,1882.0462646484373,20.0,10.0,0.13,,scenario_engine_v1
SCN_003,USA Q3 Unit COGS Inflation,FORECAST,2015-07-01,Mexico,Paseo,Channel Partners,SCENARIO,1416.184326171875,12.0,3.0,0.13,,scenario_engine_v1
SCN_003,USA Q3 Unit COGS Inflation,FORECAST,2015-07-01,Mexico,Paseo,Enterprise,SCENARIO,1564.77001953125,125.0,120.0,0.01,,scenario_engine_v1
SCN_003,USA Q3 Unit COGS Inflation,FORECAST,2015-07-01,Mexico,VTT,Midmarket,SCENARIO,1370.465576171875,15.0,10.0,0.1,,scenario_engine_v1
SCN_003,USA Q3 Unit COGS Inflation,FORECAST,2015-07-01,Mexico,Velo,Government,SCENARIO,1611.4898681640625,350.0,260.0,0.12,,scenario_engine_v1
SCN_003,USA Q3 Unit COGS Inflation,FORECAST,2015-07-01,United States of America,Amarilla,Midmarket,SCENARIO,2035.8177490234373,15.0,10.5,0.1099999999999999,,scenario_engine_v1
SCN_003,USA Q3 Unit COGS Inflation,FORECAST,2015-07-01,United States of America,Carretera,Government,SCENARIO,1377.5413818359375,7.0,5.25,0.01,,scenario_engine_v1
SCN_003,USA Q3 Unit COGS Inflation,FORECAST,2015-07-01,United States of America,Montana,Enterprise,SCENARIO,1563.107421875,125.0,126.0,0.05,,scenario_engine_v1
SCN_003,USA Q3 Unit COGS Inflation,FORECAST,2015-07-01,United States of America,Paseo,Channel Partners,SCENARIO,1869.5628662109373,12.0,3.1500000000000004,0.03,,scenario_engine_v1
SCN_003,USA Q3 Unit COGS Inflation,FORECAST,2015-07-01,United States of America,Paseo,Government,SCENARIO,1405.84375,350.0,273.0,0.04,,scenario_engine_v1
SCN_003,USA Q3 Unit COGS Inflation,FORECAST,2015-07-01,United States of America,VTT,Government,SCENARIO,1573.15966796875,20.0,10.5,0.08,,scenario_engine_v1
SCN_003,USA Q3 Unit COGS Inflation,FORECAST,2015-07-01,United States of America,Velo,Small Business,SCENARIO,1746.052490234375,300.0,262.5,0.14,,scenario_engine_v1
SCN_003,USA Q3 Unit COGS Inflation,FORECAST,2015-08-01,Canada,Amarilla,Government,SCENARIO,1811.3323974609373,350.0,260.0,0.05,,scenario_engine_v1
SCN_003,USA Q3 Unit COGS Inflation,FORECAST,2015-08-01,Canada,Carretera,Channel Partners,SCENARIO,2183.38427734375,12.0,3.0,0.0699999999999999,,scenario_engine_v1
SCN_003,USA Q3 Unit COGS Inflation,FORECAST,2015-08-01,Canada,Montana,Government,SCENARIO,1789.791015625,7.0,5.0,0.01,,scenario_engine_v1
SCN_003,USA Q3 Unit COGS Inflation,FORECAST,2015-08-01,Canada,Paseo,Government,SCENARIO,1456.177978515625,20.0,10.0,0.11,,scenario_engine_v1
SCN_003,USA Q3 Unit COGS Inflation,FORECAST,2015-08-01,Canada,Paseo,Midmarket,SCENARIO,1419.9736328125,15.0,10.0,0.15,,scenario_engine_v1
SCN_003,USA Q3 Unit COGS Inflation,FORECAST,2015-08-01,Canada,VTT,Small Business,SCENARIO,1354.94580078125,300.0,250.0,0.03,,scenario_engine_v1
SCN_003,USA Q3 Unit COGS Inflation,FORECAST,2015-08-01,Canada,Velo,Enterprise,SCENARIO,1474.4412841796875,125.0,120.0,0.01,,scenario_engine_v1
SCN_003,USA Q3 Unit COGS Inflation,FORECAST,2015-08-01,France,Amarilla,Channel Partners,SCENARIO,1162.04443359375,12.0,3.0,0.14,,scenario_engine_v1
SCN_003,USA Q3 Unit COGS Inflation,FORECAST,2015-08-01,France,Carretera,Enterprise,SCENARIO,1586.05078125,125.0,120.0,0.15,,scenario_engine_v1
SCN_003,USA Q3 Unit COGS Inflation,FORECAST,2015-08-01,France,Montana,Small Business,SCENARIO,1576.4095458984375,300.0,250.0,0.08,,scenario_engine_v1
SCN_003,USA Q3 Unit COGS Inflation,FORECAST,2015-08-01,France,Paseo,Government,SCENARIO,1517.118896484375,7.0,5.0,0.13,,scenario_engine_v1
SCN_003,USA Q3 Unit COGS Inflation,FORECAST,2015-08-01,France,Paseo,Midmarket,SCENARIO,1541.5552978515625,15.0,10.0,0.07,,scenario_engine_v1
SCN_003,USA Q3 Unit COGS Inflation,FORECAST,2015-08-01,France,VTT,Government,SCENARIO,1777.3994140625,350.0,260.0,0.08,,scenario_engine_v1
SCN_003,USA Q3 Unit COGS Inflation,FORECAST,2015-08-01,France,Velo,Government,SCENARIO,1581.6185302734375,20.0,10.0,0.05,,scenario_engine_v1
SCN_003,USA Q3 Unit COGS Inflation,FORECAST,2015-08-01,Germany,Amarilla,Channel Partners,SCENARIO,1288.112548828125,12.0,3.0,0.1,,scenario_engine_v1
SCN_003,USA Q3 Unit COGS Inflation,FORECAST,2015-08-01,Germany,Carretera,Enterprise,SCENARIO,1411.92724609375,125.0,120.0,0.15,,scenario_engine_v1
SCN_003,USA Q3 Unit COGS Inflation,FORECAST,2015-08-01,Germany,Montana,Small Business,SCENARIO,1008.4784545898438,300.0,250.0,0.04,,scenario_engine_v1
SCN_003,USA Q3 Unit COGS Inflation,FORECAST,2015-08-01,Germany,Paseo,Government,SCENARIO,1591.6136474609375,7.0,5.0,0.08,,scenario_engine_v1
SCN_003,USA Q3 Unit COGS Inflation,FORECAST,2015-08-01,Germany,Paseo,Midmarket,SCENARIO,1634.8309326171875,15.0,10.0,0.06,,scenario_engine_v1
SCN_003,USA Q3 Unit COGS Inflation,FORECAST,2015-08-01,Germany,VTT,Government,SCENARIO,1897.7420654296875,350.0,260.0,0.08,,scenario_engine_v1
SCN_003,USA Q3 Unit COGS Inflation,FORECAST,2015-08-01,Germany,Velo,Government,SCENARIO,1506.3236083984375,20.0,10.0,0.06,,scenario_engine_v1
SCN_003,USA Q3 Unit COGS Inflation,FORECAST,2015-08-01,Mexico,Amarilla,Channel Partners,SCENARIO,1396.5413818359375,12.0,3.0,0.0499999999999999,,scenario_engine_v1
SCN_003,USA Q3 Unit COGS Inflation,FORECAST,2015-08-01,Mexico,Carretera,Enterprise,SCENARIO,1455.1763916015625,125.0,120.0,0.08,,scenario_engine_v1
SCN_003,USA Q3 Unit COGS Inflation,FORECAST,2015-08-01,Mexico,Montana,Small Business,SCENARIO,1686.72802734375,300.0,250.0,0.0,,scenario_engine_v1
SCN_003,USA Q3 Unit COGS Inflation,FORECAST,2015-08-01,Mexico,Paseo,Government,SCENARIO,1516.6136474609375,7.0,5.0,0.0,,scenario_engine_v1
SCN_003,USA Q3 Unit COGS Inflation,FORECAST,2015-08-01,Mexico,Paseo,Midmarket,SCENARIO,1598.6904296875,15.0,10.0,0.11,,scenario_engine_v1
SCN_003,USA Q3 Unit COGS Inflation,FORECAST,2015-08-01,Mexico,VTT,Government,SCENARIO,1753.475830078125,350.0,260.0,0.03,,scenario_engine_v1
SCN_003,USA Q3 Unit COGS Inflation,FORECAST,2015-08-01,Mexico,Velo,Government,SCENARIO,1370.093505859375,20.0,10.0,0.07,,scenario_engine_v1
SCN_003,USA Q3 Unit COGS Inflation,FORECAST,2015-08-01,United States of America,Amarilla,Channel Partners,SCENARIO,1548.043212890625,12.0,3.1500000000000004,0.0,,scenario_engine_v1
SCN_003,USA Q3 Unit COGS Inflation,FORECAST,2015-08-01,United States of America,Paseo,Government,SCENARIO,1578.654052734375,7.0,5.25,0.08,,scenario_engine_v1
SCN_003,USA Q3 Unit COGS Inflation,FORECAST,2015-08-01,United States of America,Paseo,Midmarket,SCENARIO,1679.1279296875,15.0,10.5,0.06,,scenario_engine_v1
SCN_003,USA Q3 Unit COGS Inflation,FORECAST,2015-08-01,United States of America,VTT,Government,SCENARIO,1480.85888671875,350.0,273.0,0.1,,scenario_engine_v1
SCN_003,USA Q3 Unit COGS Inflation,FORECAST,2015-08-01,United States of America,VTT,Small Business,SCENARIO,1610.897216796875,300.0,262.5,0.14,,scenario_engine_v1
SCN_003,USA Q3 Unit COGS Inflation,FORECAST,2015-08-01,United States of America,Velo,Enterprise,SCENARIO,1489.415771484375,125.0,126.0,0.0,,scenario_engine_v1
SCN_003,USA Q3 Unit COGS Inflation,FORECAST,2015-08-01,United States of America,Velo,Government,SCENARIO,1225.7738037109375,20.0,10.5,0.05,,scenario_engine_v1
SCN_003,USA Q3 Unit COGS Inflation,FORECAST,2015-09-01,Canada,Amarilla,Government,SCENARIO,1731.425537109375,350.0,260.0,0.1,,scenario_engine_v1
SCN_003,USA Q3 Unit COGS Inflation,FORECAST,2015-09-01,Canada,Carretera,Channel Partners,SCENARIO,1582.9495849609375,12.0,3.0,0.01,,scenario_engine_v1
SCN_003,USA Q3 Unit COGS Inflation,FORECAST,2015-09-01,Canada,Montana,Government,SCENARIO,1672.549072265625,7.0,5.0,0.14,,scenario_engine_v1
SCN_003,USA Q3 Unit COGS Inflation,FORECAST,2015-09-01,Canada,Paseo,Government,SCENARIO,1637.471923828125,20.0,10.0,0.04,,scenario_engine_v1
SCN_003,USA Q3 Unit COGS Inflation,FORECAST,2015-09-01,Canada,Paseo,Midmarket,SCENARIO,2116.96337890625,15.0,10.0,0.04,,scenario_engine_v1
SCN_003,USA Q3 Unit COGS Inflation,FORECAST,2015-09-01,Canada,VTT,Small Business,SCENARIO,1688.005615234375,300.0,250.0,0.08,,scenario_engine_v1
SCN_003,USA Q3 Unit COGS Inflation,FORECAST,2015-09-01,Canada,Velo,Enterprise,SCENARIO,1632.4114990234375,125.0,120.0,0.09,,scenario_engine_v1
SCN_003,USA Q3 Unit COGS Inflation,FORECAST,2015-09-01,France,Amarilla,Government,SCENARIO,1629.401611328125,350.0,260.0,0.07,,scenario_engine_v1
SCN_003,USA Q3 Unit COGS Inflation,FORECAST,2015-09-01,France,Carretera,Channel Partners,SCENARIO,1529.083984375,12.0,3.0,0.01,,scenario_engine_v1
SCN_003,USA Q3 Unit COGS Inflation,FORECAST,2015-09-01,France,Montana,Government,SCENARIO,1672.81640625,7.0,5.0,0.03,,scenario_engine_v1
SCN_003,USA Q3 Unit COGS Inflation,FORECAST,2015-09-01,France,Paseo,Government,SCENARIO,1703.567626953125,20.0,10.0,0.07,,scenario_engine_v1
SCN_003,USA Q3 Unit COGS Inflation,FORECAST,2015-09-01,France,Paseo,Midmarket,SCENARIO,1839.2159423828125,15.0,10.0,0.05,,scenario_engine_v1
SCN_003,USA Q3 Unit COGS Inflation,FORECAST,2015-09-01,France,VTT,Small Business,SCENARIO,1400.1993408203125,300.0,250.0,0.0,,scenario_engine_v1
SCN_003,USA Q3 Unit COGS Inflation,FORECAST,2015-09-01,France,Velo,Enterprise,SCENARIO,1708.7659912109375,125.0,120.0,0.15,,scenario_engine_v1
SCN_003,USA Q3 Unit COGS Inflation,FORECAST,2015-09-01,Germany,Amarilla,Government,SCENARIO,1491.861083984375,350.0,260.0,0.04,,scenario_engine_v1
SCN_003,USA Q3 Unit COGS Inflation,FORECAST,2015-09-01,Germany,Carretera,Channel Partners,SCENARIO,1497.3323974609375,12.0,3.0,0.09,,scenario_engine_v1
SCN_003,USA Q3 Unit COGS Inflation,FORECAST,2015-09-01,Germany,Montana,Government,SCENARIO,1341.31982421875,7.0,5.0,0.0,,scenario_engine_v1
SCN_003,USA Q3 Unit COGS Inflation,FORECAST,2015-09-01,Germany,Paseo,Government,SCENARIO,1448.0523681640625,20.0,10.0,0.08,,scenario_engine_v1
SCN_003,USA Q3 Unit COGS Inflation,FORECAST,2015-09-01,Germany,Paseo,Midmarket,SCENARIO,1391.138671875,15.0,10.0,0.01,,scenario_engine_v1
SCN_003,USA Q3 Unit COGS Inflation,FORECAST,2015-09-01,Germany,VTT,Small Business,SCENARIO,1546.4603271484375,300.0,250.0,0.01,,scenario_engine_v1
SCN_003,USA Q3 Unit COGS Inflation,FORECAST,2015-09-01,Germany,Velo,Enterprise,SCENARIO,1255.874755859375,125.0,120.0,0.07,,scenario_engine_v1
SCN_003,USA Q3 Unit COGS Inflation,FORECAST,2015-09-01,Mexico,Amarilla,Government,SCENARIO,1696.4136962890625,350.0,260.0,0.06,,scenario_engine_v1
SCN_003,USA Q3 Unit COGS Inflation,FORECAST,2015-09-01,Mexico,Carretera,Channel Partners,SCENARIO,1367.010498046875,12.0,3.0,0.06,,scenario_engine_v1
SCN_003,USA Q3 Unit COGS Inflation,FORECAST,2015-09-01,Mexico,Montana,Government,SCENARIO,1421.817138671875,7.0,5.0,0.12,,scenario_engine_v1
SCN_003,USA Q3 Unit COGS Inflation,FORECAST,2015-09-01,Mexico,Paseo,Government,SCENARIO,1630.60791015625,20.0,10.0,0.08,,scenario_engine_v1
SCN_003,USA Q3 Unit COGS Inflation,FORECAST,2015-09-01,Mexico,Paseo,Midmarket,SCENARIO,1445.971923828125,15.0,10.0,0.0,,scenario_engine_v1
SCN_003,USA Q3 Unit COGS Inflation,FORECAST,2015-09-01,Mexico,VTT,Small Business,SCENARIO,1357.636962890625,300.0,250.0,0.1,,scenario_engine_v1
SCN_003,USA Q3 Unit COGS Inflation,FORECAST,2015-09-01,Mexico,Velo,Enterprise,SCENARIO,1435.227783203125,125.0,120.0,0.09,,scenario_engine_v1
SCN_003,USA Q3 Unit COGS Inflation,FORECAST,2015-09-01,United States of America,Amarilla,Government,SCENARIO,1733.4903564453125,350.0,273.0,0.09,,scenario_engine_v1
SCN_003,USA Q3 Unit COGS Inflation,FORECAST,2015-09-01,United States of America,Carretera,Channel Partners,SCENARIO,1617.9901123046875,12.0,3.1500000000000004,0.03,,scenario_engine_v1
SCN_003,USA Q3 Unit COGS Inflation,FORECAST,2015-09-01,United States of America,Montana,Government,SCENARIO,1514.3402099609375,7.0,5.25,0.0999999999999999,,scenario_engine_v1
SCN_003,USA Q3 Unit COGS Inflation,FORECAST,2015-09-01,United States of America,Paseo,Government,SCENARIO,1580.1627197265625,20.0,10.5,0.04,,scenario_engine_v1
SCN_003,USA Q3 Unit COGS Inflation,FORECAST,2015-09-01,United States of America,Paseo,Midmarket,SCENARIO,1651.4072265625,15.0,10.5,0.1399999999999999,,scenario_engine_v1
SCN_003,USA Q3 Unit COGS Inflation,FORECAST,2015-09-01,United States of America,VTT,Small Business,SCENARIO,1491.1785888671875,300.0,262.5,0.09,,scenario_engine_v1
SCN_003,USA Q3 Unit COGS Inflation,FORECAST,2015-09-01,United States of America,Velo,Enterprise,SCENARIO,1383.4384765625,125.0,126.0,0.1,,scenario_engine_v1
SCN_003,USA Q3 Unit COGS Inflation,FORECAST,2015-10-01,Canada,Amarilla,Government,SCENARIO,1608.2269287109375,115.73519860104922,85.8381214089433,0.0912392723316813,,scenario_engine_v1
SCN_003,USA Q3 Unit COGS Inflation,FORECAST,2015-10-01,Canada,Carretera,Channel Partners,SCENARIO,1652.9388427734375,12.0,3.0,0.02,,scenario_engine_v1
SCN_003,USA Q3 Unit COGS Inflation,FORECAST,2015-10-01,Canada,Carretera,Small Business,SCENARIO,1398.2730712890625,300.0,250.0,0.14,,scenario_engine_v1
SCN_003,USA Q3 Unit COGS Inflation,FORECAST,2015-10-01,Canada,Montana,Government,SCENARIO,1639.7117919921875,11.076575445643988,6.567913632939995,0.125662088036629,,scenario_engine_v1
SCN_003,USA Q3 Unit COGS Inflation,FORECAST,2015-10-01,Canada,Paseo,Channel Partners,SCENARIO,1707.74072265625,12.0,3.0,0.02,,scenario_engine_v1
SCN_003,USA Q3 Unit COGS Inflation,FORECAST,2015-10-01,Canada,Paseo,Enterprise,SCENARIO,1659.384521484375,125.0,120.0,0.03,,scenario_engine_v1
SCN_003,USA Q3 Unit COGS Inflation,FORECAST,2015-10-01,Canada,Paseo,Government,SCENARIO,1751.1107177734375,20.0,10.0,0.13,,scenario_engine_v1
SCN_003,USA Q3 Unit COGS Inflation,FORECAST,2015-10-01,Canada,Paseo,Midmarket,SCENARIO,1551.943603515625,15.0,10.0,0.13,,scenario_engine_v1
SCN_003,USA Q3 Unit COGS Inflation,FORECAST,2015-10-01,Canada,VTT,Midmarket,SCENARIO,1690.2742919921875,15.0,10.0,0.13,,scenario_engine_v1
SCN_003,USA Q3 Unit COGS Inflation,FORECAST,2015-10-01,Canada,VTT,Small Business,SCENARIO,1805.1492919921875,300.0,250.0,0.14,,scenario_engine_v1
SCN_003,USA Q3 Unit COGS Inflation,FORECAST,2015-10-01,Canada,Velo,Enterprise,SCENARIO,1438.73779296875,125.0,120.0,0.03,,scenario_engine_v1
SCN_003,USA Q3 Unit COGS Inflation,FORECAST,2015-10-01,Canada,Velo,Government,SCENARIO,1530.94921875,350.0,260.0,0.09,,scenario_engine_v1
SCN_003,USA Q3 Unit COGS Inflation,FORECAST,2015-10-01,France,Amarilla,Channel Partners,SCENARIO,1865.5595703125,12.0,3.0,0.1399999999999999,,scenario_engine_v1
SCN_003,USA Q3 Unit COGS Inflation,FORECAST,2015-10-01,France,Amarilla,Government,SCENARIO,1580.1378173828125,7.0,5.0,0.14,,scenario_engine_v1
SCN_003,USA Q3 Unit COGS Inflation,FORECAST,2015-10-01,France,Carretera,Enterprise,SCENARIO,1674.906494140625,125.0,120.0,0.11,,scenario_engine_v1
SCN_003,USA Q3 Unit COGS Inflation,FORECAST,2015-10-01,France,Carretera,Small Business,SCENARIO,1359.5928955078125,300.0,250.0,0.07,,scenario_engine_v1
SCN_003,USA Q3 Unit COGS Inflation,FORECAST,2015-10-01,France,Montana,Government,SCENARIO,1488.2293701171875,20.0,10.0,0.07,,scenario_engine_v1
SCN_003,USA Q3 Unit COGS Inflation,FORECAST,2015-10-01,France,Montana,Small Business,SCENARIO,1422.9757080078125,300.0,250.0,0.07,,scenario_engine_v1
SCN_003,USA Q3 Unit COGS Inflation,FORECAST,2015-10-01,France,Paseo,Channel Partners,SCENARIO,1556.161376953125,12.0,3.0,0.1399999999999999,,scenario_engine_v1
SCN_003,USA Q3 Unit COGS Inflation,FORECAST,2015-10-01,France,Paseo,Enterprise,SCENARIO,1471.45849609375,125.0,120.0,0.11,,scenario_engine_v1
SCN_003,USA Q3 Unit COGS Inflation,FORECAST,2015-10-01,France,Paseo,Government,SCENARIO,1725.0360107421875,7.0,5.0,0.14,,scenario_engine_v1
SCN_003,USA Q3 Unit COGS Inflation,FORECAST,2015-10-01,France,Paseo,Midmarket,SCENARIO,1804.622314453125,15.0,10.0,0.09,,scenario_engine_v1
SCN_003,USA Q3 Unit COGS Inflation,FORECAST,2015-10-01,France,VTT,Government,SCENARIO,1576.796875,350.0,260.0,0.04,,scenario_engine_v1
SCN_003,USA Q3 Unit COGS Inflation,FORECAST,2015-10-01,France,VTT,Midmarket,SCENARIO,1813.80126953125,15.0,10.0,0.09,,scenario_engine_v1
SCN_003,USA Q3 Unit COGS Inflation,FORECAST,2015-10-01,France,Velo,Government,SCENARIO,1456.5018310546875,192.9857934023597,141.04984348663618,0.0414792818196563,,scenario_engine_v1
SCN_003,USA Q3 Unit COGS Inflation,FORECAST,2015-10-01,Germany,Amarilla,Channel Partners,SCENARIO,1567.048828125,12.0,3.0,0.1099999999999999,,scenario_engine_v1
SCN_003,USA Q3 Unit COGS Inflation,FORECAST,2015-10-01,Germany,Carretera,Enterprise,SCENARIO,1669.0255126953125,125.0,120.0,0.15,,scenario_engine_v1
SCN_003,USA Q3 Unit COGS Inflation,FORECAST,2015-10-01,Germany,Carretera,Small Business,SCENARIO,1441.678466796875,300.0,250.0,0.04,,scenario_engine_v1
SCN_003,USA Q3 Unit COGS Inflation,FORECAST,2015-10-01,Germany,Montana,Small Business,SCENARIO,1287.2572021484375,300.0,250.0,0.04,,scenario_engine_v1
SCN_003,USA Q3 Unit COGS Inflation,FORECAST,2015-10-01,Germany,Paseo,Enterprise,SCENARIO,1502.228759765625,125.0,120.0,0.15,,scenario_engine_v1
SCN_003,USA Q3 Unit COGS Inflation,FORECAST,2015-10-01,Germany,Paseo,Government,SCENARIO,1466.783447265625,12.21297836938436,7.004991680532446,0.096566757493188,,scenario_engine_v1
SCN_003,USA Q3 Unit COGS Inflation,FORECAST,2015-10-01,Germany,Paseo,Midmarket,SCENARIO,1389.35009765625,15.0,10.0,0.15,,scenario_engine_v1
SCN_003,USA Q3 Unit COGS Inflation,FORECAST,2015-10-01,Germany,VTT,Government,SCENARIO,1566.9732666015625,311.85356811862835,231.6404077849861,0.0201747451633035,,scenario_engine_v1
SCN_003,USA Q3 Unit COGS Inflation,FORECAST,2015-10-01,Germany,VTT,Midmarket,SCENARIO,1430.813232421875,15.0,10.0,0.15,,scenario_engine_v1
SCN_003,USA Q3 Unit COGS Inflation,FORECAST,2015-10-01,Germany,Velo,Channel Partners,SCENARIO,1584.534912109375,12.0,3.0,0.1099999999999999,,scenario_engine_v1
SCN_003,USA Q3 Unit COGS Inflation,FORECAST,2015-10-01,Germany,Velo,Government,SCENARIO,1314.7890625,324.49326491340605,240.6767158434894,0.0203811142848671,,scenario_engine_v1
SCN_003,USA Q3 Unit COGS Inflation,FORECAST,2015-10-01,Mexico,Amarilla,Channel Partners,SCENARIO,1197.6727294921875,12.0,3.0,0.13,,scenario_engine_v1
SCN_003,USA Q3 Unit COGS Inflation,FORECAST,2015-10-01,Mexico,Amarilla,Small Business,SCENARIO,1262.672607421875,300.0,250.0,0.15,,scenario_engine_v1
SCN_003,USA Q3 Unit COGS Inflation,FORECAST,2015-10-01,Mexico,Carretera,Enterprise,SCENARIO,1524.9920654296875,125.0,120.0,0.12,,scenario_engine_v1
SCN_003,USA Q3 Unit COGS Inflation,FORECAST,2015-10-01,Mexico,Carretera,Government,SCENARIO,1692.462890625,350.0,260.0,0.01,,scenario_engine_v1
SCN_003,USA Q3 Unit COGS Inflation,FORECAST,2015-10-01,Mexico,Montana,Midmarket,SCENARIO,1543.8857421875,15.0,10.0,0.0399999999999999,,scenario_engine_v1
SCN_003,USA Q3 Unit COGS Inflation,FORECAST,2015-10-01,Mexico,Montana,Small Business,SCENARIO,1226.2049560546875,300.0,250.0,0.15,,scenario_engine_v1
SCN_003,USA Q3 Unit COGS Inflation,FORECAST,2015-10-01,Mexico,Paseo,Enterprise,SCENARIO,1408.330078125,125.0,120.0,0.12,,scenario_engine_v1
SCN_003,USA Q3 Unit COGS Inflation,FORECAST,2015-10-01,Mexico,Paseo,Government,SCENARIO,1452.9324951171875,10.27351140790206,6.2590428491931,0.0843146548221975,,scenario_engine_v1
SCN_003,USA Q3 Unit COGS Inflation,FORECAST,2015-10-01,Mexico,Paseo,Midmarket,SCENARIO,1445.131103515625,15.0,10.0,0.0399999999999999,,scenario_engine_v1
SCN_003,USA Q3 Unit COGS Inflation,FORECAST,2015-10-01,Mexico,VTT,Government,SCENARIO,1584.792724609375,124.27141458639257,92.18428781204112,0.0114827885689077,,scenario_engine_v1
SCN_003,USA Q3 Unit COGS Inflation,FORECAST,2015-10-01,Mexico,Velo,Channel Partners,SCENARIO,1317.5142822265625,12.0,3.0,0.13,,scenario_engine_v1
SCN_003,USA Q3 Unit COGS Inflation,FORECAST,2015-10-01,Mexico,Velo,Government,SCENARIO,1361.996826171875,20.0,10.0,0.12,,scenario_engine_v1
SCN_003,USA Q3 Unit COGS Inflation,FORECAST,2015-10-01,United States of America,Amarilla,Channel Partners,SCENARIO,1710.880615234375,12.0,3.0,0.14,,scenario_engine_v1
SCN_003,USA Q3 Unit COGS Inflation,FORECAST,2015-10-01,United States of America,Amarilla,Government,SCENARIO,1558.3897705078125,7.0,5.0,0.0,,scenario_engine_v1
SCN_003,USA Q3 Unit COGS Inflation,FORECAST,2015-10-01,United States of America,Carretera,Small Business,SCENARIO,1742.806640625,300.0,250.0,0.14,,scenario_engine_v1
SCN_003,USA Q3 Unit COGS Inflation,FORECAST,2015-10-01,United States of America,Montana,Government,SCENARIO,1654.387451171875,20.0,10.0,0.02,,scenario_engine_v1
SCN_003,USA Q3 Unit COGS Inflation,FORECAST,2015-10-01,United States of America,Paseo,Channel Partners,SCENARIO,1391.8026123046875,12.0,3.0,0.14,,scenario_engine_v1
SCN_003,USA Q3 Unit COGS Inflation,FORECAST,2015-10-01,United States of America,Paseo,Enterprise,SCENARIO,1602.431640625,125.0,120.0,0.05,,scenario_engine_v1
SCN_003,USA Q3 Unit COGS Inflation,FORECAST,2015-10-01,United States of America,Paseo,Government,SCENARIO,1551.41064453125,7.0,5.0,0.0,,scenario_engine_v1
SCN_003,USA Q3 Unit COGS Inflation,FORECAST,2015-10-01,United States of America,Paseo,Midmarket,SCENARIO,1587.8961181640625,15.0,10.0,0.06,,scenario_engine_v1
SCN_003,USA Q3 Unit COGS Inflation,FORECAST,2015-10-01,United States of America,VTT,Government,SCENARIO,1558.317626953125,350.0,260.0,0.12,,scenario_engine_v1
SCN_003,USA Q3 Unit COGS Inflation,FORECAST,2015-10-01,United States of America,VTT,Midmarket,SCENARIO,1863.257568359375,15.0,10.0,0.06,,scenario_engine_v1
SCN_003,USA Q3 Unit COGS Inflation,FORECAST,2015-10-01,United States of America,VTT,Small Business,SCENARIO,1530.1328125,300.0,250.0,0.14,,scenario_engine_v1
SCN_003,USA Q3 Unit COGS Inflation,FORECAST,2015-10-01,United States of America,Velo,Enterprise,SCENARIO,1396.4180908203125,125.0,120.0,0.05,,scenario_engine_v1
SCN_003,USA Q3 Unit COGS Inflation,FORECAST,2015-10-01,United States of America,Velo,Government,SCENARIO,1313.2947998046875,147.5,106.5909090909091,0.1116795069337442,,scenario_engine_v1
SCN_003,USA Q3 Unit COGS Inflation,FORECAST,2015-11-01,Canada,Amarilla,Government,SCENARIO,1756.6427001953125,20.0,10.0,0.07,,scenario_engine_v1
SCN_003,USA Q3 Unit COGS Inflation,FORECAST,2015-11-01,Canada,Carretera,Midmarket,SCENARIO,1976.6904296875,15.0,10.0,0.12,,scenario_engine_v1
SCN_003,USA Q3 Unit COGS Inflation,FORECAST,2015-11-01,Canada,Montana,Channel Partners,SCENARIO,1779.1717529296875,12.0,3.0,0.09,,scenario_engine_v1
SCN_003,USA Q3 Unit COGS Inflation,FORECAST,2015-11-01,Canada,Paseo,Government,SCENARIO,1716.2822265625,350.0,260.0,0.14,,scenario_engine_v1
SCN_003,USA Q3 Unit COGS Inflation,FORECAST,2015-11-01,Canada,Paseo,Small Business,SCENARIO,1683.91845703125,300.0,250.0,0.11,,scenario_engine_v1
SCN_003,USA Q3 Unit COGS Inflation,FORECAST,2015-11-01,Canada,VTT,Enterprise,SCENARIO,1762.6773681640625,125.0,120.0,0.1,,scenario_engine_v1
SCN_003,USA Q3 Unit COGS Inflation,FORECAST,2015-11-01,Canada,Velo,Government,SCENARIO,1536.9473876953125,7.0,5.0,0.11,,scenario_engine_v1
SCN_003,USA Q3 Unit COGS Inflation,FORECAST,2015-11-01,France,Amarilla,Government,SCENARIO,1485.8226318359375,20.0,10.0,0.02,,scenario_engine_v1
SCN_003,USA Q3 Unit COGS Inflation,FORECAST,2015-11-01,France,Carretera,Midmarket,SCENARIO,1550.02099609375,15.0,10.0,0.08,,scenario_engine_v1
SCN_003,USA Q3 Unit COGS Inflation,FORECAST,2015-11-01,France,Montana,Channel Partners,SCENARIO,1567.0443115234375,12.0,3.0,0.0699999999999999,,scenario_engine_v1
SCN_003,USA Q3 Unit COGS Inflation,FORECAST,2015-11-01,France,Paseo,Government,SCENARIO,1667.053466796875,350.0,260.0,0.12,,scenario_engine_v1
SCN_003,USA Q3 Unit COGS Inflation,FORECAST,2015-11-01,France,Paseo,Small Business,SCENARIO,1550.7578125,300.0,250.0,0.09,,scenario_engine_v1
SCN_003,USA Q3 Unit COGS Inflation,FORECAST,2015-11-01,France,VTT,Enterprise,SCENARIO,1543.83203125,125.0,120.0,0.01,,scenario_engine_v1
SCN_003,USA Q3 Unit COGS Inflation,FORECAST,2015-11-01,France,Velo,Government,SCENARIO,1482.3582763671875,7.0,5.0,0.0099999999999999,,scenario_engine_v1
SCN_003,USA Q3 Unit COGS Inflation,FORECAST,2015-11-01,Germany,Amarilla,Government,SCENARIO,1530.690673828125,20.0,10.0,0.08,,scenario_engine_v1
SCN_003,USA Q3 Unit COGS Inflation,FORECAST,2015-11-01,Germany,Carretera,Midmarket,SCENARIO,1426.15087890625,15.0,10.0,0.14,,scenario_engine_v1
SCN_003,USA Q3 Unit COGS Inflation,FORECAST,2015-11-01,Germany,Montana,Channel Partners,SCENARIO,1382.7203369140625,12.0,3.0,0.05,,scenario_engine_v1
SCN_003,USA Q3 Unit COGS Inflation,FORECAST,2015-11-01,Germany,Paseo,Government,SCENARIO,1533.0347900390625,350.0,260.0,0.13,,scenario_engine_v1
SCN_003,USA Q3 Unit COGS Inflation,FORECAST,2015-11-01,Germany,Paseo,Small Business,SCENARIO,1500.7642822265625,300.0,250.0,0.12,,scenario_engine_v1
SCN_003,USA Q3 Unit COGS Inflation,FORECAST,2015-11-01,Germany,VTT,Enterprise,SCENARIO,1684.26953125,125.0,120.0,0.15,,scenario_engine_v1
SCN_003,USA Q3 Unit COGS Inflation,FORECAST,2015-11-01,Germany,Velo,Government,SCENARIO,1344.7498779296875,7.0,5.0,0.1,,scenario_engine_v1
SCN_003,USA Q3 Unit COGS Inflation,FORECAST,2015-11-01,Mexico,Amarilla,Government,SCENARIO,1653.1343994140625,20.0,10.0,0.09,,scenario_engine_v1
SCN_003,USA Q3 Unit COGS Inflation,FORECAST,2015-11-01,Mexico,Carretera,Midmarket,SCENARIO,1750.94189453125,15.0,10.0,0.05,,scenario_engine_v1
SCN_003,USA Q3 Unit COGS Inflation,FORECAST,2015-11-01,Mexico,Montana,Channel Partners,SCENARIO,1556.523681640625,12.0,3.0,0.02,,scenario_engine_v1
SCN_003,USA Q3 Unit COGS Inflation,FORECAST,2015-11-01,Mexico,Paseo,Government,SCENARIO,1548.33203125,350.0,260.0,0.12,,scenario_engine_v1
SCN_003,USA Q3 Unit COGS Inflation,FORECAST,2015-11-01,Mexico,Paseo,Small Business,SCENARIO,1519.6719970703125,300.0,250.0,0.12,,scenario_engine_v1
SCN_003,USA Q3 Unit COGS Inflation,FORECAST,2015-11-01,Mexico,VTT,Enterprise,SCENARIO,1591.84375,125.0,120.0,0.09,,scenario_engine_v1
SCN_003,USA Q3 Unit COGS Inflation,FORECAST,2015-11-01,Mexico,Velo,Government,SCENARIO,1485.4681396484375,7.0,5.0,0.06,,scenario_engine_v1
SCN_003,USA Q3 Unit COGS Inflation,FORECAST,2015-11-01,United States of America,Amarilla,Government,SCENARIO,1675.4595947265625,20.0,10.0,0.02,,scenario_engine_v1
SCN_003,USA Q3 Unit COGS Inflation,FORECAST,2015-11-01,United States of America,Carretera,Midmarket,SCENARIO,1702.5616455078125,15.0,10.0,0.06,,scenario_engine_v1
SCN_003,USA Q3 Unit COGS Inflation,FORECAST,2015-11-01,United States of America,Montana,Channel Partners,SCENARIO,1581.4344482421875,12.0,3.0,0.06,,scenario_engine_v1
SCN_003,USA Q3 Unit COGS Inflation,FORECAST,2015-11-01,United States of America,Paseo,Government,SCENARIO,1621.481689453125,350.0,260.0,0.14,,scenario_engine_v1
SCN_003,USA Q3 Unit COGS Inflation,FORECAST,2015-11-01,United States of America,Paseo,Small Business,SCENARIO,1574.950927734375,300.0,250.0,0.01,,scenario_engine_v1
SCN_003,USA Q3 Unit COGS Inflation,FORECAST,2015-11-01,United States of America,VTT,Enterprise,SCENARIO,1585.2806396484375,125.0,120.0,0.12,,scenario_engine_v1
SCN_003,USA Q3 Unit COGS Inflation,FORECAST,2015-11-01,United States of America,Velo,Government,SCENARIO,1462.6466064453125,7.0,5.0,0.0699999999999999,,scenario_engine_v1
SCN_003,USA Q3 Unit COGS Inflation,FORECAST,2015-12-01,Canada,Amarilla,Small Business,SCENARIO,1483.2279052734375,300.0,250.0,0.02,,scenario_engine_v1
SCN_003,USA Q3 Unit COGS Inflation,FORECAST,2015-12-01,Canada,Carretera,Government,SCENARIO,1853.9566650390625,350.0,260.0,0.02,,scenario_engine_v1
SCN_003,USA Q3 Unit COGS Inflation,FORECAST,2015-12-01,Canada,Carretera,Midmarket,SCENARIO,1660.093994140625,15.0,10.0,0.14,,scenario_engine_v1
SCN_003,USA Q3 Unit COGS Inflation,FORECAST,2015-12-01,Canada,Montana,Midmarket,SCENARIO,1953.82666015625,15.0,10.0,0.14,,scenario_engine_v1
SCN_003,USA Q3 Unit COGS Inflation,FORECAST,2015-12-01,Canada,Paseo,Channel Partners,SCENARIO,1667.4337158203125,12.0,3.0,0.0499999999999999,,scenario_engine_v1
SCN_003,USA Q3 Unit COGS Inflation,FORECAST,2015-12-01,Canada,Paseo,Enterprise,SCENARIO,1695.952392578125,125.0,120.0,0.02,,scenario_engine_v1
SCN_003,USA Q3 Unit COGS Inflation,FORECAST,2015-12-01,Canada,Paseo,Government,SCENARIO,1561.5516357421875,221.57635467980296,162.70935960591132,0.0192974655402401,,scenario_engine_v1
SCN_003,USA Q3 Unit COGS Inflation,FORECAST,2015-12-01,Canada,Paseo,Small Business,SCENARIO,1575.5537109375,300.0,250.0,0.02,,scenario_engine_v1
SCN_003,USA Q3 Unit COGS Inflation,FORECAST,2015-12-01,Canada,VTT,Enterprise,SCENARIO,1699.8668212890625,125.0,120.0,0.02,,scenario_engine_v1
SCN_003,USA Q3 Unit COGS Inflation,FORECAST,2015-12-01,Canada,VTT,Government,SCENARIO,1822.7825927734373,13.949396881435716,7.672844954398353,0.0163491795672164,,scenario_engine_v1
SCN_003,USA Q3 Unit COGS Inflation,FORECAST,2015-12-01,Canada,Velo,Channel Partners,SCENARIO,1684.11767578125,12.0,3.0,0.0499999999999999,,scenario_engine_v1
SCN_003,USA Q3 Unit COGS Inflation,FORECAST,2015-12-01,Canada,Velo,Government,SCENARIO,1735.011962890625,7.0,5.0,0.0699999999999999,,scenario_engine_v1
SCN_003,USA Q3 Unit COGS Inflation,FORECAST,2015-12-01,France,Amarilla,Midmarket,SCENARIO,1357.44384765625,15.0,10.0,0.1,,scenario_engine_v1
SCN_003,USA Q3 Unit COGS Inflation,FORECAST,2015-12-01,France,Amarilla,Small Business,SCENARIO,1727.012451171875,300.0,250.0,0.1,,scenario_engine_v1
SCN_003,USA Q3 Unit COGS Inflation,FORECAST,2015-12-01,France,Carretera,Government,SCENARIO,1682.3629150390625,166.23416630762603,123.38108573890564,0.0109024193328918,,scenario_engine_v1
SCN_003,USA Q3 Unit COGS Inflation,FORECAST,2015-12-01,France,Montana,Enterprise,SCENARIO,1789.5101318359375,125.0,120.0,0.03,,scenario_engine_v1
SCN_003,USA Q3 Unit COGS Inflation,FORECAST,2015-12-01,France,Montana,Midmarket,SCENARIO,1902.2725830078125,15.0,10.0,0.1,,scenario_engine_v1
SCN_003,USA Q3 Unit COGS Inflation,FORECAST,2015-12-01,France,Paseo,Channel Partners,SCENARIO,1637.7523193359375,12.0,3.0,0.02,,scenario_engine_v1
SCN_003,USA Q3 Unit COGS Inflation,FORECAST,2015-12-01,France,Paseo,Enterprise,SCENARIO,1653.3892822265625,125.0,120.0,0.03,,scenario_engine_v1
SCN_003,USA Q3 Unit COGS Inflation,FORECAST,2015-12-01,France,Paseo,Government,SCENARIO,1545.2374267578125,310.5024509803921,230.07761437908496,0.0110793174672086,,scenario_engine_v1
SCN_003,USA Q3 Unit COGS Inflation,FORECAST,2015-12-01,France,VTT,Government,SCENARIO,1631.72705078125,8.370143884892085,5.526978417266187,0.0751837208302892,,scenario_engine_v1
SCN_003,USA Q3 Unit COGS Inflation,FORECAST,2015-12-01,France,Velo,Channel Partners,SCENARIO,1644.1231689453125,12.0,3.0,0.02,,scenario_engine_v1
SCN_003,USA Q3 Unit COGS Inflation,FORECAST,2015-12-01,France,Velo,Small Business,SCENARIO,1488.2236328125,300.0,250.0,0.1,,scenario_engine_v1
SCN_003,USA Q3 Unit COGS Inflation,FORECAST,2015-12-01,Germany,Amarilla,Midmarket,SCENARIO,1667.8514404296875,15.0,10.0,0.08,,scenario_engine_v1
SCN_003,USA Q3 Unit COGS Inflation,FORECAST,2015-12-01,Germany,Amarilla,Small Business,SCENARIO,1437.5279541015625,300.0,250.0,0.05,,scenario_engine_v1
SCN_003,USA Q3 Unit COGS Inflation,FORECAST,2015-12-01,Germany,Carretera,Government,SCENARIO,1528.9599609375,296.43614054657,220.17847183491355,0.0005162649809034,,scenario_engine_v1
SCN_003,USA Q3 Unit COGS Inflation,FORECAST,2015-12-01,Germany,Montana,Enterprise,SCENARIO,1568.3338623046875,125.0,120.0,0.03,,scenario_engine_v1
SCN_003,USA Q3 Unit COGS Inflation,FORECAST,2015-12-01,Germany,Montana,Midmarket,SCENARIO,1873.7266845703125,15.0,10.0,0.08,,scenario_engine_v1
SCN_003,USA Q3 Unit COGS Inflation,FORECAST,2015-12-01,Germany,Paseo,Channel Partners,SCENARIO,1144.5521240234375,12.0,3.0,0.13,,scenario_engine_v1
SCN_003,USA Q3 Unit COGS Inflation,FORECAST,2015-12-01,Germany,Paseo,Enterprise,SCENARIO,1539.656494140625,125.0,120.0,0.03,,scenario_engine_v1
SCN_003,USA Q3 Unit COGS Inflation,FORECAST,2015-12-01,Germany,Paseo,Government,SCENARIO,1541.1632080078125,184.02431011826545,134.26084099868595,0.0065594373136726,,scenario_engine_v1
SCN_003,USA Q3 Unit COGS Inflation,FORECAST,2015-12-01,Germany,VTT,Government,SCENARIO,1590.6243896484375,17.990060739922694,9.226946438431806,0.1212031921424186,,scenario_engine_v1
SCN_003,USA Q3 Unit COGS Inflation,FORECAST,2015-12-01,Germany,Velo,Channel Partners,SCENARIO,1562.3997802734375,12.0,3.0,0.13,,scenario_engine_v1
SCN_003,USA Q3 Unit COGS Inflation,FORECAST,2015-12-01,Germany,Velo,Small Business,SCENARIO,1387.964599609375,300.0,250.0,0.05,,scenario_engine_v1
SCN_003,USA Q3 Unit COGS Inflation,FORECAST,2015-12-01,Mexico,Amarilla,Midmarket,SCENARIO,1415.6099853515625,15.0,10.0,0.11,,scenario_engine_v1
SCN_003,USA Q3 Unit COGS Inflation,FORECAST,2015-12-01,Mexico,Amarilla,Small Business,SCENARIO,1668.87744140625,300.0,250.0,0.08,,scenario_engine_v1
SCN_003,USA Q3 Unit COGS Inflation,FORECAST,2015-12-01,Mexico,Carretera,Government,SCENARIO,1680.837646484375,255.09665427509293,189.445034519384,0.0800759242797394,,scenario_engine_v1
SCN_003,USA Q3 Unit COGS Inflation,FORECAST,2015-12-01,Mexico,Montana,Enterprise,SCENARIO,1679.723388671875,125.0,120.0,0.04,,scenario_engine_v1
SCN_003,USA Q3 Unit COGS Inflation,FORECAST,2015-12-01,Mexico,Montana,Midmarket,SCENARIO,1517.729248046875,15.0,10.0,0.11,,scenario_engine_v1
SCN_003,USA Q3 Unit COGS Inflation,FORECAST,2015-12-01,Mexico,Paseo,Channel Partners,SCENARIO,1645.330078125,12.0,3.0,0.02,,scenario_engine_v1
SCN_003,USA Q3 Unit COGS Inflation,FORECAST,2015-12-01,Mexico,Paseo,Enterprise,SCENARIO,1581.3499755859375,125.0,120.0,0.04,,scenario_engine_v1
SCN_003,USA Q3 Unit COGS Inflation,FORECAST,2015-12-01,Mexico,Paseo,Government,SCENARIO,1391.2833251953125,193.2023121387284,141.21387283236993,0.0819674485399712,,scenario_engine_v1
SCN_003,USA Q3 Unit COGS Inflation,FORECAST,2015-12-01,Mexico,VTT,Government,SCENARIO,1516.685302734375,16.13854047890536,8.514823261117446,0.116134878298654,,scenario_engine_v1
SCN_003,USA Q3 Unit COGS Inflation,FORECAST,2015-12-01,Mexico,Velo,Channel Partners,SCENARIO,1617.0184326171875,12.0,3.0,0.02,,scenario_engine_v1
SCN_003,USA Q3 Unit COGS Inflation,FORECAST,2015-12-01,Mexico,Velo,Small Business,SCENARIO,1451.947021484375,300.0,250.0,0.08,,scenario_engine_v1
SCN_003,USA Q3 Unit COGS Inflation,FORECAST,2015-12-01,United States of America,Amarilla,Midmarket,SCENARIO,1955.309326171875,15.0,10.0,0.0,,scenario_engine_v1
SCN_003,USA Q3 Unit COGS Inflation,FORECAST,2015-12-01,United States of America,Amarilla,Small Business,SCENARIO,1840.736328125,300.0,250.0,0.07,,scenario_engine_v1
SCN_003,USA Q3 Unit COGS Inflation,FORECAST,2015-12-01,United States of America,Carretera,Government,SCENARIO,1877.6883544921875,118.35308056872036,87.78436018957346,0.0403994393833216,,scenario_engine_v1
SCN_003,USA Q3 Unit COGS Inflation,FORECAST,2015-12-01,United States of America,Montana,Enterprise,SCENARIO,1833.1380615234373,125.0,120.0,0.09,,scenario_engine_v1
SCN_003,USA Q3 Unit COGS Inflation,FORECAST,2015-12-01,United States of America,Montana,Midmarket,SCENARIO,1888.511474609375,15.0,10.0,0.0,,scenario_engine_v1
SCN_003,USA Q3 Unit COGS Inflation,FORECAST,2015-12-01,United States of America,Paseo,Channel Partners,SCENARIO,1544.38525390625,12.0,3.0,0.15,,scenario_engine_v1
SCN_003,USA Q3 Unit COGS Inflation,FORECAST,2015-12-01,United States of America,Paseo,Enterprise,SCENARIO,1463.5052490234375,125.0,120.0,0.09,,scenario_engine_v1
SCN_003,USA Q3 Unit COGS Inflation,FORECAST,2015-12-01,United States of America,Paseo,Government,SCENARIO,1630.078857421875,50.78651685393258,33.3231188287368,0.0435706623759721,,scenario_engine_v1
SCN_003,USA Q3 Unit COGS Inflation,FORECAST,2015-12-01,United States of America,VTT,Government,SCENARIO,1637.3359375,17.708011135168576,9.118465821218685,0.05,,scenario_engine_v1
SCN_003,USA Q3 Unit COGS Inflation,FORECAST,2015-12-01,United States of America,Velo,Channel Partners,SCENARIO,1788.656494140625,12.0,3.0,0.15,,scenario_engine_v1
SCN_003,USA Q3 Unit COGS Inflation,FORECAST,2015-12-01,United States of America,Velo,Small Business,SCENARIO,1787.2490234375,300.0,250.0,0.07,,scenario_engine_v1
SCN_004,France FY Marketing OPEX Reduction,FORECAST,2015-01-01,Canada,Amarilla,Enterprise,SCENARIO,1789.032958984375,125.0,120.0,0.13,,scenario_engine_v1
SCN_004,France FY Marketing OPEX Reduction,FORECAST,2015-01-01,Canada,Carretera,Government,SCENARIO,2160.936279296875,20.0,10.0,0.0,,scenario_engine_v1
SCN_004,France FY Marketing OPEX Reduction,FORECAST,2015-01-01,Canada,Montana,Government,SCENARIO,1621.55908203125,350.0,260.0,0.14,,scenario_engine_v1
SCN_004,France FY Marketing OPEX Reduction,FORECAST,2015-01-01,Canada,Paseo,Government,SCENARIO,1781.8594970703125,7.0,5.0,0.04,,scenario_engine_v1
SCN_004,France FY Marketing OPEX Reduction,FORECAST,2015-01-01,Canada,Paseo,Small Business,SCENARIO,1682.72021484375,300.0,250.0,0.11,,scenario_engine_v1
SCN_004,France FY Marketing OPEX Reduction,FORECAST,2015-01-01,Canada,VTT,Channel Partners,SCENARIO,1457.2059326171875,12.0,3.0,0.07,,scenario_engine_v1
SCN_004,France FY Marketing OPEX Reduction,FORECAST,2015-01-01,Canada,Velo,Midmarket,SCENARIO,1292.6082763671875,15.0,10.0,0.1099999999999999,,scenario_engine_v1
SCN_004,France FY Marketing OPEX Reduction,FORECAST,2015-01-01,France,Amarilla,Enterprise,SCENARIO,1989.0201416015625,125.0,120.0,0.06,,scenario_engine_v1
SCN_004,France FY Marketing OPEX Reduction,FORECAST,2015-01-01,France,Carretera,Government,SCENARIO,1578.4130859375,20.0,10.0,0.12,,scenario_engine_v1
SCN_004,France FY Marketing OPEX Reduction,FORECAST,2015-01-01,France,Montana,Government,SCENARIO,2061.78564453125,350.0,260.0,0.05,,scenario_engine_v1
SCN_004,France FY Marketing OPEX Reduction,FORECAST,2015-01-01,France,Paseo,Government,SCENARIO,1574.826171875,7.0,5.0,0.0099999999999999,,scenario_engine_v1
SCN_004,France FY Marketing OPEX Reduction,FORECAST,2015-01-01,France,Paseo,Small Business,SCENARIO,1406.73095703125,300.0,250.0,0.03,,scenario_engine_v1
SCN_004,France FY Marketing OPEX Reduction,FORECAST,2015-01-01,France,VTT,Channel Partners,SCENARIO,1618.6741943359375,12.0,3.0,0.11,,scenario_engine_v1
SCN_004,France FY Marketing OPEX Reduction,FORECAST,2015-01-01,France,Velo,Midmarket,SCENARIO,1961.3250732421875,15.0,10.0,0.13,,scenario_engine_v1
SCN_004,France FY Marketing OPEX Reduction,FORECAST,2015-01-01,Germany,Amarilla,Enterprise,SCENARIO,1675.8673095703125,125.0,120.0,0.11,,scenario_engine_v1
SCN_004,France FY Marketing OPEX Reduction,FORECAST,2015-01-01,Germany,Carretera,Government,SCENARIO,2114.961669921875,20.0,10.0,0.0,,scenario_engine_v1
SCN_004,France FY Marketing OPEX Reduction,FORECAST,2015-01-01,Germany,Montana,Government,SCENARIO,2079.87841796875,350.0,260.0,0.11,,scenario_engine_v1
SCN_004,France FY Marketing OPEX Reduction,FORECAST,2015-01-01,Germany,Paseo,Government,SCENARIO,1527.6524658203125,7.0,5.0,0.0499999999999999,,scenario_engine_v1
SCN_004,France FY Marketing OPEX Reduction,FORECAST,2015-01-01,Germany,Paseo,Small Business,SCENARIO,1668.3631591796875,300.0,250.0,0.13,,scenario_engine_v1
SCN_004,France FY Marketing OPEX Reduction,FORECAST,2015-01-01,Germany,VTT,Channel Partners,SCENARIO,1917.331787109375,12.0,3.0,0.03,,scenario_engine_v1
SCN_004,France FY Marketing OPEX Reduction,FORECAST,2015-01-01,Germany,Velo,Midmarket,SCENARIO,1178.7801513671875,15.0,10.0,0.1,,scenario_engine_v1
SCN_004,France FY Marketing OPEX Reduction,FORECAST,2015-01-01,Mexico,Amarilla,Government,SCENARIO,1238.6558837890625,20.0,10.0,0.11,,scenario_engine_v1
SCN_004,France FY Marketing OPEX Reduction,FORECAST,2015-01-01,Mexico,Montana,Channel Partners,SCENARIO,1933.2977294921875,12.0,3.0,0.0699999999999999,,scenario_engine_v1
SCN_004,France FY Marketing OPEX Reduction,FORECAST,2015-01-01,Mexico,Paseo,Government,SCENARIO,1756.71728515625,350.0,260.0,0.09,,scenario_engine_v1
SCN_004,France FY Marketing OPEX Reduction,FORECAST,2015-01-01,Mexico,Paseo,Small Business,SCENARIO,1273.9197998046875,300.0,250.0,0.09,,scenario_engine_v1
SCN_004,France FY Marketing OPEX Reduction,FORECAST,2015-01-01,Mexico,VTT,Enterprise,SCENARIO,1482.142578125,125.0,120.0,0.11,,scenario_engine_v1
SCN_004,France FY Marketing OPEX Reduction,FORECAST,2015-01-01,Mexico,Velo,Government,SCENARIO,2016.3892822265625,7.0,5.0,0.0,,scenario_engine_v1
SCN_004,France FY Marketing OPEX Reduction,FORECAST,2015-01-01,Mexico,Velo,Midmarket,SCENARIO,1906.58837890625,15.0,10.0,0.05,,scenario_engine_v1
SCN_004,France FY Marketing OPEX Reduction,FORECAST,2015-01-01,United States of America,Amarilla,Enterprise,SCENARIO,1912.79736328125,125.0,120.0,0.1,,scenario_engine_v1
SCN_004,France FY Marketing OPEX Reduction,FORECAST,2015-01-01,United States of America,Carretera,Government,SCENARIO,1718.789794921875,20.0,10.0,0.06,,scenario_engine_v1
SCN_004,France FY Marketing OPEX Reduction,FORECAST,2015-01-01,United States of America,Montana,Government,SCENARIO,1685.25830078125,350.0,260.0,0.13,,scenario_engine_v1
SCN_004,France FY Marketing OPEX Reduction,FORECAST,2015-01-01,United States of America,Paseo,Government,SCENARIO,2039.66845703125,7.0,5.0,0.13,,scenario_engine_v1
SCN_004,France FY Marketing OPEX Reduction,FORECAST,2015-01-01,United States of America,Paseo,Small Business,SCENARIO,1818.3084716796875,300.0,250.0,0.12,,scenario_engine_v1
SCN_004,France FY Marketing OPEX Reduction,FORECAST,2015-01-01,United States of America,VTT,Channel Partners,SCENARIO,1583.9173583984375,12.0,3.0,0.09,,scenario_engine_v1
SCN_004,France FY Marketing OPEX Reduction,FORECAST,2015-01-01,United States of America,Velo,Midmarket,SCENARIO,1947.654541015625,15.0,10.0,0.05,,scenario_engine_v1
SCN_004,France FY Marketing OPEX Reduction,FORECAST,2015-02-01,Canada,Amarilla,Government,SCENARIO,1477.0206298828125,350.0,260.0,0.1,,scenario_engine_v1
SCN_004,France FY Marketing OPEX Reduction,FORECAST,2015-02-01,Canada,Carretera,Channel Partners,SCENARIO,1512.1624755859375,12.0,3.0,0.11,,scenario_engine_v1
SCN_004,France FY Marketing OPEX Reduction,FORECAST,2015-02-01,Canada,Montana,Government,SCENARIO,1529.8531494140625,7.0,5.0,0.0799999999999999,,scenario_engine_v1
SCN_004,France FY Marketing OPEX Reduction,FORECAST,2015-02-01,Canada,Paseo,Government,SCENARIO,1483.6915283203125,20.0,10.0,0.0,,scenario_engine_v1
SCN_004,France FY Marketing OPEX Reduction,FORECAST,2015-02-01,Canada,Paseo,Midmarket,SCENARIO,1761.2095947265625,15.0,10.0,0.02,,scenario_engine_v1
SCN_004,France FY Marketing OPEX Reduction,FORECAST,2015-02-01,Canada,VTT,Small Business,SCENARIO,1336.7364501953125,300.0,250.0,0.0,,scenario_engine_v1
SCN_004,France FY Marketing OPEX Reduction,FORECAST,2015-02-01,Canada,Velo,Enterprise,SCENARIO,1785.7667236328125,125.0,120.0,0.06,,scenario_engine_v1
SCN_004,France FY Marketing OPEX Reduction,FORECAST,2015-02-01,France,Amarilla,Government,SCENARIO,1815.4757080078125,350.0,260.0,0.0,,scenario_engine_v1
SCN_004,France FY Marketing OPEX Reduction,FORECAST,2015-02-01,France,Carretera,Channel Partners,SCENARIO,1683.64453125,12.0,3.0,0.05,,scenario_engine_v1
SCN_004,France FY Marketing OPEX Reduction,FORECAST,2015-02-01,France,Montana,Government,SCENARIO,1771.2247314453125,7.0,5.0,0.1399999999999999,,scenario_engine_v1
SCN_004,France FY Marketing OPEX Reduction,FORECAST,2015-02-01,France,Paseo,Government,SCENARIO,1594.8953857421875,20.0,10.0,0.05,,scenario_engine_v1
SCN_004,France FY Marketing OPEX Reduction,FORECAST,2015-02-01,France,Paseo,Midmarket,SCENARIO,1554.2906494140625,15.0,10.0,0.0099999999999999,,scenario_engine_v1
SCN_004,France FY Marketing OPEX Reduction,FORECAST,2015-02-01,France,VTT,Small Business,SCENARIO,1630.1224365234375,300.0,250.0,0.07,,scenario_engine_v1
SCN_004,France FY Marketing OPEX Reduction,FORECAST,2015-02-01,France,Velo,Enterprise,SCENARIO,1841.8748779296875,125.0,120.0,0.0,,scenario_engine_v1
SCN_004,France FY Marketing OPEX Reduction,FORECAST,2015-02-01,Germany,Amarilla,Government,SCENARIO,1388.7628173828125,350.0,260.0,0.05,,scenario_engine_v1
SCN_004,France FY Marketing OPEX Reduction,FORECAST,2015-02-01,Germany,Carretera,Channel Partners,SCENARIO,1757.0181884765625,12.0,3.0,0.05,,scenario_engine_v1
SCN_004,France FY Marketing OPEX Reduction,FORECAST,2015-02-01,Germany,Montana,Government,SCENARIO,1568.257568359375,7.0,5.0,0.03,,scenario_engine_v1
SCN_004,France FY Marketing OPEX Reduction,FORECAST,2015-02-01,Germany,Paseo,Government,SCENARIO,1613.5479736328125,20.0,10.0,0.13,,scenario_engine_v1
SCN_004,France FY Marketing OPEX Reduction,FORECAST,2015-02-01,Germany,Paseo,Midmarket,SCENARIO,1509.1048583984375,15.0,10.0,0.1399999999999999,,scenario_engine_v1
SCN_004,France FY Marketing OPEX Reduction,FORECAST,2015-02-01,Germany,VTT,Small Business,SCENARIO,1532.94482421875,300.0,250.0,0.09,,scenario_engine_v1
SCN_004,France FY Marketing OPEX Reduction,FORECAST,2015-02-01,Germany,Velo,Enterprise,SCENARIO,1744.822509765625,125.0,120.0,0.05,,scenario_engine_v1
SCN_004,France FY Marketing OPEX Reduction,FORECAST,2015-02-01,Mexico,Amarilla,Government,SCENARIO,1257.847412109375,350.0,260.0,0.04,,scenario_engine_v1
SCN_004,France FY Marketing OPEX Reduction,FORECAST,2015-02-01,Mexico,Carretera,Channel Partners,SCENARIO,1200.2596435546875,12.0,3.0,0.0699999999999999,,scenario_engine_v1
SCN_004,France FY Marketing OPEX Reduction,FORECAST,2015-02-01,Mexico,Montana,Government,SCENARIO,1564.1175537109375,7.0,5.0,0.15,,scenario_engine_v1
SCN_004,France FY Marketing OPEX Reduction,FORECAST,2015-02-01,Mexico,Paseo,Government,SCENARIO,1585.853271484375,20.0,10.0,0.14,,scenario_engine_v1
SCN_004,France FY Marketing OPEX Reduction,FORECAST,2015-02-01,Mexico,Paseo,Midmarket,SCENARIO,1526.2412109375,15.0,10.0,0.0,,scenario_engine_v1
SCN_004,France FY Marketing OPEX Reduction,FORECAST,2015-02-01,Mexico,VTT,Small Business,SCENARIO,1357.9654541015625,300.0,250.0,0.07,,scenario_engine_v1
SCN_004,France FY Marketing OPEX Reduction,FORECAST,2015-02-01,Mexico,Velo,Enterprise,SCENARIO,1803.222900390625,125.0,120.0,0.14,,scenario_engine_v1
SCN_004,France FY Marketing OPEX Reduction,FORECAST,2015-02-01,United States of America,Amarilla,Government,SCENARIO,1776.5338134765625,350.0,260.0,0.12,,scenario_engine_v1
SCN_004,France FY Marketing OPEX Reduction,FORECAST,2015-02-01,United States of America,Carretera,Channel Partners,SCENARIO,1681.50341796875,12.0,3.0,0.01,,scenario_engine_v1
SCN_004,France FY Marketing OPEX Reduction,FORECAST,2015-02-01,United States of America,Montana,Government,SCENARIO,1513.6568603515625,7.0,5.0,0.13,,scenario_engine_v1
SCN_004,France FY Marketing OPEX Reduction,FORECAST,2015-02-01,United States of America,Paseo,Government,SCENARIO,1450.78076171875,20.0,10.0,0.13,,scenario_engine_v1
SCN_004,France FY Marketing OPEX Reduction,FORECAST,2015-02-01,United States of America,Paseo,Midmarket,SCENARIO,1512.0391845703125,15.0,10.0,0.01,,scenario_engine_v1
SCN_004,France FY Marketing OPEX Reduction,FORECAST,2015-02-01,United States of America,VTT,Small Business,SCENARIO,1802.767822265625,300.0,250.0,0.03,,scenario_engine_v1
SCN_004,France FY Marketing OPEX Reduction,FORECAST,2015-02-01,United States of America,Velo,Enterprise,SCENARIO,1836.86669921875,125.0,120.0,0.06,,scenario_engine_v1
SCN_004,France FY Marketing OPEX Reduction,FORECAST,2015-03-01,Canada,Amarilla,Small Business,SCENARIO,1636.054443359375,300.0,250.0,0.14,,scenario_engine_v1
SCN_004,France FY Marketing OPEX Reduction,FORECAST,2015-03-01,Canada,Carretera,Government,SCENARIO,1528.1685791015625,350.0,260.0,0.13,,scenario_engine_v1
SCN_004,France FY Marketing OPEX Reduction,FORECAST,2015-03-01,Canada,Montana,Midmarket,SCENARIO,1605.9288330078125,15.0,10.0,0.04,,scenario_engine_v1
SCN_004,France FY Marketing OPEX Reduction,FORECAST,2015-03-01,Canada,Paseo,Enterprise,SCENARIO,1466.040283203125,125.0,120.0,0.03,,scenario_engine_v1
SCN_004,France FY Marketing OPEX Reduction,FORECAST,2015-03-01,Canada,Paseo,Government,SCENARIO,1574.1253662109375,20.0,10.0,0.1399999999999999,,scenario_engine_v1
SCN_004,France FY Marketing OPEX Reduction,FORECAST,2015-03-01,Canada,VTT,Government,SCENARIO,1838.4930419921875,7.0,5.0,0.0099999999999999,,scenario_engine_v1
SCN_004,France FY Marketing OPEX Reduction,FORECAST,2015-03-01,Canada,Velo,Channel Partners,SCENARIO,1767.7861328125,12.0,3.0,0.08,,scenario_engine_v1
SCN_004,France FY Marketing OPEX Reduction,FORECAST,2015-03-01,France,Amarilla,Small Business,SCENARIO,1380.2845458984375,300.0,250.0,0.15,,scenario_engine_v1
SCN_004,France FY Marketing OPEX Reduction,FORECAST,2015-03-01,France,Carretera,Government,SCENARIO,1615.2325439453125,350.0,260.0,0.13,,scenario_engine_v1
SCN_004,France FY Marketing OPEX Reduction,FORECAST,2015-03-01,France,Montana,Midmarket,SCENARIO,1470.6182861328125,15.0,10.0,0.08,,scenario_engine_v1
SCN_004,France FY Marketing OPEX Reduction,FORECAST,2015-03-01,France,Paseo,Enterprise,SCENARIO,1634.60546875,125.0,120.0,0.05,,scenario_engine_v1
SCN_004,France FY Marketing OPEX Reduction,FORECAST,2015-03-01,France,Paseo,Government,SCENARIO,1874.7227783203125,20.0,10.0,0.1,,scenario_engine_v1
SCN_004,France FY Marketing OPEX Reduction,FORECAST,2015-03-01,France,VTT,Government,SCENARIO,1405.618408203125,7.0,5.0,0.12,,scenario_engine_v1
SCN_004,France FY Marketing OPEX Reduction,FORECAST,2015-03-01,France,Velo,Channel Partners,SCENARIO,1354.230224609375,12.0,3.0,0.09,,scenario_engine_v1
SCN_004,France FY Marketing OPEX Reduction,FORECAST,2015-03-01,Germany,Amarilla,Small Business,SCENARIO,1307.18798828125,300.0,250.0,0.02,,scenario_engine_v1
SCN_004,France FY Marketing OPEX Reduction,FORECAST,2015-03-01,Germany,Carretera,Government,SCENARIO,1320.1241455078125,350.0,260.0,0.11,,scenario_engine_v1
SCN_004,France FY Marketing OPEX Reduction,FORECAST,2015-03-01,Germany,Montana,Midmarket,SCENARIO,1471.0400390625,15.0,10.0,0.0,,scenario_engine_v1
SCN_004,France FY Marketing OPEX Reduction,FORECAST,2015-03-01,Germany,Paseo,Enterprise,SCENARIO,1456.765869140625,125.0,120.0,0.04,,scenario_engine_v1
SCN_004,France FY Marketing OPEX Reduction,FORECAST,2015-03-01,Germany,Paseo,Government,SCENARIO,1294.0611572265625,20.0,10.0,0.15,,scenario_engine_v1
SCN_004,France FY Marketing OPEX Reduction,FORECAST,2015-03-01,Germany,VTT,Government,SCENARIO,1243.3612060546875,7.0,5.0,0.01,,scenario_engine_v1
SCN_004,France FY Marketing OPEX Reduction,FORECAST,2015-03-01,Germany,Velo,Channel Partners,SCENARIO,1044.1390380859375,12.0,3.0,0.0,,scenario_engine_v1
SCN_004,France FY Marketing OPEX Reduction,FORECAST,2015-03-01,Mexico,Amarilla,Small Business,SCENARIO,1518.0450439453125,300.0,250.0,0.02,,scenario_engine_v1
SCN_004,France FY Marketing OPEX Reduction,FORECAST,2015-03-01,Mexico,Carretera,Government,SCENARIO,1449.756591796875,350.0,260.0,0.01,,scenario_engine_v1
SCN_004,France FY Marketing OPEX Reduction,FORECAST,2015-03-01,Mexico,Montana,Midmarket,SCENARIO,1478.004150390625,15.0,10.0,0.01,,scenario_engine_v1
SCN_004,France FY Marketing OPEX Reduction,FORECAST,2015-03-01,Mexico,Paseo,Enterprise,SCENARIO,1407.54736328125,125.0,120.0,0.08,,scenario_engine_v1
SCN_004,France FY Marketing OPEX Reduction,FORECAST,2015-03-01,Mexico,Paseo,Government,SCENARIO,1692.7867431640625,20.0,10.0,0.11,,scenario_engine_v1
SCN_004,France FY Marketing OPEX Reduction,FORECAST,2015-03-01,Mexico,VTT,Government,SCENARIO,1323.8714599609375,7.0,5.0,0.14,,scenario_engine_v1
SCN_004,France FY Marketing OPEX Reduction,FORECAST,2015-03-01,Mexico,Velo,Channel Partners,SCENARIO,1133.4698486328125,12.0,3.0,0.15,,scenario_engine_v1
SCN_004,France FY Marketing OPEX Reduction,FORECAST,2015-03-01,United States of America,Amarilla,Small Business,SCENARIO,1456.1376953125,300.0,250.0,0.1,,scenario_engine_v1
SCN_004,France FY Marketing OPEX Reduction,FORECAST,2015-03-01,United States of America,Carretera,Government,SCENARIO,1986.92041015625,350.0,260.0,0.07,,scenario_engine_v1
SCN_004,France FY Marketing OPEX Reduction,FORECAST,2015-03-01,United States of America,Montana,Midmarket,SCENARIO,1806.076171875,15.0,10.0,0.12,,scenario_engine_v1
SCN_004,France FY Marketing OPEX Reduction,FORECAST,2015-03-01,United States of America,Paseo,Enterprise,SCENARIO,1630.119384765625,125.0,120.0,0.05,,scenario_engine_v1
SCN_004,France FY Marketing OPEX Reduction,FORECAST,2015-03-01,United States of America,Paseo,Government,SCENARIO,1473.3736572265625,20.0,10.0,0.09,,scenario_engine_v1
SCN_004,France FY Marketing OPEX Reduction,FORECAST,2015-03-01,United States of America,VTT,Government,SCENARIO,1769.2813720703125,7.0,5.0,0.1099999999999999,,scenario_engine_v1
SCN_004,France FY Marketing OPEX Reduction,FORECAST,2015-03-01,United States of America,Velo,Channel Partners,SCENARIO,1479.5599365234375,12.0,3.0,0.04,,scenario_engine_v1
SCN_004,France FY Marketing OPEX Reduction,FORECAST,2015-04-01,Canada,Amarilla,Channel Partners,SCENARIO,1561.45849609375,12.0,3.0,0.1,,scenario_engine_v1
SCN_004,France FY Marketing OPEX Reduction,FORECAST,2015-04-01,Canada,Carretera,Enterprise,SCENARIO,1601.8919677734375,125.0,120.0,0.02,,scenario_engine_v1
SCN_004,France FY Marketing OPEX Reduction,FORECAST,2015-04-01,Canada,Montana,Small Business,SCENARIO,1497.5545654296875,300.0,250.0,0.09,,scenario_engine_v1
SCN_004,France FY Marketing OPEX Reduction,FORECAST,2015-04-01,Canada,Paseo,Government,SCENARIO,1642.8536376953125,7.0,5.0,0.15,,scenario_engine_v1
SCN_004,France FY Marketing OPEX Reduction,FORECAST,2015-04-01,Canada,Paseo,Midmarket,SCENARIO,1008.7206420898438,15.0,10.0,0.15,,scenario_engine_v1
SCN_004,France FY Marketing OPEX Reduction,FORECAST,2015-04-01,Canada,VTT,Government,SCENARIO,1525.15869140625,350.0,260.0,0.01,,scenario_engine_v1
SCN_004,France FY Marketing OPEX Reduction,FORECAST,2015-04-01,Canada,Velo,Government,SCENARIO,1607.1246337890625,20.0,10.0,0.03,,scenario_engine_v1
SCN_004,France FY Marketing OPEX Reduction,FORECAST,2015-04-01,France,Carretera,Enterprise,SCENARIO,1934.17333984375,125.0,120.0,0.03,,scenario_engine_v1
SCN_004,France FY Marketing OPEX Reduction,FORECAST,2015-04-01,France,Montana,Small Business,SCENARIO,1746.514892578125,300.0,250.0,0.12,,scenario_engine_v1
SCN_004,France FY Marketing OPEX Reduction,FORECAST,2015-04-01,France,Paseo,Government,SCENARIO,1667.630126953125,7.0,5.0,0.1099999999999999,,scenario_engine_v1
SCN_004,France FY Marketing OPEX Reduction,FORECAST,2015-04-01,France,Paseo,Midmarket,SCENARIO,2179.221923828125,15.0,10.0,0.0599999999999999,,scenario_engine_v1
SCN_004,France FY Marketing OPEX Reduction,FORECAST,2015-04-01,France,VTT,Channel Partners,SCENARIO,1806.1192626953125,12.0,3.0,0.0699999999999999,,scenario_engine_v1
SCN_004,France FY Marketing OPEX Reduction,FORECAST,2015-04-01,France,VTT,Government,SCENARIO,1563.082763671875,350.0,260.0,0.08,,scenario_engine_v1
SCN_004,France FY Marketing OPEX Reduction,FORECAST,2015-04-01,France,Velo,Government,SCENARIO,1732.3865966796875,20.0,10.0,0.01,,scenario_engine_v1
SCN_004,France FY Marketing OPEX Reduction,FORECAST,2015-04-01,Germany,Amarilla,Enterprise,SCENARIO,1542.845947265625,125.0,120.0,0.0,,scenario_engine_v1
SCN_004,France FY Marketing OPEX Reduction,FORECAST,2015-04-01,Germany,Carretera,Government,SCENARIO,1369.6365966796875,20.0,10.0,0.03,,scenario_engine_v1
SCN_004,France FY Marketing OPEX Reduction,FORECAST,2015-04-01,Germany,Montana,Government,SCENARIO,1696.0301513671875,350.0,260.0,0.14,,scenario_engine_v1
SCN_004,France FY Marketing OPEX Reduction,FORECAST,2015-04-01,Germany,Paseo,Government,SCENARIO,1515.7498779296875,7.0,5.0,0.08,,scenario_engine_v1
SCN_004,France FY Marketing OPEX Reduction,FORECAST,2015-04-01,Germany,Paseo,Small Business,SCENARIO,1498.3094482421875,300.0,250.0,0.04,,scenario_engine_v1
SCN_004,France FY Marketing OPEX Reduction,FORECAST,2015-04-01,Germany,VTT,Channel Partners,SCENARIO,1674.37744140625,12.0,3.0,0.0,,scenario_engine_v1
SCN_004,France FY Marketing OPEX Reduction,FORECAST,2015-04-01,Germany,Velo,Midmarket,SCENARIO,1198.92578125,15.0,10.0,0.1,,scenario_engine_v1
SCN_004,France FY Marketing OPEX Reduction,FORECAST,2015-04-01,Mexico,Amarilla,Enterprise,SCENARIO,1715.5340576171875,125.0,120.0,0.04,,scenario_engine_v1
SCN_004,France FY Marketing OPEX Reduction,FORECAST,2015-04-01,Mexico,Carretera,Government,SCENARIO,1495.56298828125,20.0,10.0,0.1399999999999999,,scenario_engine_v1
SCN_004,France FY Marketing OPEX Reduction,FORECAST,2015-04-01,Mexico,Montana,Government,SCENARIO,1439.8380126953125,350.0,260.0,0.06,,scenario_engine_v1
SCN_004,France FY Marketing OPEX Reduction,FORECAST,2015-04-01,Mexico,Paseo,Government,SCENARIO,1397.905517578125,7.0,5.0,0.15,,scenario_engine_v1
SCN_004,France FY Marketing OPEX Reduction,FORECAST,2015-04-01,Mexico,Paseo,Small Business,SCENARIO,1451.0272216796875,300.0,250.0,0.05,,scenario_engine_v1
SCN_004,France FY Marketing OPEX Reduction,FORECAST,2015-04-01,Mexico,VTT,Channel Partners,SCENARIO,1352.9332275390625,12.0,3.0,0.03,,scenario_engine_v1
SCN_004,France FY Marketing OPEX Reduction,FORECAST,2015-04-01,Mexico,Velo,Midmarket,SCENARIO,1790.48193359375,15.0,10.0,0.09,,scenario_engine_v1
SCN_004,France FY Marketing OPEX Reduction,FORECAST,2015-04-01,United States of America,Amarilla,Channel Partners,SCENARIO,1512.2093505859375,12.0,3.0,0.0,,scenario_engine_v1
SCN_004,France FY Marketing OPEX Reduction,FORECAST,2015-04-01,United States of America,Carretera,Enterprise,SCENARIO,1363.050048828125,125.0,120.0,0.1,,scenario_engine_v1
SCN_004,France FY Marketing OPEX Reduction,FORECAST,2015-04-01,United States of America,Montana,Small Business,SCENARIO,1571.256591796875,300.0,250.0,0.01,,scenario_engine_v1
SCN_004,France FY Marketing OPEX Reduction,FORECAST,2015-04-01,United States of America,Paseo,Government,SCENARIO,1648.322998046875,7.0,5.0,0.01,,scenario_engine_v1
SCN_004,France FY Marketing OPEX Reduction,FORECAST,2015-04-01,United States of America,Paseo,Midmarket,SCENARIO,1858.110595703125,15.0,10.0,0.09,,scenario_engine_v1
SCN_004,France FY Marketing OPEX Reduction,FORECAST,2015-04-01,United States of America,VTT,Government,SCENARIO,1592.1119384765625,350.0,260.0,0.09,,scenario_engine_v1
SCN_004,France FY Marketing OPEX Reduction,FORECAST,2015-04-01,United States of America,Velo,Government,SCENARIO,1684.8780517578125,20.0,10.0,0.14,,scenario_engine_v1
SCN_004,France FY Marketing OPEX Reduction,FORECAST,2015-05-01,Canada,Amarilla,Enterprise,SCENARIO,1593.98095703125,125.0,120.0,0.07,,scenario_engine_v1
SCN_004,France FY Marketing OPEX Reduction,FORECAST,2015-05-01,Canada,Carretera,Government,SCENARIO,1395.341064453125,20.0,10.0,0.03,,scenario_engine_v1
SCN_004,France FY Marketing OPEX Reduction,FORECAST,2015-05-01,Canada,Montana,Government,SCENARIO,1485.15625,350.0,260.0,0.14,,scenario_engine_v1
SCN_004,France FY Marketing OPEX Reduction,FORECAST,2015-05-01,Canada,Paseo,Government,SCENARIO,1670.9521484375,7.0,5.0,0.0799999999999999,,scenario_engine_v1
SCN_004,France FY Marketing OPEX Reduction,FORECAST,2015-05-01,Canada,Paseo,Small Business,SCENARIO,1514.859130859375,300.0,250.0,0.07,,scenario_engine_v1
SCN_004,France FY Marketing OPEX Reduction,FORECAST,2015-05-01,Canada,VTT,Channel Partners,SCENARIO,1613.8035888671875,12.0,3.0,0.12,,scenario_engine_v1
SCN_004,France FY Marketing OPEX Reduction,FORECAST,2015-05-01,Canada,Velo,Midmarket,SCENARIO,1628.571533203125,15.0,10.0,0.0699999999999999,,scenario_engine_v1
SCN_004,France FY Marketing OPEX Reduction,FORECAST,2015-05-01,France,Amarilla,Enterprise,SCENARIO,2034.7166748046875,125.0,120.0,0.11,,scenario_engine_v1
SCN_004,France FY Marketing OPEX Reduction,FORECAST,2015-05-01,France,Carretera,Government,SCENARIO,1701.192626953125,20.0,10.0,0.05,,scenario_engine_v1
SCN_004,France FY Marketing OPEX Reduction,FORECAST,2015-05-01,France,Montana,Government,SCENARIO,1760.6575927734375,350.0,260.0,0.09,,scenario_engine_v1
SCN_004,France FY Marketing OPEX Reduction,FORECAST,2015-05-01,France,Paseo,Government,SCENARIO,1733.1595458984375,7.0,5.0,0.0099999999999999,,scenario_engine_v1
SCN_004,France FY Marketing OPEX Reduction,FORECAST,2015-05-01,France,Paseo,Small Business,SCENARIO,1533.50732421875,300.0,250.0,0.02,,scenario_engine_v1
SCN_004,France FY Marketing OPEX Reduction,FORECAST,2015-05-01,France,VTT,Channel Partners,SCENARIO,1569.345947265625,12.0,3.0,0.04,,scenario_engine_v1
SCN_004,France FY Marketing OPEX Reduction,FORECAST,2015-05-01,France,Velo,Midmarket,SCENARIO,1715.4644775390625,15.0,10.0,0.15,,scenario_engine_v1
SCN_004,France FY Marketing OPEX Reduction,FORECAST,2015-05-01,Germany,Amarilla,Enterprise,SCENARIO,1347.2279052734375,125.0,120.0,0.02,,scenario_engine_v1
SCN_004,France FY Marketing OPEX Reduction,FORECAST,2015-05-01,Germany,Carretera,Government,SCENARIO,1789.2489013671875,20.0,10.0,0.09,,scenario_engine_v1
SCN_004,France FY Marketing OPEX Reduction,FORECAST,2015-05-01,Germany,Montana,Government,SCENARIO,1674.9879150390625,350.0,260.0,0.06,,scenario_engine_v1
SCN_004,France FY Marketing OPEX Reduction,FORECAST,2015-05-01,Germany,Paseo,Government,SCENARIO,1539.0836181640625,7.0,5.0,0.08,,scenario_engine_v1
SCN_004,France FY Marketing OPEX Reduction,FORECAST,2015-05-01,Germany,Paseo,Small Business,SCENARIO,1425.9134521484375,300.0,250.0,0.02,,scenario_engine_v1
SCN_004,France FY Marketing OPEX Reduction,FORECAST,2015-05-01,Germany,VTT,Channel Partners,SCENARIO,1416.224853515625,12.0,3.0,0.09,,scenario_engine_v1
SCN_004,France FY Marketing OPEX Reduction,FORECAST,2015-05-01,Germany,Velo,Midmarket,SCENARIO,1589.929443359375,15.0,10.0,0.06,,scenario_engine_v1
SCN_004,France FY Marketing OPEX Reduction,FORECAST,2015-05-01,Mexico,Amarilla,Government,SCENARIO,1337.9598388671875,20.0,10.0,0.1,,scenario_engine_v1
SCN_004,France FY Marketing OPEX Reduction,FORECAST,2015-05-01,Mexico,Montana,Channel Partners,SCENARIO,1242.443603515625,12.0,3.0,0.12,,scenario_engine_v1
SCN_004,France FY Marketing OPEX Reduction,FORECAST,2015-05-01,Mexico,Paseo,Government,SCENARIO,1488.0433349609375,350.0,260.0,0.15,,scenario_engine_v1
SCN_004,France FY Marketing OPEX Reduction,FORECAST,2015-05-01,Mexico,Paseo,Small Business,SCENARIO,1352.376220703125,300.0,250.0,0.1,,scenario_engine_v1
SCN_004,France FY Marketing OPEX Reduction,FORECAST,2015-05-01,Mexico,VTT,Enterprise,SCENARIO,1916.7867431640625,125.0,120.0,0.1,,scenario_engine_v1
SCN_004,France FY Marketing OPEX Reduction,FORECAST,2015-05-01,Mexico,Velo,Government,SCENARIO,1495.88916015625,7.0,5.0,0.01,,scenario_engine_v1
SCN_004,France FY Marketing OPEX Reduction,FORECAST,2015-05-01,Mexico,Velo,Midmarket,SCENARIO,1127.344970703125,15.0,10.0,0.09,,scenario_engine_v1
SCN_004,France FY Marketing OPEX Reduction,FORECAST,2015-05-01,United States of America,Amarilla,Enterprise,SCENARIO,1429.8876953125,125.0,120.0,0.14,,scenario_engine_v1
SCN_004,France FY Marketing OPEX Reduction,FORECAST,2015-05-01,United States of America,Carretera,Government,SCENARIO,1474.576416015625,20.0,10.0,0.1399999999999999,,scenario_engine_v1
SCN_004,France FY Marketing OPEX Reduction,FORECAST,2015-05-01,United States of America,Montana,Government,SCENARIO,1549.453125,350.0,260.0,0.1,,scenario_engine_v1
SCN_004,France FY Marketing OPEX Reduction,FORECAST,2015-05-01,United States of America,Paseo,Government,SCENARIO,1506.1884765625,7.0,5.0,0.05,,scenario_engine_v1
SCN_004,France FY Marketing OPEX Reduction,FORECAST,2015-05-01,United States of America,Paseo,Small Business,SCENARIO,1453.417236328125,300.0,250.0,0.04,,scenario_engine_v1
SCN_004,France FY Marketing OPEX Reduction,FORECAST,2015-05-01,United States of America,VTT,Channel Partners,SCENARIO,1691.597412109375,12.0,3.0,0.15,,scenario_engine_v1
SCN_004,France FY Marketing OPEX Reduction,FORECAST,2015-05-01,United States of America,Velo,Midmarket,SCENARIO,1549.4923095703125,15.0,10.0,0.1,,scenario_engine_v1
SCN_004,France FY Marketing OPEX Reduction,FORECAST,2015-06-01,Canada,Amarilla,Government,SCENARIO,1755.8692626953125,11.994031470428649,6.92078133478025,0.0764057905451255,,scenario_engine_v1
SCN_004,France FY Marketing OPEX Reduction,FORECAST,2015-06-01,Canada,Carretera,Midmarket,SCENARIO,1997.494873046875,15.0,10.0,0.06,,scenario_engine_v1
SCN_004,France FY Marketing OPEX Reduction,FORECAST,2015-06-01,Canada,Carretera,Small Business,SCENARIO,2009.16162109375,300.0,250.0,0.09,,scenario_engine_v1
SCN_004,France FY Marketing OPEX Reduction,FORECAST,2015-06-01,Canada,Montana,Channel Partners,SCENARIO,1843.30078125,12.0,3.0,0.0,,scenario_engine_v1
SCN_004,France FY Marketing OPEX Reduction,FORECAST,2015-06-01,Canada,Montana,Government,SCENARIO,1526.239013671875,20.0,10.0,0.08,,scenario_engine_v1
SCN_004,France FY Marketing OPEX Reduction,FORECAST,2015-06-01,Canada,Paseo,Channel Partners,SCENARIO,1778.8958740234375,12.0,3.0,0.0,,scenario_engine_v1
SCN_004,France FY Marketing OPEX Reduction,FORECAST,2015-06-01,Canada,Paseo,Enterprise,SCENARIO,1493.1522216796875,125.0,120.0,0.13,,scenario_engine_v1
SCN_004,France FY Marketing OPEX Reduction,FORECAST,2015-06-01,Canada,Paseo,Government,SCENARIO,1594.2525634765625,350.0,260.0,0.13,,scenario_engine_v1
SCN_004,France FY Marketing OPEX Reduction,FORECAST,2015-06-01,Canada,Paseo,Small Business,SCENARIO,1480.162353515625,300.0,250.0,0.09,,scenario_engine_v1
SCN_004,France FY Marketing OPEX Reduction,FORECAST,2015-06-01,Canada,VTT,Enterprise,SCENARIO,1570.61572265625,125.0,120.0,0.13,,scenario_engine_v1
SCN_004,France FY Marketing OPEX Reduction,FORECAST,2015-06-01,Canada,VTT,Midmarket,SCENARIO,1572.4700927734375,15.0,10.0,0.06,,scenario_engine_v1
SCN_004,France FY Marketing OPEX Reduction,FORECAST,2015-06-01,Canada,Velo,Government,SCENARIO,1479.1829833984375,246.6538359437218,183.1683036899389,0.1294869476777037,,scenario_engine_v1
SCN_004,France FY Marketing OPEX Reduction,FORECAST,2015-06-01,France,Amarilla,Government,SCENARIO,1697.303466796875,14.991906765943671,8.07381029459372,0.0233837184193478,,scenario_engine_v1
SCN_004,France FY Marketing OPEX Reduction,FORECAST,2015-06-01,France,Carretera,Midmarket,SCENARIO,1550.850341796875,15.0,10.0,0.0,,scenario_engine_v1
SCN_004,France FY Marketing OPEX Reduction,FORECAST,2015-06-01,France,Carretera,Small Business,SCENARIO,1618.473388671875,300.0,250.0,0.07,,scenario_engine_v1
SCN_004,France FY Marketing OPEX Reduction,FORECAST,2015-06-01,France,Montana,Channel Partners,SCENARIO,1714.7926025390625,12.0,3.0,0.03,,scenario_engine_v1
SCN_004,France FY Marketing OPEX Reduction,FORECAST,2015-06-01,France,Montana,Government,SCENARIO,1651.6483154296875,20.0,10.0,0.0,,scenario_engine_v1
SCN_004,France FY Marketing OPEX Reduction,FORECAST,2015-06-01,France,Paseo,Channel Partners,SCENARIO,1968.6015625,12.0,3.0,0.03,,scenario_engine_v1
SCN_004,France FY Marketing OPEX Reduction,FORECAST,2015-06-01,France,Paseo,Enterprise,SCENARIO,1897.241455078125,125.0,120.0,0.01,,scenario_engine_v1
SCN_004,France FY Marketing OPEX Reduction,FORECAST,2015-06-01,France,Paseo,Government,SCENARIO,1752.8543701171875,350.0,260.0,0.06,,scenario_engine_v1
SCN_004,France FY Marketing OPEX Reduction,FORECAST,2015-06-01,France,Paseo,Small Business,SCENARIO,1520.25,300.0,250.0,0.07,,scenario_engine_v1
SCN_004,France FY Marketing OPEX Reduction,FORECAST,2015-06-01,France,VTT,Enterprise,SCENARIO,1827.06103515625,125.0,120.0,0.01,,scenario_engine_v1
SCN_004,France FY Marketing OPEX Reduction,FORECAST,2015-06-01,France,VTT,Midmarket,SCENARIO,1631.40625,15.0,10.0,0.0,,scenario_engine_v1
SCN_004,France FY Marketing OPEX Reduction,FORECAST,2015-06-01,France,Velo,Government,SCENARIO,1870.908447265625,198.0379746835443,147.0253164556962,0.0610961968680089,,scenario_engine_v1
SCN_004,France FY Marketing OPEX Reduction,FORECAST,2015-06-01,Germany,Amarilla,Government,SCENARIO,1739.360107421875,20.0,10.0,0.08,,scenario_engine_v1
SCN_004,France FY Marketing OPEX Reduction,FORECAST,2015-06-01,Germany,Carretera,Midmarket,SCENARIO,1711.17529296875,15.0,10.0,0.0,,scenario_engine_v1
SCN_004,France FY Marketing OPEX Reduction,FORECAST,2015-06-01,Germany,Carretera,Small Business,SCENARIO,1374.6068115234375,300.0,250.0,0.03,,scenario_engine_v1
SCN_004,France FY Marketing OPEX Reduction,FORECAST,2015-06-01,Germany,Montana,Channel Partners,SCENARIO,1480.7535400390625,12.0,3.0,0.0,,scenario_engine_v1
SCN_004,France FY Marketing OPEX Reduction,FORECAST,2015-06-01,Germany,Paseo,Enterprise,SCENARIO,1690.923583984375,125.0,120.0,0.03,,scenario_engine_v1
SCN_004,France FY Marketing OPEX Reduction,FORECAST,2015-06-01,Germany,Paseo,Government,SCENARIO,1432.49169921875,159.95784148397976,116.02866779089376,0.0057603710927204,,scenario_engine_v1
SCN_004,France FY Marketing OPEX Reduction,FORECAST,2015-06-01,Germany,Paseo,Small Business,SCENARIO,1285.580078125,300.0,250.0,0.03,,scenario_engine_v1
SCN_004,France FY Marketing OPEX Reduction,FORECAST,2015-06-01,Germany,VTT,Enterprise,SCENARIO,1351.3292236328125,125.0,120.0,0.03,,scenario_engine_v1
SCN_004,France FY Marketing OPEX Reduction,FORECAST,2015-06-01,Germany,VTT,Government,SCENARIO,1574.9058837890625,7.0,5.0,0.08,,scenario_engine_v1
SCN_004,France FY Marketing OPEX Reduction,FORECAST,2015-06-01,Germany,VTT,Midmarket,SCENARIO,1416.4241943359375,15.0,10.0,0.0,,scenario_engine_v1
SCN_004,France FY Marketing OPEX Reduction,FORECAST,2015-06-01,Germany,Velo,Channel Partners,SCENARIO,1612.0142822265625,12.0,3.0,0.0,,scenario_engine_v1
SCN_004,France FY Marketing OPEX Reduction,FORECAST,2015-06-01,Germany,Velo,Government,SCENARIO,1555.851806640625,110.1872009569378,81.71351674641149,0.0035533264941677,,scenario_engine_v1
SCN_004,France FY Marketing OPEX Reduction,FORECAST,2015-06-01,Mexico,Amarilla,Government,SCENARIO,1777.6817626953125,20.0,10.0,0.09,,scenario_engine_v1
SCN_004,France FY Marketing OPEX Reduction,FORECAST,2015-06-01,Mexico,Amarilla,Small Business,SCENARIO,1363.104736328125,300.0,250.0,0.08,,scenario_engine_v1
SCN_004,France FY Marketing OPEX Reduction,FORECAST,2015-06-01,Mexico,Carretera,Government,SCENARIO,1458.955810546875,350.0,260.0,0.12,,scenario_engine_v1
SCN_004,France FY Marketing OPEX Reduction,FORECAST,2015-06-01,Mexico,Carretera,Midmarket,SCENARIO,1456.015380859375,15.0,10.0,0.0,,scenario_engine_v1
SCN_004,France FY Marketing OPEX Reduction,FORECAST,2015-06-01,Mexico,Montana,Channel Partners,SCENARIO,1201.6431884765625,12.0,3.0,0.13,,scenario_engine_v1
SCN_004,France FY Marketing OPEX Reduction,FORECAST,2015-06-01,Mexico,Montana,Midmarket,SCENARIO,1571.4454345703125,15.0,10.0,0.0,,scenario_engine_v1
SCN_004,France FY Marketing OPEX Reduction,FORECAST,2015-06-01,Mexico,Paseo,Enterprise,SCENARIO,1595.8172607421875,125.0,120.0,0.02,,scenario_engine_v1
SCN_004,France FY Marketing OPEX Reduction,FORECAST,2015-06-01,Mexico,Paseo,Government,SCENARIO,1311.5218505859375,171.96465696465697,125.12474012474011,0.1181176328356404,,scenario_engine_v1
SCN_004,France FY Marketing OPEX Reduction,FORECAST,2015-06-01,Mexico,Paseo,Small Business,SCENARIO,1285.9481201171875,300.0,250.0,0.08,,scenario_engine_v1
SCN_004,France FY Marketing OPEX Reduction,FORECAST,2015-06-01,Mexico,VTT,Enterprise,SCENARIO,1602.135009765625,125.0,120.0,0.02,,scenario_engine_v1
SCN_004,France FY Marketing OPEX Reduction,FORECAST,2015-06-01,Mexico,VTT,Government,SCENARIO,1676.19677734375,7.0,5.0,0.06,,scenario_engine_v1
SCN_004,France FY Marketing OPEX Reduction,FORECAST,2015-06-01,Mexico,Velo,Channel Partners,SCENARIO,1182.28955078125,12.0,3.0,0.13,,scenario_engine_v1
SCN_004,France FY Marketing OPEX Reduction,FORECAST,2015-06-01,Mexico,Velo,Government,SCENARIO,1565.117919921875,7.0,5.0,0.06,,scenario_engine_v1
SCN_004,France FY Marketing OPEX Reduction,FORECAST,2015-06-01,United States of America,Amarilla,Government,SCENARIO,1914.300048828125,10.978515158749104,6.530198137980425,0.08,,scenario_engine_v1
SCN_004,France FY Marketing OPEX Reduction,FORECAST,2015-06-01,United States of America,Carretera,Midmarket,SCENARIO,1816.9140625,15.0,10.0,0.1299999999999999,,scenario_engine_v1
SCN_004,France FY Marketing OPEX Reduction,FORECAST,2015-06-01,United States of America,Carretera,Small Business,SCENARIO,1995.3223876953125,300.0,250.0,0.05,,scenario_engine_v1
SCN_004,France FY Marketing OPEX Reduction,FORECAST,2015-06-01,United States of America,Montana,Channel Partners,SCENARIO,1808.494873046875,12.0,3.0,0.02,,scenario_engine_v1
SCN_004,France FY Marketing OPEX Reduction,FORECAST,2015-06-01,United States of America,Montana,Government,SCENARIO,1537.6441650390625,20.0,10.0,0.0799999999999999,,scenario_engine_v1
SCN_004,France FY Marketing OPEX Reduction,FORECAST,2015-06-01,United States of America,Paseo,Channel Partners,SCENARIO,1608.8853759765625,12.0,3.0,0.02,,scenario_engine_v1
SCN_004,France FY Marketing OPEX Reduction,FORECAST,2015-06-01,United States of America,Paseo,Enterprise,SCENARIO,1547.4420166015625,125.0,120.0,0.01,,scenario_engine_v1
SCN_004,France FY Marketing OPEX Reduction,FORECAST,2015-06-01,United States of America,Paseo,Government,SCENARIO,1578.654052734375,350.0,260.0,0.05,,scenario_engine_v1
SCN_004,France FY Marketing OPEX Reduction,FORECAST,2015-06-01,United States of America,Paseo,Small Business,SCENARIO,1564.49072265625,300.0,250.0,0.05,,scenario_engine_v1
SCN_004,France FY Marketing OPEX Reduction,FORECAST,2015-06-01,United States of America,VTT,Enterprise,SCENARIO,1816.67138671875,125.0,120.0,0.01,,scenario_engine_v1
SCN_004,France FY Marketing OPEX Reduction,FORECAST,2015-06-01,United States of America,VTT,Midmarket,SCENARIO,1559.0850830078125,15.0,10.0,0.1299999999999999,,scenario_engine_v1
SCN_004,France FY Marketing OPEX Reduction,FORECAST,2015-06-01,United States of America,Velo,Government,SCENARIO,1691.821044921875,65.84468509546879,48.74750641208321,0.0526421668131002,,scenario_engine_v1
SCN_004,France FY Marketing OPEX Reduction,FORECAST,2015-07-01,Canada,Amarilla,Midmarket,SCENARIO,1916.1448974609373,15.0,10.0,0.09,,scenario_engine_v1
SCN_004,France FY Marketing OPEX Reduction,FORECAST,2015-07-01,Canada,Carretera,Government,SCENARIO,1472.9849853515625,7.0,5.0,0.09,,scenario_engine_v1
SCN_004,France FY Marketing OPEX Reduction,FORECAST,2015-07-01,Canada,Montana,Enterprise,SCENARIO,1331.92919921875,125.0,120.0,0.0,,scenario_engine_v1
SCN_004,France FY Marketing OPEX Reduction,FORECAST,2015-07-01,Canada,Paseo,Channel Partners,SCENARIO,1467.469482421875,12.0,3.0,0.11,,scenario_engine_v1
SCN_004,France FY Marketing OPEX Reduction,FORECAST,2015-07-01,Canada,Paseo,Government,SCENARIO,1530.3365478515625,350.0,260.0,0.11,,scenario_engine_v1
SCN_004,France FY Marketing OPEX Reduction,FORECAST,2015-07-01,Canada,VTT,Government,SCENARIO,1556.110107421875,20.0,10.0,0.15,,scenario_engine_v1
SCN_004,France FY Marketing OPEX Reduction,FORECAST,2015-07-01,Canada,Velo,Small Business,SCENARIO,1480.5281982421875,300.0,250.0,0.09,,scenario_engine_v1
SCN_004,France FY Marketing OPEX Reduction,FORECAST,2015-07-01,France,Amarilla,Government,SCENARIO,1509.2373046875,7.0,5.0,0.12,,scenario_engine_v1
SCN_004,France FY Marketing OPEX Reduction,FORECAST,2015-07-01,France,Montana,Government,SCENARIO,1720.28466796875,20.0,10.0,0.01,,scenario_engine_v1
SCN_004,France FY Marketing OPEX Reduction,FORECAST,2015-07-01,France,Paseo,Channel Partners,SCENARIO,1674.205810546875,12.0,3.0,0.11,,scenario_engine_v1
SCN_004,France FY Marketing OPEX Reduction,FORECAST,2015-07-01,France,Paseo,Enterprise,SCENARIO,1778.005859375,125.0,120.0,0.04,,scenario_engine_v1
SCN_004,France FY Marketing OPEX Reduction,FORECAST,2015-07-01,France,VTT,Midmarket,SCENARIO,1833.8763427734373,15.0,10.0,0.12,,scenario_engine_v1
SCN_004,France FY Marketing OPEX Reduction,FORECAST,2015-07-01,France,Velo,Government,SCENARIO,1483.5159912109375,350.0,260.0,0.1,,scenario_engine_v1
SCN_004,France FY Marketing OPEX Reduction,FORECAST,2015-07-01,France,Velo,Small Business,SCENARIO,1416.5120849609375,300.0,250.0,0.07,,scenario_engine_v1
SCN_004,France FY Marketing OPEX Reduction,FORECAST,2015-07-01,Germany,Amarilla,Government,SCENARIO,1601.0743408203125,7.0,5.0,0.0,,scenario_engine_v1
SCN_004,France FY Marketing OPEX Reduction,FORECAST,2015-07-01,Germany,Carretera,Small Business,SCENARIO,1382.1029052734375,300.0,250.0,0.11,,scenario_engine_v1
SCN_004,France FY Marketing OPEX Reduction,FORECAST,2015-07-01,Germany,Montana,Government,SCENARIO,1537.695556640625,20.0,10.0,0.08,,scenario_engine_v1
SCN_004,France FY Marketing OPEX Reduction,FORECAST,2015-07-01,Germany,Paseo,Channel Partners,SCENARIO,1424.201904296875,12.0,3.0,0.0,,scenario_engine_v1
SCN_004,France FY Marketing OPEX Reduction,FORECAST,2015-07-01,Germany,Paseo,Enterprise,SCENARIO,1439.22265625,125.0,120.0,0.07,,scenario_engine_v1
SCN_004,France FY Marketing OPEX Reduction,FORECAST,2015-07-01,Germany,VTT,Midmarket,SCENARIO,1567.4495849609375,15.0,10.0,0.15,,scenario_engine_v1
SCN_004,France FY Marketing OPEX Reduction,FORECAST,2015-07-01,Germany,Velo,Government,SCENARIO,1405.2080078125,350.0,260.0,0.09,,scenario_engine_v1
SCN_004,France FY Marketing OPEX Reduction,FORECAST,2015-07-01,Mexico,Amarilla,Government,SCENARIO,1942.6220703125,7.0,5.0,0.0499999999999999,,scenario_engine_v1
SCN_004,France FY Marketing OPEX Reduction,FORECAST,2015-07-01,Mexico,Carretera,Small Business,SCENARIO,1177.9664306640625,300.0,250.0,0.14,,scenario_engine_v1
SCN_004,France FY Marketing OPEX Reduction,FORECAST,2015-07-01,Mexico,Montana,Government,SCENARIO,1882.0462646484373,20.0,10.0,0.13,,scenario_engine_v1
SCN_004,France FY Marketing OPEX Reduction,FORECAST,2015-07-01,Mexico,Paseo,Channel Partners,SCENARIO,1416.184326171875,12.0,3.0,0.13,,scenario_engine_v1
SCN_004,France FY Marketing OPEX Reduction,FORECAST,2015-07-01,Mexico,Paseo,Enterprise,SCENARIO,1564.77001953125,125.0,120.0,0.01,,scenario_engine_v1
SCN_004,France FY Marketing OPEX Reduction,FORECAST,2015-07-01,Mexico,VTT,Midmarket,SCENARIO,1370.465576171875,15.0,10.0,0.1,,scenario_engine_v1
SCN_004,France FY Marketing OPEX Reduction,FORECAST,2015-07-01,Mexico,Velo,Government,SCENARIO,1611.4898681640625,350.0,260.0,0.12,,scenario_engine_v1
SCN_004,France FY Marketing OPEX Reduction,FORECAST,2015-07-01,United States of America,Amarilla,Midmarket,SCENARIO,2035.8177490234373,15.0,10.0,0.1099999999999999,,scenario_engine_v1
SCN_004,France FY Marketing OPEX Reduction,FORECAST,2015-07-01,United States of America,Carretera,Government,SCENARIO,1377.5413818359375,7.0,5.0,0.01,,scenario_engine_v1
SCN_004,France FY Marketing OPEX Reduction,FORECAST,2015-07-01,United States of America,Montana,Enterprise,SCENARIO,1563.107421875,125.0,120.0,0.05,,scenario_engine_v1
SCN_004,France FY Marketing OPEX Reduction,FORECAST,2015-07-01,United States of America,Paseo,Channel Partners,SCENARIO,1869.5628662109373,12.0,3.0,0.03,,scenario_engine_v1
SCN_004,France FY Marketing OPEX Reduction,FORECAST,2015-07-01,United States of America,Paseo,Government,SCENARIO,1405.84375,350.0,260.0,0.04,,scenario_engine_v1
SCN_004,France FY Marketing OPEX Reduction,FORECAST,2015-07-01,United States of America,VTT,Government,SCENARIO,1573.15966796875,20.0,10.0,0.08,,scenario_engine_v1
SCN_004,France FY Marketing OPEX Reduction,FORECAST,2015-07-01,United States of America,Velo,Small Business,SCENARIO,1746.052490234375,300.0,250.0,0.14,,scenario_engine_v1
SCN_004,France FY Marketing OPEX Reduction,FORECAST,2015-08-01,Canada,Amarilla,Government,SCENARIO,1811.3323974609373,350.0,260.0,0.05,,scenario_engine_v1
SCN_004,France FY Marketing OPEX Reduction,FORECAST,2015-08-01,Canada,Carretera,Channel Partners,SCENARIO,2183.38427734375,12.0,3.0,0.0699999999999999,,scenario_engine_v1
SCN_004,France FY Marketing OPEX Reduction,FORECAST,2015-08-01,Canada,Montana,Government,SCENARIO,1789.791015625,7.0,5.0,0.01,,scenario_engine_v1
SCN_004,France FY Marketing OPEX Reduction,FORECAST,2015-08-01,Canada,Paseo,Government,SCENARIO,1456.177978515625,20.0,10.0,0.11,,scenario_engine_v1
SCN_004,France FY Marketing OPEX Reduction,FORECAST,2015-08-01,Canada,Paseo,Midmarket,SCENARIO,1419.9736328125,15.0,10.0,0.15,,scenario_engine_v1
SCN_004,France FY Marketing OPEX Reduction,FORECAST,2015-08-01,Canada,VTT,Small Business,SCENARIO,1354.94580078125,300.0,250.0,0.03,,scenario_engine_v1
SCN_004,France FY Marketing OPEX Reduction,FORECAST,2015-08-01,Canada,Velo,Enterprise,SCENARIO,1474.4412841796875,125.0,120.0,0.01,,scenario_engine_v1
SCN_004,France FY Marketing OPEX Reduction,FORECAST,2015-08-01,France,Amarilla,Channel Partners,SCENARIO,1162.04443359375,12.0,3.0,0.14,,scenario_engine_v1
SCN_004,France FY Marketing OPEX Reduction,FORECAST,2015-08-01,France,Carretera,Enterprise,SCENARIO,1586.05078125,125.0,120.0,0.15,,scenario_engine_v1
SCN_004,France FY Marketing OPEX Reduction,FORECAST,2015-08-01,France,Montana,Small Business,SCENARIO,1576.4095458984375,300.0,250.0,0.08,,scenario_engine_v1
SCN_004,France FY Marketing OPEX Reduction,FORECAST,2015-08-01,France,Paseo,Government,SCENARIO,1517.118896484375,7.0,5.0,0.13,,scenario_engine_v1
SCN_004,France FY Marketing OPEX Reduction,FORECAST,2015-08-01,France,Paseo,Midmarket,SCENARIO,1541.5552978515625,15.0,10.0,0.07,,scenario_engine_v1
SCN_004,France FY Marketing OPEX Reduction,FORECAST,2015-08-01,France,VTT,Government,SCENARIO,1777.3994140625,350.0,260.0,0.08,,scenario_engine_v1
SCN_004,France FY Marketing OPEX Reduction,FORECAST,2015-08-01,France,Velo,Government,SCENARIO,1581.6185302734375,20.0,10.0,0.05,,scenario_engine_v1
SCN_004,France FY Marketing OPEX Reduction,FORECAST,2015-08-01,Germany,Amarilla,Channel Partners,SCENARIO,1288.112548828125,12.0,3.0,0.1,,scenario_engine_v1
SCN_004,France FY Marketing OPEX Reduction,FORECAST,2015-08-01,Germany,Carretera,Enterprise,SCENARIO,1411.92724609375,125.0,120.0,0.15,,scenario_engine_v1
SCN_004,France FY Marketing OPEX Reduction,FORECAST,2015-08-01,Germany,Montana,Small Business,SCENARIO,1008.4784545898438,300.0,250.0,0.04,,scenario_engine_v1
SCN_004,France FY Marketing OPEX Reduction,FORECAST,2015-08-01,Germany,Paseo,Government,SCENARIO,1591.6136474609375,7.0,5.0,0.08,,scenario_engine_v1
SCN_004,France FY Marketing OPEX Reduction,FORECAST,2015-08-01,Germany,Paseo,Midmarket,SCENARIO,1634.8309326171875,15.0,10.0,0.06,,scenario_engine_v1
SCN_004,France FY Marketing OPEX Reduction,FORECAST,2015-08-01,Germany,VTT,Government,SCENARIO,1897.7420654296875,350.0,260.0,0.08,,scenario_engine_v1
SCN_004,France FY Marketing OPEX Reduction,FORECAST,2015-08-01,Germany,Velo,Government,SCENARIO,1506.3236083984375,20.0,10.0,0.06,,scenario_engine_v1
SCN_004,France FY Marketing OPEX Reduction,FORECAST,2015-08-01,Mexico,Amarilla,Channel Partners,SCENARIO,1396.5413818359375,12.0,3.0,0.0499999999999999,,scenario_engine_v1
SCN_004,France FY Marketing OPEX Reduction,FORECAST,2015-08-01,Mexico,Carretera,Enterprise,SCENARIO,1455.1763916015625,125.0,120.0,0.08,,scenario_engine_v1
SCN_004,France FY Marketing OPEX Reduction,FORECAST,2015-08-01,Mexico,Montana,Small Business,SCENARIO,1686.72802734375,300.0,250.0,0.0,,scenario_engine_v1
SCN_004,France FY Marketing OPEX Reduction,FORECAST,2015-08-01,Mexico,Paseo,Government,SCENARIO,1516.6136474609375,7.0,5.0,0.0,,scenario_engine_v1
SCN_004,France FY Marketing OPEX Reduction,FORECAST,2015-08-01,Mexico,Paseo,Midmarket,SCENARIO,1598.6904296875,15.0,10.0,0.11,,scenario_engine_v1
SCN_004,France FY Marketing OPEX Reduction,FORECAST,2015-08-01,Mexico,VTT,Government,SCENARIO,1753.475830078125,350.0,260.0,0.03,,scenario_engine_v1
SCN_004,France FY Marketing OPEX Reduction,FORECAST,2015-08-01,Mexico,Velo,Government,SCENARIO,1370.093505859375,20.0,10.0,0.07,,scenario_engine_v1
SCN_004,France FY Marketing OPEX Reduction,FORECAST,2015-08-01,United States of America,Amarilla,Channel Partners,SCENARIO,1548.043212890625,12.0,3.0,0.0,,scenario_engine_v1
SCN_004,France FY Marketing OPEX Reduction,FORECAST,2015-08-01,United States of America,Paseo,Government,SCENARIO,1578.654052734375,7.0,5.0,0.08,,scenario_engine_v1
SCN_004,France FY Marketing OPEX Reduction,FORECAST,2015-08-01,United States of America,Paseo,Midmarket,SCENARIO,1679.1279296875,15.0,10.0,0.06,,scenario_engine_v1
SCN_004,France FY Marketing OPEX Reduction,FORECAST,2015-08-01,United States of America,VTT,Government,SCENARIO,1480.85888671875,350.0,260.0,0.1,,scenario_engine_v1
SCN_004,France FY Marketing OPEX Reduction,FORECAST,2015-08-01,United States of America,VTT,Small Business,SCENARIO,1610.897216796875,300.0,250.0,0.14,,scenario_engine_v1
SCN_004,France FY Marketing OPEX Reduction,FORECAST,2015-08-01,United States of America,Velo,Enterprise,SCENARIO,1489.415771484375,125.0,120.0,0.0,,scenario_engine_v1
SCN_004,France FY Marketing OPEX Reduction,FORECAST,2015-08-01,United States of America,Velo,Government,SCENARIO,1225.7738037109375,20.0,10.0,0.05,,scenario_engine_v1
SCN_004,France FY Marketing OPEX Reduction,FORECAST,2015-09-01,Canada,Amarilla,Government,SCENARIO,1731.425537109375,350.0,260.0,0.1,,scenario_engine_v1
SCN_004,France FY Marketing OPEX Reduction,FORECAST,2015-09-01,Canada,Carretera,Channel Partners,SCENARIO,1582.9495849609375,12.0,3.0,0.01,,scenario_engine_v1
SCN_004,France FY Marketing OPEX Reduction,FORECAST,2015-09-01,Canada,Montana,Government,SCENARIO,1672.549072265625,7.0,5.0,0.14,,scenario_engine_v1
SCN_004,France FY Marketing OPEX Reduction,FORECAST,2015-09-01,Canada,Paseo,Government,SCENARIO,1637.471923828125,20.0,10.0,0.04,,scenario_engine_v1
SCN_004,France FY Marketing OPEX Reduction,FORECAST,2015-09-01,Canada,Paseo,Midmarket,SCENARIO,2116.96337890625,15.0,10.0,0.04,,scenario_engine_v1
SCN_004,France FY Marketing OPEX Reduction,FORECAST,2015-09-01,Canada,VTT,Small Business,SCENARIO,1688.005615234375,300.0,250.0,0.08,,scenario_engine_v1
SCN_004,France FY Marketing OPEX Reduction,FORECAST,2015-09-01,Canada,Velo,Enterprise,SCENARIO,1632.4114990234375,125.0,120.0,0.09,,scenario_engine_v1
SCN_004,France FY Marketing OPEX Reduction,FORECAST,2015-09-01,France,Amarilla,Government,SCENARIO,1629.401611328125,350.0,260.0,0.07,,scenario_engine_v1
SCN_004,France FY Marketing OPEX Reduction,FORECAST,2015-09-01,France,Carretera,Channel Partners,SCENARIO,1529.083984375,12.0,3.0,0.01,,scenario_engine_v1
SCN_004,France FY Marketing OPEX Reduction,FORECAST,2015-09-01,France,Montana,Government,SCENARIO,1672.81640625,7.0,5.0,0.03,,scenario_engine_v1
SCN_004,France FY Marketing OPEX Reduction,FORECAST,2015-09-01,France,Paseo,Government,SCENARIO,1703.567626953125,20.0,10.0,0.07,,scenario_engine_v1
SCN_004,France FY Marketing OPEX Reduction,FORECAST,2015-09-01,France,Paseo,Midmarket,SCENARIO,1839.2159423828125,15.0,10.0,0.05,,scenario_engine_v1
SCN_004,France FY Marketing OPEX Reduction,FORECAST,2015-09-01,France,VTT,Small Business,SCENARIO,1400.1993408203125,300.0,250.0,0.0,,scenario_engine_v1
SCN_004,France FY Marketing OPEX Reduction,FORECAST,2015-09-01,France,Velo,Enterprise,SCENARIO,1708.7659912109375,125.0,120.0,0.15,,scenario_engine_v1
SCN_004,France FY Marketing OPEX Reduction,FORECAST,2015-09-01,Germany,Amarilla,Government,SCENARIO,1491.861083984375,350.0,260.0,0.04,,scenario_engine_v1
SCN_004,France FY Marketing OPEX Reduction,FORECAST,2015-09-01,Germany,Carretera,Channel Partners,SCENARIO,1497.3323974609375,12.0,3.0,0.09,,scenario_engine_v1
SCN_004,France FY Marketing OPEX Reduction,FORECAST,2015-09-01,Germany,Montana,Government,SCENARIO,1341.31982421875,7.0,5.0,0.0,,scenario_engine_v1
SCN_004,France FY Marketing OPEX Reduction,FORECAST,2015-09-01,Germany,Paseo,Government,SCENARIO,1448.0523681640625,20.0,10.0,0.08,,scenario_engine_v1
SCN_004,France FY Marketing OPEX Reduction,FORECAST,2015-09-01,Germany,Paseo,Midmarket,SCENARIO,1391.138671875,15.0,10.0,0.01,,scenario_engine_v1
SCN_004,France FY Marketing OPEX Reduction,FORECAST,2015-09-01,Germany,VTT,Small Business,SCENARIO,1546.4603271484375,300.0,250.0,0.01,,scenario_engine_v1
SCN_004,France FY Marketing OPEX Reduction,FORECAST,2015-09-01,Germany,Velo,Enterprise,SCENARIO,1255.874755859375,125.0,120.0,0.07,,scenario_engine_v1
SCN_004,France FY Marketing OPEX Reduction,FORECAST,2015-09-01,Mexico,Amarilla,Government,SCENARIO,1696.4136962890625,350.0,260.0,0.06,,scenario_engine_v1
SCN_004,France FY Marketing OPEX Reduction,FORECAST,2015-09-01,Mexico,Carretera,Channel Partners,SCENARIO,1367.010498046875,12.0,3.0,0.06,,scenario_engine_v1
SCN_004,France FY Marketing OPEX Reduction,FORECAST,2015-09-01,Mexico,Montana,Government,SCENARIO,1421.817138671875,7.0,5.0,0.12,,scenario_engine_v1
SCN_004,France FY Marketing OPEX Reduction,FORECAST,2015-09-01,Mexico,Paseo,Government,SCENARIO,1630.60791015625,20.0,10.0,0.08,,scenario_engine_v1
SCN_004,France FY Marketing OPEX Reduction,FORECAST,2015-09-01,Mexico,Paseo,Midmarket,SCENARIO,1445.971923828125,15.0,10.0,0.0,,scenario_engine_v1
SCN_004,France FY Marketing OPEX Reduction,FORECAST,2015-09-01,Mexico,VTT,Small Business,SCENARIO,1357.636962890625,300.0,250.0,0.1,,scenario_engine_v1
SCN_004,France FY Marketing OPEX Reduction,FORECAST,2015-09-01,Mexico,Velo,Enterprise,SCENARIO,1435.227783203125,125.0,120.0,0.09,,scenario_engine_v1
SCN_004,France FY Marketing OPEX Reduction,FORECAST,2015-09-01,United States of America,Amarilla,Government,SCENARIO,1733.4903564453125,350.0,260.0,0.09,,scenario_engine_v1
SCN_004,France FY Marketing OPEX Reduction,FORECAST,2015-09-01,United States of America,Carretera,Channel Partners,SCENARIO,1617.9901123046875,12.0,3.0,0.03,,scenario_engine_v1
SCN_004,France FY Marketing OPEX Reduction,FORECAST,2015-09-01,United States of America,Montana,Government,SCENARIO,1514.3402099609375,7.0,5.0,0.0999999999999999,,scenario_engine_v1
SCN_004,France FY Marketing OPEX Reduction,FORECAST,2015-09-01,United States of America,Paseo,Government,SCENARIO,1580.1627197265625,20.0,10.0,0.04,,scenario_engine_v1
SCN_004,France FY Marketing OPEX Reduction,FORECAST,2015-09-01,United States of America,Paseo,Midmarket,SCENARIO,1651.4072265625,15.0,10.0,0.1399999999999999,,scenario_engine_v1
SCN_004,France FY Marketing OPEX Reduction,FORECAST,2015-09-01,United States of America,VTT,Small Business,SCENARIO,1491.1785888671875,300.0,250.0,0.09,,scenario_engine_v1
SCN_004,France FY Marketing OPEX Reduction,FORECAST,2015-09-01,United States of America,Velo,Enterprise,SCENARIO,1383.4384765625,125.0,120.0,0.1,,scenario_engine_v1
SCN_004,France FY Marketing OPEX Reduction,FORECAST,2015-10-01,Canada,Amarilla,Government,SCENARIO,1608.2269287109375,115.73519860104922,85.8381214089433,0.0912392723316813,,scenario_engine_v1
SCN_004,France FY Marketing OPEX Reduction,FORECAST,2015-10-01,Canada,Carretera,Channel Partners,SCENARIO,1652.9388427734375,12.0,3.0,0.02,,scenario_engine_v1
SCN_004,France FY Marketing OPEX Reduction,FORECAST,2015-10-01,Canada,Carretera,Small Business,SCENARIO,1398.2730712890625,300.0,250.0,0.14,,scenario_engine_v1
SCN_004,France FY Marketing OPEX Reduction,FORECAST,2015-10-01,Canada,Montana,Government,SCENARIO,1639.7117919921875,11.076575445643988,6.567913632939995,0.125662088036629,,scenario_engine_v1
SCN_004,France FY Marketing OPEX Reduction,FORECAST,2015-10-01,Canada,Paseo,Channel Partners,SCENARIO,1707.74072265625,12.0,3.0,0.02,,scenario_engine_v1
SCN_004,France FY Marketing OPEX Reduction,FORECAST,2015-10-01,Canada,Paseo,Enterprise,SCENARIO,1659.384521484375,125.0,120.0,0.03,,scenario_engine_v1
SCN_004,France FY Marketing OPEX Reduction,FORECAST,2015-10-01,Canada,Paseo,Government,SCENARIO,1751.1107177734375,20.0,10.0,0.13,,scenario_engine_v1
SCN_004,France FY Marketing OPEX Reduction,FORECAST,2015-10-01,Canada,Paseo,Midmarket,SCENARIO,1551.943603515625,15.0,10.0,0.13,,scenario_engine_v1
SCN_004,France FY Marketing OPEX Reduction,FORECAST,2015-10-01,Canada,VTT,Midmarket,SCENARIO,1690.2742919921875,15.0,10.0,0.13,,scenario_engine_v1
SCN_004,France FY Marketing OPEX Reduction,FORECAST,2015-10-01,Canada,VTT,Small Business,SCENARIO,1805.1492919921875,300.0,250.0,0.14,,scenario_engine_v1
SCN_004,France FY Marketing OPEX Reduction,FORECAST,2015-10-01,Canada,Velo,Enterprise,SCENARIO,1438.73779296875,125.0,120.0,0.03,,scenario_engine_v1
SCN_004,France FY Marketing OPEX Reduction,FORECAST,2015-10-01,Canada,Velo,Government,SCENARIO,1530.94921875,350.0,260.0,0.09,,scenario_engine_v1
SCN_004,France FY Marketing OPEX Reduction,FORECAST,2015-10-01,France,Amarilla,Channel Partners,SCENARIO,1865.5595703125,12.0,3.0,0.1399999999999999,,scenario_engine_v1
SCN_004,France FY Marketing OPEX Reduction,FORECAST,2015-10-01,France,Amarilla,Government,SCENARIO,1580.1378173828125,7.0,5.0,0.14,,scenario_engine_v1
SCN_004,France FY Marketing OPEX Reduction,FORECAST,2015-10-01,France,Carretera,Enterprise,SCENARIO,1674.906494140625,125.0,120.0,0.11,,scenario_engine_v1
SCN_004,France FY Marketing OPEX Reduction,FORECAST,2015-10-01,France,Carretera,Small Business,SCENARIO,1359.5928955078125,300.0,250.0,0.07,,scenario_engine_v1
SCN_004,France FY Marketing OPEX Reduction,FORECAST,2015-10-01,France,Montana,Government,SCENARIO,1488.2293701171875,20.0,10.0,0.07,,scenario_engine_v1
SCN_004,France FY Marketing OPEX Reduction,FORECAST,2015-10-01,France,Montana,Small Business,SCENARIO,1422.9757080078125,300.0,250.0,0.07,,scenario_engine_v1
SCN_004,France FY Marketing OPEX Reduction,FORECAST,2015-10-01,France,Paseo,Channel Partners,SCENARIO,1556.161376953125,12.0,3.0,0.1399999999999999,,scenario_engine_v1
SCN_004,France FY Marketing OPEX Reduction,FORECAST,2015-10-01,France,Paseo,Enterprise,SCENARIO,1471.45849609375,125.0,120.0,0.11,,scenario_engine_v1
SCN_004,France FY Marketing OPEX Reduction,FORECAST,2015-10-01,France,Paseo,Government,SCENARIO,1725.0360107421875,7.0,5.0,0.14,,scenario_engine_v1
SCN_004,France FY Marketing OPEX Reduction,FORECAST,2015-10-01,France,Paseo,Midmarket,SCENARIO,1804.622314453125,15.0,10.0,0.09,,scenario_engine_v1
SCN_004,France FY Marketing OPEX Reduction,FORECAST,2015-10-01,France,VTT,Government,SCENARIO,1576.796875,350.0,260.0,0.04,,scenario_engine_v1
SCN_004,France FY Marketing OPEX Reduction,FORECAST,2015-10-01,France,VTT,Midmarket,SCENARIO,1813.80126953125,15.0,10.0,0.09,,scenario_engine_v1
SCN_004,France FY Marketing OPEX Reduction,FORECAST,2015-10-01,France,Velo,Government,SCENARIO,1456.5018310546875,192.9857934023597,141.04984348663618,0.0414792818196563,,scenario_engine_v1
SCN_004,France FY Marketing OPEX Reduction,FORECAST,2015-10-01,Germany,Amarilla,Channel Partners,SCENARIO,1567.048828125,12.0,3.0,0.1099999999999999,,scenario_engine_v1
SCN_004,France FY Marketing OPEX Reduction,FORECAST,2015-10-01,Germany,Carretera,Enterprise,SCENARIO,1669.0255126953125,125.0,120.0,0.15,,scenario_engine_v1
SCN_004,France FY Marketing OPEX Reduction,FORECAST,2015-10-01,Germany,Carretera,Small Business,SCENARIO,1441.678466796875,300.0,250.0,0.04,,scenario_engine_v1
SCN_004,France FY Marketing OPEX Reduction,FORECAST,2015-10-01,Germany,Montana,Small Business,SCENARIO,1287.2572021484375,300.0,250.0,0.04,,scenario_engine_v1
SCN_004,France FY Marketing OPEX Reduction,FORECAST,2015-10-01,Germany,Paseo,Enterprise,SCENARIO,1502.228759765625,125.0,120.0,0.15,,scenario_engine_v1
SCN_004,France FY Marketing OPEX Reduction,FORECAST,2015-10-01,Germany,Paseo,Government,SCENARIO,1466.783447265625,12.21297836938436,7.004991680532446,0.096566757493188,,scenario_engine_v1
SCN_004,France FY Marketing OPEX Reduction,FORECAST,2015-10-01,Germany,Paseo,Midmarket,SCENARIO,1389.35009765625,15.0,10.0,0.15,,scenario_engine_v1
SCN_004,France FY Marketing OPEX Reduction,FORECAST,2015-10-01,Germany,VTT,Government,SCENARIO,1566.9732666015625,311.85356811862835,231.6404077849861,0.0201747451633035,,scenario_engine_v1
SCN_004,France FY Marketing OPEX Reduction,FORECAST,2015-10-01,Germany,VTT,Midmarket,SCENARIO,1430.813232421875,15.0,10.0,0.15,,scenario_engine_v1
SCN_004,France FY Marketing OPEX Reduction,FORECAST,2015-10-01,Germany,Velo,Channel Partners,SCENARIO,1584.534912109375,12.0,3.0,0.1099999999999999,,scenario_engine_v1
SCN_004,France FY Marketing OPEX Reduction,FORECAST,2015-10-01,Germany,Velo,Government,SCENARIO,1314.7890625,324.49326491340605,240.6767158434894,0.0203811142848671,,scenario_engine_v1
SCN_004,France FY Marketing OPEX Reduction,FORECAST,2015-10-01,Mexico,Amarilla,Channel Partners,SCENARIO,1197.6727294921875,12.0,3.0,0.13,,scenario_engine_v1
SCN_004,France FY Marketing OPEX Reduction,FORECAST,2015-10-01,Mexico,Amarilla,Small Business,SCENARIO,1262.672607421875,300.0,250.0,0.15,,scenario_engine_v1
SCN_004,France FY Marketing OPEX Reduction,FORECAST,2015-10-01,Mexico,Carretera,Enterprise,SCENARIO,1524.9920654296875,125.0,120.0,0.12,,scenario_engine_v1
SCN_004,France FY Marketing OPEX Reduction,FORECAST,2015-10-01,Mexico,Carretera,Government,SCENARIO,1692.462890625,350.0,260.0,0.01,,scenario_engine_v1
SCN_004,France FY Marketing OPEX Reduction,FORECAST,2015-10-01,Mexico,Montana,Midmarket,SCENARIO,1543.8857421875,15.0,10.0,0.0399999999999999,,scenario_engine_v1
SCN_004,France FY Marketing OPEX Reduction,FORECAST,2015-10-01,Mexico,Montana,Small Business,SCENARIO,1226.2049560546875,300.0,250.0,0.15,,scenario_engine_v1
SCN_004,France FY Marketing OPEX Reduction,FORECAST,2015-10-01,Mexico,Paseo,Enterprise,SCENARIO,1408.330078125,125.0,120.0,0.12,,scenario_engine_v1
SCN_004,France FY Marketing OPEX Reduction,FORECAST,2015-10-01,Mexico,Paseo,Government,SCENARIO,1452.9324951171875,10.27351140790206,6.2590428491931,0.0843146548221975,,scenario_engine_v1
SCN_004,France FY Marketing OPEX Reduction,FORECAST,2015-10-01,Mexico,Paseo,Midmarket,SCENARIO,1445.131103515625,15.0,10.0,0.0399999999999999,,scenario_engine_v1
SCN_004,France FY Marketing OPEX Reduction,FORECAST,2015-10-01,Mexico,VTT,Government,SCENARIO,1584.792724609375,124.27141458639257,92.18428781204112,0.0114827885689077,,scenario_engine_v1
SCN_004,France FY Marketing OPEX Reduction,FORECAST,2015-10-01,Mexico,Velo,Channel Partners,SCENARIO,1317.5142822265625,12.0,3.0,0.13,,scenario_engine_v1
SCN_004,France FY Marketing OPEX Reduction,FORECAST,2015-10-01,Mexico,Velo,Government,SCENARIO,1361.996826171875,20.0,10.0,0.12,,scenario_engine_v1
SCN_004,France FY Marketing OPEX Reduction,FORECAST,2015-10-01,United States of America,Amarilla,Channel Partners,SCENARIO,1710.880615234375,12.0,3.0,0.14,,scenario_engine_v1
SCN_004,France FY Marketing OPEX Reduction,FORECAST,2015-10-01,United States of America,Amarilla,Government,SCENARIO,1558.3897705078125,7.0,5.0,0.0,,scenario_engine_v1
SCN_004,France FY Marketing OPEX Reduction,FORECAST,2015-10-01,United States of America,Carretera,Small Business,SCENARIO,1742.806640625,300.0,250.0,0.14,,scenario_engine_v1
SCN_004,France FY Marketing OPEX Reduction,FORECAST,2015-10-01,United States of America,Montana,Government,SCENARIO,1654.387451171875,20.0,10.0,0.02,,scenario_engine_v1
SCN_004,France FY Marketing OPEX Reduction,FORECAST,2015-10-01,United States of America,Paseo,Channel Partners,SCENARIO,1391.8026123046875,12.0,3.0,0.14,,scenario_engine_v1
SCN_004,France FY Marketing OPEX Reduction,FORECAST,2015-10-01,United States of America,Paseo,Enterprise,SCENARIO,1602.431640625,125.0,120.0,0.05,,scenario_engine_v1
SCN_004,France FY Marketing OPEX Reduction,FORECAST,2015-10-01,United States of America,Paseo,Government,SCENARIO,1551.41064453125,7.0,5.0,0.0,,scenario_engine_v1
SCN_004,France FY Marketing OPEX Reduction,FORECAST,2015-10-01,United States of America,Paseo,Midmarket,SCENARIO,1587.8961181640625,15.0,10.0,0.06,,scenario_engine_v1
SCN_004,France FY Marketing OPEX Reduction,FORECAST,2015-10-01,United States of America,VTT,Government,SCENARIO,1558.317626953125,350.0,260.0,0.12,,scenario_engine_v1
SCN_004,France FY Marketing OPEX Reduction,FORECAST,2015-10-01,United States of America,VTT,Midmarket,SCENARIO,1863.257568359375,15.0,10.0,0.06,,scenario_engine_v1
SCN_004,France FY Marketing OPEX Reduction,FORECAST,2015-10-01,United States of America,VTT,Small Business,SCENARIO,1530.1328125,300.0,250.0,0.14,,scenario_engine_v1
SCN_004,France FY Marketing OPEX Reduction,FORECAST,2015-10-01,United States of America,Velo,Enterprise,SCENARIO,1396.4180908203125,125.0,120.0,0.05,,scenario_engine_v1
SCN_004,France FY Marketing OPEX Reduction,FORECAST,2015-10-01,United States of America,Velo,Government,SCENARIO,1313.2947998046875,147.5,106.5909090909091,0.1116795069337442,,scenario_engine_v1
SCN_004,France FY Marketing OPEX Reduction,FORECAST,2015-11-01,Canada,Amarilla,Government,SCENARIO,1756.6427001953125,20.0,10.0,0.07,,scenario_engine_v1
SCN_004,France FY Marketing OPEX Reduction,FORECAST,2015-11-01,Canada,Carretera,Midmarket,SCENARIO,1976.6904296875,15.0,10.0,0.12,,scenario_engine_v1
SCN_004,France FY Marketing OPEX Reduction,FORECAST,2015-11-01,Canada,Montana,Channel Partners,SCENARIO,1779.1717529296875,12.0,3.0,0.09,,scenario_engine_v1
SCN_004,France FY Marketing OPEX Reduction,FORECAST,2015-11-01,Canada,Paseo,Government,SCENARIO,1716.2822265625,350.0,260.0,0.14,,scenario_engine_v1
SCN_004,France FY Marketing OPEX Reduction,FORECAST,2015-11-01,Canada,Paseo,Small Business,SCENARIO,1683.91845703125,300.0,250.0,0.11,,scenario_engine_v1
SCN_004,France FY Marketing OPEX Reduction,FORECAST,2015-11-01,Canada,VTT,Enterprise,SCENARIO,1762.6773681640625,125.0,120.0,0.1,,scenario_engine_v1
SCN_004,France FY Marketing OPEX Reduction,FORECAST,2015-11-01,Canada,Velo,Government,SCENARIO,1536.9473876953125,7.0,5.0,0.11,,scenario_engine_v1
SCN_004,France FY Marketing OPEX Reduction,FORECAST,2015-11-01,France,Amarilla,Government,SCENARIO,1485.8226318359375,20.0,10.0,0.02,,scenario_engine_v1
SCN_004,France FY Marketing OPEX Reduction,FORECAST,2015-11-01,France,Carretera,Midmarket,SCENARIO,1550.02099609375,15.0,10.0,0.08,,scenario_engine_v1
SCN_004,France FY Marketing OPEX Reduction,FORECAST,2015-11-01,France,Montana,Channel Partners,SCENARIO,1567.0443115234375,12.0,3.0,0.0699999999999999,,scenario_engine_v1
SCN_004,France FY Marketing OPEX Reduction,FORECAST,2015-11-01,France,Paseo,Government,SCENARIO,1667.053466796875,350.0,260.0,0.12,,scenario_engine_v1
SCN_004,France FY Marketing OPEX Reduction,FORECAST,2015-11-01,France,Paseo,Small Business,SCENARIO,1550.7578125,300.0,250.0,0.09,,scenario_engine_v1
SCN_004,France FY Marketing OPEX Reduction,FORECAST,2015-11-01,France,VTT,Enterprise,SCENARIO,1543.83203125,125.0,120.0,0.01,,scenario_engine_v1
SCN_004,France FY Marketing OPEX Reduction,FORECAST,2015-11-01,France,Velo,Government,SCENARIO,1482.3582763671875,7.0,5.0,0.0099999999999999,,scenario_engine_v1
SCN_004,France FY Marketing OPEX Reduction,FORECAST,2015-11-01,Germany,Amarilla,Government,SCENARIO,1530.690673828125,20.0,10.0,0.08,,scenario_engine_v1
SCN_004,France FY Marketing OPEX Reduction,FORECAST,2015-11-01,Germany,Carretera,Midmarket,SCENARIO,1426.15087890625,15.0,10.0,0.14,,scenario_engine_v1
SCN_004,France FY Marketing OPEX Reduction,FORECAST,2015-11-01,Germany,Montana,Channel Partners,SCENARIO,1382.7203369140625,12.0,3.0,0.05,,scenario_engine_v1
SCN_004,France FY Marketing OPEX Reduction,FORECAST,2015-11-01,Germany,Paseo,Government,SCENARIO,1533.0347900390625,350.0,260.0,0.13,,scenario_engine_v1
SCN_004,France FY Marketing OPEX Reduction,FORECAST,2015-11-01,Germany,Paseo,Small Business,SCENARIO,1500.7642822265625,300.0,250.0,0.12,,scenario_engine_v1
SCN_004,France FY Marketing OPEX Reduction,FORECAST,2015-11-01,Germany,VTT,Enterprise,SCENARIO,1684.26953125,125.0,120.0,0.15,,scenario_engine_v1
SCN_004,France FY Marketing OPEX Reduction,FORECAST,2015-11-01,Germany,Velo,Government,SCENARIO,1344.7498779296875,7.0,5.0,0.1,,scenario_engine_v1
SCN_004,France FY Marketing OPEX Reduction,FORECAST,2015-11-01,Mexico,Amarilla,Government,SCENARIO,1653.1343994140625,20.0,10.0,0.09,,scenario_engine_v1
SCN_004,France FY Marketing OPEX Reduction,FORECAST,2015-11-01,Mexico,Carretera,Midmarket,SCENARIO,1750.94189453125,15.0,10.0,0.05,,scenario_engine_v1
SCN_004,France FY Marketing OPEX Reduction,FORECAST,2015-11-01,Mexico,Montana,Channel Partners,SCENARIO,1556.523681640625,12.0,3.0,0.02,,scenario_engine_v1
SCN_004,France FY Marketing OPEX Reduction,FORECAST,2015-11-01,Mexico,Paseo,Government,SCENARIO,1548.33203125,350.0,260.0,0.12,,scenario_engine_v1
SCN_004,France FY Marketing OPEX Reduction,FORECAST,2015-11-01,Mexico,Paseo,Small Business,SCENARIO,1519.6719970703125,300.0,250.0,0.12,,scenario_engine_v1
SCN_004,France FY Marketing OPEX Reduction,FORECAST,2015-11-01,Mexico,VTT,Enterprise,SCENARIO,1591.84375,125.0,120.0,0.09,,scenario_engine_v1
SCN_004,France FY Marketing OPEX Reduction,FORECAST,2015-11-01,Mexico,Velo,Government,SCENARIO,1485.4681396484375,7.0,5.0,0.06,,scenario_engine_v1
SCN_004,France FY Marketing OPEX Reduction,FORECAST,2015-11-01,United States of America,Amarilla,Government,SCENARIO,1675.4595947265625,20.0,10.0,0.02,,scenario_engine_v1
SCN_004,France FY Marketing OPEX Reduction,FORECAST,2015-11-01,United States of America,Carretera,Midmarket,SCENARIO,1702.5616455078125,15.0,10.0,0.06,,scenario_engine_v1
SCN_004,France FY Marketing OPEX Reduction,FORECAST,2015-11-01,United States of America,Montana,Channel Partners,SCENARIO,1581.4344482421875,12.0,3.0,0.06,,scenario_engine_v1
SCN_004,France FY Marketing OPEX Reduction,FORECAST,2015-11-01,United States of America,Paseo,Government,SCENARIO,1621.481689453125,350.0,260.0,0.14,,scenario_engine_v1
SCN_004,France FY Marketing OPEX Reduction,FORECAST,2015-11-01,United States of America,Paseo,Small Business,SCENARIO,1574.950927734375,300.0,250.0,0.01,,scenario_engine_v1
SCN_004,France FY Marketing OPEX Reduction,FORECAST,2015-11-01,United States of America,VTT,Enterprise,SCENARIO,1585.2806396484375,125.0,120.0,0.12,,scenario_engine_v1
SCN_004,France FY Marketing OPEX Reduction,FORECAST,2015-11-01,United States of America,Velo,Government,SCENARIO,1462.6466064453125,7.0,5.0,0.0699999999999999,,scenario_engine_v1
SCN_004,France FY Marketing OPEX Reduction,FORECAST,2015-12-01,Canada,Amarilla,Small Business,SCENARIO,1483.2279052734375,300.0,250.0,0.02,,scenario_engine_v1
SCN_004,France FY Marketing OPEX Reduction,FORECAST,2015-12-01,Canada,Carretera,Government,SCENARIO,1853.9566650390625,350.0,260.0,0.02,,scenario_engine_v1
SCN_004,France FY Marketing OPEX Reduction,FORECAST,2015-12-01,Canada,Carretera,Midmarket,SCENARIO,1660.093994140625,15.0,10.0,0.14,,scenario_engine_v1
SCN_004,France FY Marketing OPEX Reduction,FORECAST,2015-12-01,Canada,Montana,Midmarket,SCENARIO,1953.82666015625,15.0,10.0,0.14,,scenario_engine_v1
SCN_004,France FY Marketing OPEX Reduction,FORECAST,2015-12-01,Canada,Paseo,Channel Partners,SCENARIO,1667.4337158203125,12.0,3.0,0.0499999999999999,,scenario_engine_v1
SCN_004,France FY Marketing OPEX Reduction,FORECAST,2015-12-01,Canada,Paseo,Enterprise,SCENARIO,1695.952392578125,125.0,120.0,0.02,,scenario_engine_v1
SCN_004,France FY Marketing OPEX Reduction,FORECAST,2015-12-01,Canada,Paseo,Government,SCENARIO,1561.5516357421875,221.57635467980296,162.70935960591132,0.0192974655402401,,scenario_engine_v1
SCN_004,France FY Marketing OPEX Reduction,FORECAST,2015-12-01,Canada,Paseo,Small Business,SCENARIO,1575.5537109375,300.0,250.0,0.02,,scenario_engine_v1
SCN_004,France FY Marketing OPEX Reduction,FORECAST,2015-12-01,Canada,VTT,Enterprise,SCENARIO,1699.8668212890625,125.0,120.0,0.02,,scenario_engine_v1
SCN_004,France FY Marketing OPEX Reduction,FORECAST,2015-12-01,Canada,VTT,Government,SCENARIO,1822.7825927734373,13.949396881435716,7.672844954398353,0.0163491795672164,,scenario_engine_v1
SCN_004,France FY Marketing OPEX Reduction,FORECAST,2015-12-01,Canada,Velo,Channel Partners,SCENARIO,1684.11767578125,12.0,3.0,0.0499999999999999,,scenario_engine_v1
SCN_004,France FY Marketing OPEX Reduction,FORECAST,2015-12-01,Canada,Velo,Government,SCENARIO,1735.011962890625,7.0,5.0,0.0699999999999999,,scenario_engine_v1
SCN_004,France FY Marketing OPEX Reduction,FORECAST,2015-12-01,France,Amarilla,Midmarket,SCENARIO,1357.44384765625,15.0,10.0,0.1,,scenario_engine_v1
SCN_004,France FY Marketing OPEX Reduction,FORECAST,2015-12-01,France,Amarilla,Small Business,SCENARIO,1727.012451171875,300.0,250.0,0.1,,scenario_engine_v1
SCN_004,France FY Marketing OPEX Reduction,FORECAST,2015-12-01,France,Carretera,Government,SCENARIO,1682.3629150390625,166.23416630762603,123.38108573890564,0.0109024193328918,,scenario_engine_v1
SCN_004,France FY Marketing OPEX Reduction,FORECAST,2015-12-01,France,Montana,Enterprise,SCENARIO,1789.5101318359375,125.0,120.0,0.03,,scenario_engine_v1
SCN_004,France FY Marketing OPEX Reduction,FORECAST,2015-12-01,France,Montana,Midmarket,SCENARIO,1902.2725830078125,15.0,10.0,0.1,,scenario_engine_v1
SCN_004,France FY Marketing OPEX Reduction,FORECAST,2015-12-01,France,Paseo,Channel Partners,SCENARIO,1637.7523193359375,12.0,3.0,0.02,,scenario_engine_v1
SCN_004,France FY Marketing OPEX Reduction,FORECAST,2015-12-01,France,Paseo,Enterprise,SCENARIO,1653.3892822265625,125.0,120.0,0.03,,scenario_engine_v1
SCN_004,France FY Marketing OPEX Reduction,FORECAST,2015-12-01,France,Paseo,Government,SCENARIO,1545.2374267578125,310.5024509803921,230.07761437908496,0.0110793174672086,,scenario_engine_v1
SCN_004,France FY Marketing OPEX Reduction,FORECAST,2015-12-01,France,VTT,Government,SCENARIO,1631.72705078125,8.370143884892085,5.526978417266187,0.0751837208302892,,scenario_engine_v1
SCN_004,France FY Marketing OPEX Reduction,FORECAST,2015-12-01,France,Velo,Channel Partners,SCENARIO,1644.1231689453125,12.0,3.0,0.02,,scenario_engine_v1
SCN_004,France FY Marketing OPEX Reduction,FORECAST,2015-12-01,France,Velo,Small Business,SCENARIO,1488.2236328125,300.0,250.0,0.1,,scenario_engine_v1
SCN_004,France FY Marketing OPEX Reduction,FORECAST,2015-12-01,Germany,Amarilla,Midmarket,SCENARIO,1667.8514404296875,15.0,10.0,0.08,,scenario_engine_v1
SCN_004,France FY Marketing OPEX Reduction,FORECAST,2015-12-01,Germany,Amarilla,Small Business,SCENARIO,1437.5279541015625,300.0,250.0,0.05,,scenario_engine_v1
SCN_004,France FY Marketing OPEX Reduction,FORECAST,2015-12-01,Germany,Carretera,Government,SCENARIO,1528.9599609375,296.43614054657,220.17847183491355,0.0005162649809034,,scenario_engine_v1
SCN_004,France FY Marketing OPEX Reduction,FORECAST,2015-12-01,Germany,Montana,Enterprise,SCENARIO,1568.3338623046875,125.0,120.0,0.03,,scenario_engine_v1
SCN_004,France FY Marketing OPEX Reduction,FORECAST,2015-12-01,Germany,Montana,Midmarket,SCENARIO,1873.7266845703125,15.0,10.0,0.08,,scenario_engine_v1
SCN_004,France FY Marketing OPEX Reduction,FORECAST,2015-12-01,Germany,Paseo,Channel Partners,SCENARIO,1144.5521240234375,12.0,3.0,0.13,,scenario_engine_v1
SCN_004,France FY Marketing OPEX Reduction,FORECAST,2015-12-01,Germany,Paseo,Enterprise,SCENARIO,1539.656494140625,125.0,120.0,0.03,,scenario_engine_v1
SCN_004,France FY Marketing OPEX Reduction,FORECAST,2015-12-01,Germany,Paseo,Government,SCENARIO,1541.1632080078125,184.02431011826545,134.26084099868595,0.0065594373136726,,scenario_engine_v1
SCN_004,France FY Marketing OPEX Reduction,FORECAST,2015-12-01,Germany,VTT,Government,SCENARIO,1590.6243896484375,17.990060739922694,9.226946438431806,0.1212031921424186,,scenario_engine_v1
SCN_004,France FY Marketing OPEX Reduction,FORECAST,2015-12-01,Germany,Velo,Channel Partners,SCENARIO,1562.3997802734375,12.0,3.0,0.13,,scenario_engine_v1
SCN_004,France FY Marketing OPEX Reduction,FORECAST,2015-12-01,Germany,Velo,Small Business,SCENARIO,1387.964599609375,300.0,250.0,0.05,,scenario_engine_v1
SCN_004,France FY Marketing OPEX Reduction,FORECAST,2015-12-01,Mexico,Amarilla,Midmarket,SCENARIO,1415.6099853515625,15.0,10.0,0.11,,scenario_engine_v1
SCN_004,France FY Marketing OPEX Reduction,FORECAST,2015-12-01,Mexico,Amarilla,Small Business,SCENARIO,1668.87744140625,300.0,250.0,0.08,,scenario_engine_v1
SCN_004,France FY Marketing OPEX Reduction,FORECAST,2015-12-01,Mexico,Carretera,Government,SCENARIO,1680.837646484375,255.09665427509293,189.445034519384,0.0800759242797394,,scenario_engine_v1
SCN_004,France FY Marketing OPEX Reduction,FORECAST,2015-12-01,Mexico,Montana,Enterprise,SCENARIO,1679.723388671875,125.0,120.0,0.04,,scenario_engine_v1
SCN_004,France FY Marketing OPEX Reduction,FORECAST,2015-12-01,Mexico,Montana,Midmarket,SCENARIO,1517.729248046875,15.0,10.0,0.11,,scenario_engine_v1
SCN_004,France FY Marketing OPEX Reduction,FORECAST,2015-12-01,Mexico,Paseo,Channel Partners,SCENARIO,1645.330078125,12.0,3.0,0.02,,scenario_engine_v1
SCN_004,France FY Marketing OPEX Reduction,FORECAST,2015-12-01,Mexico,Paseo,Enterprise,SCENARIO,1581.3499755859375,125.0,120.0,0.04,,scenario_engine_v1
SCN_004,France FY Marketing OPEX Reduction,FORECAST,2015-12-01,Mexico,Paseo,Government,SCENARIO,1391.2833251953125,193.2023121387284,141.21387283236993,0.0819674485399712,,scenario_engine_v1
SCN_004,France FY Marketing OPEX Reduction,FORECAST,2015-12-01,Mexico,VTT,Government,SCENARIO,1516.685302734375,16.13854047890536,8.514823261117446,0.116134878298654,,scenario_engine_v1
SCN_004,France FY Marketing OPEX Reduction,FORECAST,2015-12-01,Mexico,Velo,Channel Partners,SCENARIO,1617.0184326171875,12.0,3.0,0.02,,scenario_engine_v1
SCN_004,France FY Marketing OPEX Reduction,FORECAST,2015-12-01,Mexico,Velo,Small Business,SCENARIO,1451.947021484375,300.0,250.0,0.08,,scenario_engine_v1
SCN_004,France FY Marketing OPEX Reduction,FORECAST,2015-12-01,United States of America,Amarilla,Midmarket,SCENARIO,1955.309326171875,15.0,10.0,0.0,,scenario_engine_v1
SCN_004,France FY Marketing OPEX Reduction,FORECAST,2015-12-01,United States of America,Amarilla,Small Business,SCENARIO,1840.736328125,300.0,250.0,0.07,,scenario_engine_v1
SCN_004,France FY Marketing OPEX Reduction,FORECAST,2015-12-01,United States of America,Carretera,Government,SCENARIO,1877.6883544921875,118.35308056872036,87.78436018957346,0.0403994393833216,,scenario_engine_v1
SCN_004,France FY Marketing OPEX Reduction,FORECAST,2015-12-01,United States of America,Montana,Enterprise,SCENARIO,1833.1380615234373,125.0,120.0,0.09,,scenario_engine_v1
SCN_004,France FY Marketing OPEX Reduction,FORECAST,2015-12-01,United States of America,Montana,Midmarket,SCENARIO,1888.511474609375,15.0,10.0,0.0,,scenario_engine_v1
SCN_004,France FY Marketing OPEX Reduction,FORECAST,2015-12-01,United States of America,Paseo,Channel Partners,SCENARIO,1544.38525390625,12.0,3.0,0.15,,scenario_engine_v1
SCN_004,France FY Marketing OPEX Reduction,FORECAST,2015-12-01,United States of America,Paseo,Enterprise,SCENARIO,1463.5052490234375,125.0,120.0,0.09,,scenario_engine_v1
SCN_004,France FY Marketing OPEX Reduction,FORECAST,2015-12-01,United States of America,Paseo,Government,SCENARIO,1630.078857421875,50.78651685393258,33.3231188287368,0.0435706623759721,,scenario_engine_v1
SCN_004,France FY Marketing OPEX Reduction,FORECAST,2015-12-01,United States of America,VTT,Government,SCENARIO,1637.3359375,17.708011135168576,9.118465821218685,0.05,,scenario_engine_v1
SCN_004,France FY Marketing OPEX Reduction,FORECAST,2015-12-01,United States of America,Velo,Channel Partners,SCENARIO,1788.656494140625,12.0,3.0,0.15,,scenario_engine_v1
SCN_004,France FY Marketing OPEX Reduction,FORECAST,2015-12-01,United States of America,Velo,Small Business,SCENARIO,1787.2490234375,300.0,250.0,0.07,,scenario_engine_v1
